candidate,rank,mode,benchmark,seed,sketch_seed,error,gn_error,steps,cold_seconds,Gv,Hv
diagonal,0,fixed_0,Allen-Cahn,75,,0.0016478256462796122,0.24478447346058754,0,0.0033690999262034893,54,2
diagonal,0,fixed_0,Allen-Cahn,76,,0.0029112783478400343,0.1198920810829619,0,0.002531799953430891,58,2
diagonal,0,fixed_0,Allen-Cahn,77,,0.009332942350835987,0.39049687523095344,0,0.0020339000038802624,62,2
diagonal,0,fixed_0,Allen-Cahn,78,,0.0014656584046046973,0.28167797695039015,0,0.00155440007802099,60,2
diagonal,0,fixed_0,Allen-Cahn,79,,0.002874415417360489,0.46672331054507077,0,0.0036683999933302402,60,2
diagonal,0,fixed_0,Allen-Cahn,80,,0.0070305010990798274,0.36626326604464865,0,0.001526599982753396,56,2
diagonal,0,fixed_0,Allen-Cahn,82,,0.00922279983554665,0.15552413475285662,0,0.002906200010329485,64,2
diagonal,0,fixed_0,Allen-Cahn,83,,0.01294269891373847,0.21819187736901235,0,0.0019681999692693353,56,2
diagonal,0,fixed_0,Allen-Cahn,84,,0.0541163837140787,0.2785667026014691,0,0.0012583000352606177,62,2
diagonal,0,fixed_0,Burgers,55,,0.010072710497280481,0.0789616526557739,0,0.004487800062634051,98,2
diagonal,0,fixed_0,Burgers,56,,0.03212017968931063,0.09228635643654069,0,0.004514399915933609,94,2
diagonal,0,fixed_0,Burgers,58,,0.010509167972881582,0.014205395893809295,0,0.0033004999859258533,106,2
diagonal,0,fixed_0,Burgers,59,,0.0599441488213702,0.021715011005310245,0,0.006443499936722219,112,2
diagonal,0,fixed_0,Burgers,60,,0.008626625357286847,0.09673677812460832,0,0.004923200001940131,108,2
diagonal,0,fixed_0,Burgers,62,,0.019904348631842532,0.07110291928182814,0,0.005952499923296273,100,2
diagonal,0,fixed_0,Burgers,64,,0.047850171755864784,0.06994578374212969,0,0.004548800061456859,106,2
diagonal,0,fixed_0,Burgers,65,,0.018898221195743272,0.10054054391634194,0,0.003642499912530184,112,2
diagonal,0,fixed_0,Burgers,66,,0.022436324952560146,0.08431587631193634,0,0.004885700065642595,106,2
diagonal,0,fixed_0,Burgers,67,,0.0820673815922296,0.04202628008946151,0,0.00417250010650605,102,2
diagonal,0,fixed_0,Burgers,68,,0.01358726894184347,0.20705105792545012,0,0.0062722001457586884,104,2
diagonal,0,fixed_0,Burgers,69,,0.019567153664671055,0.05510791338425962,0,0.004355799988843501,100,2
diagonal,0,fixed_1,Allen-Cahn,75,,0.0016059655876691145,0.24478447346058754,1,0.003497399971820414,54,4
diagonal,0,fixed_1,Allen-Cahn,76,,0.0028662471338858444,0.1198920810829619,1,0.0026043999241665006,58,4
diagonal,0,fixed_1,Allen-Cahn,77,,0.009204720644950615,0.39049687523095344,1,0.0020671000238507986,62,4
diagonal,0,fixed_1,Allen-Cahn,78,,0.0012864398521329886,0.28167797695039015,1,0.0016740000573918223,60,4
diagonal,0,fixed_1,Allen-Cahn,79,,0.002582704698807585,0.46672331054507077,1,0.0037257999647408724,60,4
diagonal,0,fixed_1,Allen-Cahn,80,,0.00694223358822792,0.36626326604464865,1,0.001568299951031804,56,4
diagonal,0,fixed_1,Allen-Cahn,82,,0.008948584835561367,0.15552413475285662,1,0.0029766999650746584,64,4
diagonal,0,fixed_1,Allen-Cahn,83,,0.012832664611071826,0.21819187736901235,1,0.002018700004555285,56,4
diagonal,0,fixed_1,Allen-Cahn,84,,0.05404653370858374,0.2785667026014691,1,0.0012901000445708632,62,4
diagonal,0,fixed_1,Burgers,55,,0.009263327310206964,0.0789616526557739,1,0.004547700053080916,98,4
diagonal,0,fixed_1,Burgers,56,,0.03176803977010548,0.09228635643654069,1,0.004585199989378452,94,4
diagonal,0,fixed_1,Burgers,58,,0.010338956089533986,0.014205395893809295,1,0.0033343000104650855,106,4
diagonal,0,fixed_1,Burgers,59,,0.058221098374029494,0.021715011005310245,1,0.006522599956952035,112,4
diagonal,0,fixed_1,Burgers,60,,0.008248377420239686,0.09673677812460832,1,0.0049848000053316355,108,4
diagonal,0,fixed_1,Burgers,62,,0.019501133704616768,0.07110291928182814,1,0.006028899922966957,100,4
diagonal,0,fixed_1,Burgers,64,,0.047334110418950526,0.06994578374212969,1,0.004611000069417059,106,4
diagonal,0,fixed_1,Burgers,65,,0.01819056560244384,0.10054054391634194,1,0.003705199924297631,112,4
diagonal,0,fixed_1,Burgers,66,,0.02212745632451784,0.08431587631193634,1,0.0049449000507593155,106,4
diagonal,0,fixed_1,Burgers,67,,0.08114890148473466,0.04202628008946151,1,0.004232900100760162,102,4
diagonal,0,fixed_1,Burgers,68,,0.01300030668716748,0.20705105792545012,1,0.006345400121062994,104,4
diagonal,0,fixed_1,Burgers,69,,0.018974137045540358,0.05510791338425962,1,0.00441809999756515,100,4
diagonal,0,fixed_3,Allen-Cahn,75,,0.0015150854541553414,0.24478447346058754,3,0.0037083999486640096,54,8
diagonal,0,fixed_3,Allen-Cahn,76,,0.002836671492190157,0.1198920810829619,3,0.0027282999362796545,58,8
diagonal,0,fixed_3,Allen-Cahn,77,,0.009159499592308783,0.39049687523095344,3,0.0021170000545680523,62,8
diagonal,0,fixed_3,Allen-Cahn,78,,0.0012668763199655995,0.28167797695039015,3,0.0018365000141784549,60,8
diagonal,0,fixed_3,Allen-Cahn,79,,0.0025398408110910878,0.46672331054507077,3,0.0038514999905601144,60,8
diagonal,0,fixed_3,Allen-Cahn,80,,0.006767618873432696,0.36626326604464865,3,0.0016310999635607004,56,8
diagonal,0,fixed_3,Allen-Cahn,82,,0.00850482456250749,0.15552413475285662,3,0.003093100036494434,64,8
diagonal,0,fixed_3,Allen-Cahn,83,,0.012584912809452573,0.21819187736901235,3,0.0021071999799460173,56,8
diagonal,0,fixed_3,Allen-Cahn,84,,0.05399675572336174,0.2785667026014691,3,0.001339999958872795,62,8
diagonal,0,fixed_3,Burgers,55,,0.008544879526820004,0.0789616526557739,3,0.004644000087864697,98,8
diagonal,0,fixed_3,Burgers,56,,0.03151707387056029,0.09228635643654069,3,0.004700699937529862,94,8
diagonal,0,fixed_3,Burgers,58,,0.009957658768203257,0.014205395893809295,3,0.0033865999430418015,106,8
diagonal,0,fixed_3,Burgers,59,,0.0576242209064948,0.021715011005310245,3,0.006653099902905524,112,8
diagonal,0,fixed_3,Burgers,60,,0.007478860423828258,0.09673677812460832,3,0.005087199970148504,108,8
diagonal,0,fixed_3,Burgers,62,,0.01890503164029545,0.07110291928182814,3,0.006156899966299534,100,8
diagonal,0,fixed_3,Burgers,64,,0.04611235645984479,0.06994578374212969,3,0.0047082999954000115,106,8
diagonal,0,fixed_3,Burgers,65,,0.01732375030594387,0.10054054391634194,3,0.0038050999864935875,112,8
diagonal,0,fixed_3,Burgers,66,,0.02129873182383087,0.08431587631193634,3,0.005042299977503717,106,8
diagonal,0,fixed_3,Burgers,67,,0.08007014869624565,0.04202628008946151,3,0.004327700124122202,102,8
diagonal,0,fixed_3,Burgers,68,,0.01197776358994727,0.20705105792545012,3,0.00646440009586513,104,8
diagonal,0,fixed_3,Burgers,69,,0.018270670174517813,0.05510791338425962,3,0.004517899942584336,100,8
diagonal,0,fixed_5,Allen-Cahn,75,,0.0014806318865067279,0.24478447346058754,5,0.003910899977199733,54,12
diagonal,0,fixed_5,Allen-Cahn,76,,0.0027835254759825154,0.1198920810829619,5,0.002849099924787879,58,12
diagonal,0,fixed_5,Allen-Cahn,77,,0.00908872785582492,0.39049687523095344,5,0.0021687999833375216,62,12
diagonal,0,fixed_5,Allen-Cahn,78,,0.0012380125285632066,0.28167797695039015,5,0.00192760000936687,60,12
diagonal,0,fixed_5,Allen-Cahn,79,,0.0025203211211120343,0.46672331054507077,5,0.0039706999668851495,60,12
diagonal,0,fixed_5,Allen-Cahn,80,,0.006604641218382164,0.36626326604464865,5,0.001692199963144958,56,12
diagonal,0,fixed_5,Allen-Cahn,82,,0.008189075451469524,0.15552413475285662,5,0.0032020999351516366,64,12
diagonal,0,fixed_5,Allen-Cahn,83,,0.012136739848117886,0.21819187736901235,5,0.0022224000422284007,56,12
diagonal,0,fixed_5,Allen-Cahn,84,,0.05394294712198075,0.2785667026014691,5,0.0013882999774068594,62,12
diagonal,0,fixed_5,Burgers,55,,0.007429647467267366,0.0789616526557739,5,0.004752000095322728,98,12
diagonal,0,fixed_5,Burgers,56,,0.03099753283761642,0.09228635643654069,5,0.0048108999617397785,94,12
diagonal,0,fixed_5,Burgers,58,,0.0095741929230767,0.014205395893809295,5,0.0034362999722361565,106,12
diagonal,0,fixed_5,Burgers,59,,0.05667699723880815,0.021715011005310245,5,0.006779999937862158,112,12
diagonal,0,fixed_5,Burgers,60,,0.007061369216402143,0.09673677812460832,5,0.005210199975408614,108,12
diagonal,0,fixed_5,Burgers,62,,0.01802178548137319,0.07110291928182814,5,0.006299000000581145,100,12
diagonal,0,fixed_5,Burgers,64,,0.045254278547551145,0.06994578374212969,5,0.004802800016477704,106,12
diagonal,0,fixed_5,Burgers,65,,0.016854628339239723,0.10054054391634194,5,0.0038870000280439854,112,12
diagonal,0,fixed_5,Burgers,66,,0.020888807842780372,0.08431587631193634,5,0.00514120003208518,106,12
diagonal,0,fixed_5,Burgers,67,,0.07844177431257199,0.04202628008946151,5,0.0044209001353010535,102,12
diagonal,0,fixed_5,Burgers,68,,0.010988004863936637,0.20705105792545012,5,0.006581400171853602,104,12
diagonal,0,fixed_5,Burgers,69,,0.018029389618848722,0.05510791338425962,5,0.004617099999450147,100,12
diagonal,0,fixed_10,Allen-Cahn,75,,0.0013450014585759586,0.24478447346058754,10,0.004410999943502247,54,22
diagonal,0,fixed_10,Allen-Cahn,76,,0.002573333076880116,0.1198920810829619,10,0.0031501000048592687,58,22
diagonal,0,fixed_10,Allen-Cahn,77,,0.00872508825856787,0.39049687523095344,10,0.002290199976414442,62,22
diagonal,0,fixed_10,Allen-Cahn,78,,0.001125718402478943,0.28167797695039015,10,0.002165100071579218,60,22
diagonal,0,fixed_10,Allen-Cahn,79,,0.0024490647901862883,0.46672331054507077,10,0.004193700035102665,60,22
diagonal,0,fixed_10,Allen-Cahn,80,,0.0062289244200209115,0.36626326604464865,10,0.0019319000421091914,56,22
diagonal,0,fixed_10,Allen-Cahn,82,,0.007591958920022172,0.15552413475285662,10,0.0035543000558391213,64,22
diagonal,0,fixed_10,Allen-Cahn,83,,0.011265917442872316,0.21819187736901235,10,0.002433400019071996,56,22
diagonal,0,fixed_10,Allen-Cahn,84,,0.052140803725216844,0.2785667026014691,10,0.0015104999765753746,62,22
diagonal,0,fixed_10,Burgers,55,,0.005177588377424098,0.0789616526557739,10,0.004991800058633089,98,22
diagonal,0,fixed_10,Burgers,56,,0.02944439509007676,0.09228635643654069,10,0.005081499926745892,94,22
diagonal,0,fixed_10,Burgers,58,,0.008505240942223088,0.014205395893809295,10,0.003681899979710579,106,22
diagonal,0,fixed_10,Burgers,59,,0.05519623613454192,0.021715011005310245,10,0.007096499903127551,112,22
diagonal,0,fixed_10,Burgers,60,,0.006263438516244227,0.09673677812460832,10,0.005464899935759604,108,22
diagonal,0,fixed_10,Burgers,62,,0.015473078802361716,0.07110291928182814,10,0.006614699959754944,100,22
diagonal,0,fixed_10,Burgers,64,,0.04113235548176749,0.06994578374212969,10,0.0054021000396460295,106,22
diagonal,0,fixed_10,Burgers,65,,0.015081068463101135,0.10054054391634194,10,0.004091999959200621,112,22
diagonal,0,fixed_10,Burgers,66,,0.016710368321289124,0.08431587631193634,10,0.005380699993111193,106,22
diagonal,0,fixed_10,Burgers,67,,0.07692488830376873,0.04202628008946151,10,0.004640500177629292,102,22
diagonal,0,fixed_10,Burgers,68,,0.0068483917939317195,0.20705105792545012,10,0.006900400156155229,104,22
diagonal,0,fixed_10,Burgers,69,,0.016674342168996967,0.05510791338425962,10,0.004859899985603988,100,22
diagonal,0,adaptive,Allen-Cahn,75,,0.0016478256462796122,0.24478447346058754,0,0.0033690999262034893,54,2
diagonal,0,adaptive,Allen-Cahn,76,,0.0029112783478400343,0.1198920810829619,0,0.002531799953430891,58,2
diagonal,0,adaptive,Allen-Cahn,77,,0.009332942350835987,0.39049687523095344,0,0.0020339000038802624,62,2
diagonal,0,adaptive,Allen-Cahn,78,,0.0014656584046046973,0.28167797695039015,0,0.00155440007802099,60,2
diagonal,0,adaptive,Allen-Cahn,79,,0.002582704698807585,0.46672331054507077,1,0.0037257999647408724,60,4
diagonal,0,adaptive,Allen-Cahn,80,,0.0070305010990798274,0.36626326604464865,0,0.001526599982753396,56,2
diagonal,0,adaptive,Allen-Cahn,82,,0.00922279983554665,0.15552413475285662,0,0.002906200010329485,64,2
diagonal,0,adaptive,Allen-Cahn,83,,0.01294269891373847,0.21819187736901235,0,0.0019681999692693353,56,2
diagonal,0,adaptive,Allen-Cahn,84,,0.0541163837140787,0.2785667026014691,0,0.0012583000352606177,62,2
diagonal,0,adaptive,Burgers,55,,0.008994021800156205,0.0789616526557739,2,0.004595100064761937,98,6
diagonal,0,adaptive,Burgers,56,,0.03176803977010548,0.09228635643654069,1,0.004585199989378452,94,4
diagonal,0,adaptive,Burgers,58,,0.010509167972881582,0.014205395893809295,0,0.0033004999859258533,106,2
diagonal,0,adaptive,Burgers,59,,0.05797455277437116,0.021715011005310245,2,0.006588099990040064,112,6
diagonal,0,adaptive,Burgers,60,,0.007478860423828258,0.09673677812460832,3,0.005087199970148504,108,8
diagonal,0,adaptive,Burgers,62,,0.01890503164029545,0.07110291928182814,3,0.006156899966299534,100,8
diagonal,0,adaptive,Burgers,64,,0.045590542085370084,0.06994578374212969,4,0.004754599998705089,106,10
diagonal,0,adaptive,Burgers,65,,0.01705998436506059,0.10054054391634194,4,0.003845799947157502,112,10
diagonal,0,adaptive,Burgers,66,,0.02129873182383087,0.08431587631193634,3,0.005042299977503717,106,8
diagonal,0,adaptive,Burgers,67,,0.07844177431257199,0.04202628008946151,5,0.0044209001353010535,102,12
diagonal,0,adaptive,Burgers,68,,0.011480996321421523,0.20705105792545012,4,0.006522200186736882,104,10
diagonal,0,adaptive,Burgers,69,,0.01853160387968944,0.05510791338425962,2,0.0044686000328511,100,6
nystrom,4,fixed_0,Allen-Cahn,75,0,0.0016478256462796122,0.24478447346058754,0,0.002641600091010332,58,2
nystrom,4,fixed_0,Allen-Cahn,75,1,0.0016478256462796122,0.24478447346058754,0,0.0024177999002858996,58,2
nystrom,4,fixed_0,Allen-Cahn,75,2,0.0016478256462796122,0.24478447346058754,0,0.0028512999415397644,58,2
nystrom,4,fixed_0,Allen-Cahn,75,3,0.0016478256462796122,0.24478447346058754,0,0.0027704000240191817,58,2
nystrom,4,fixed_0,Allen-Cahn,75,4,0.0016478256462796122,0.24478447346058754,0,0.0026859999634325504,58,2
nystrom,4,fixed_0,Allen-Cahn,76,0,0.0029112783478400343,0.1198920810829619,0,0.0032290000235661864,62,2
nystrom,4,fixed_0,Allen-Cahn,76,1,0.0029112783478400343,0.1198920810829619,0,0.0019049999536946416,62,2
nystrom,4,fixed_0,Allen-Cahn,76,2,0.0029112783478400343,0.1198920810829619,0,0.002359100035391748,62,2
nystrom,4,fixed_0,Allen-Cahn,76,3,0.0029112783478400343,0.1198920810829619,0,0.0031132999574765563,62,2
nystrom,4,fixed_0,Allen-Cahn,76,4,0.0029112783478400343,0.1198920810829619,0,0.002578799962066114,62,2
nystrom,4,fixed_0,Allen-Cahn,77,0,0.009332942350835987,0.39049687523095344,0,0.002597699989564717,66,2
nystrom,4,fixed_0,Allen-Cahn,77,1,0.009332942350835987,0.39049687523095344,0,0.002561699948273599,66,2
nystrom,4,fixed_0,Allen-Cahn,77,2,0.009332942350835987,0.39049687523095344,0,0.002053000032901764,66,2
nystrom,4,fixed_0,Allen-Cahn,77,3,0.009332942350835987,0.39049687523095344,0,0.00229350000154227,66,2
nystrom,4,fixed_0,Allen-Cahn,77,4,0.009332942350835987,0.39049687523095344,0,0.002033699885942042,66,2
nystrom,4,fixed_0,Allen-Cahn,78,0,0.0014656584046046973,0.28167797695039015,0,0.002955600037239492,64,2
nystrom,4,fixed_0,Allen-Cahn,78,1,0.0014656584046046973,0.28167797695039015,0,0.0014949999749660492,64,2
nystrom,4,fixed_0,Allen-Cahn,78,2,0.0014656584046046973,0.28167797695039015,0,0.0023074999917298555,64,2
nystrom,4,fixed_0,Allen-Cahn,78,3,0.0014656584046046973,0.28167797695039015,0,0.0026298000011593103,64,2
nystrom,4,fixed_0,Allen-Cahn,78,4,0.0014656584046046973,0.28167797695039015,0,0.0024248999543488026,64,2
nystrom,4,fixed_0,Allen-Cahn,79,0,0.002874415417360489,0.46672331054507077,0,0.002284899936057627,64,2
nystrom,4,fixed_0,Allen-Cahn,79,1,0.002874415417360489,0.46672331054507077,0,0.002036100020632148,64,2
nystrom,4,fixed_0,Allen-Cahn,79,2,0.002874415417360489,0.46672331054507077,0,0.0022417999571189284,64,2
nystrom,4,fixed_0,Allen-Cahn,79,3,0.002874415417360489,0.46672331054507077,0,0.0025316999526694417,64,2
nystrom,4,fixed_0,Allen-Cahn,79,4,0.002874415417360489,0.46672331054507077,0,0.0026648000348359346,64,2
nystrom,4,fixed_0,Allen-Cahn,80,0,0.0070305010990798274,0.36626326604464865,0,0.0025674999924376607,60,2
nystrom,4,fixed_0,Allen-Cahn,80,1,0.0070305010990798274,0.36626326604464865,0,0.003269400098361075,60,2
nystrom,4,fixed_0,Allen-Cahn,80,2,0.0070305010990798274,0.36626326604464865,0,0.0027800999814644456,60,2
nystrom,4,fixed_0,Allen-Cahn,80,3,0.0070305010990798274,0.36626326604464865,0,0.003184199915267527,60,2
nystrom,4,fixed_0,Allen-Cahn,80,4,0.0070305010990798274,0.36626326604464865,0,0.0031462000915780663,60,2
nystrom,4,fixed_0,Allen-Cahn,82,0,0.00922279983554665,0.15552413475285662,0,0.003563000005669892,68,2
nystrom,4,fixed_0,Allen-Cahn,82,1,0.00922279983554665,0.15552413475285662,0,0.003440000000409782,68,2
nystrom,4,fixed_0,Allen-Cahn,82,2,0.00922279983554665,0.15552413475285662,0,0.0034289000323042274,68,2
nystrom,4,fixed_0,Allen-Cahn,82,3,0.00922279983554665,0.15552413475285662,0,0.0034214999759569764,68,2
nystrom,4,fixed_0,Allen-Cahn,82,4,0.00922279983554665,0.15552413475285662,0,0.004577799933031201,68,2
nystrom,4,fixed_0,Allen-Cahn,83,0,0.01294269891373847,0.21819187736901235,0,0.0015634000301361084,60,2
nystrom,4,fixed_0,Allen-Cahn,83,1,0.01294269891373847,0.21819187736901235,0,0.00220620003528893,60,2
nystrom,4,fixed_0,Allen-Cahn,83,2,0.01294269891373847,0.21819187736901235,0,0.0013330001384019852,60,2
nystrom,4,fixed_0,Allen-Cahn,83,3,0.01294269891373847,0.21819187736901235,0,0.0020404000533744693,60,2
nystrom,4,fixed_0,Allen-Cahn,83,4,0.01294269891373847,0.21819187736901235,0,0.0024511999217793345,60,2
nystrom,4,fixed_0,Allen-Cahn,84,0,0.0541163837140787,0.2785667026014691,0,0.0025739000411704183,66,2
nystrom,4,fixed_0,Allen-Cahn,84,1,0.0541163837140787,0.2785667026014691,0,0.002568199997767806,66,2
nystrom,4,fixed_0,Allen-Cahn,84,2,0.0541163837140787,0.2785667026014691,0,0.001604399993084371,66,2
nystrom,4,fixed_0,Allen-Cahn,84,3,0.0541163837140787,0.2785667026014691,0,0.0026033000322058797,66,2
nystrom,4,fixed_0,Allen-Cahn,84,4,0.0541163837140787,0.2785667026014691,0,0.0014258000301197171,66,2
nystrom,4,fixed_0,Burgers,55,0,0.010072710497280481,0.0789616526557739,0,0.004820400150492787,102,2
nystrom,4,fixed_0,Burgers,55,1,0.010072710497280481,0.0789616526557739,0,0.0037423999747261405,102,2
nystrom,4,fixed_0,Burgers,55,2,0.010072710497280481,0.0789616526557739,0,0.00516790000256151,102,2
nystrom,4,fixed_0,Burgers,55,3,0.010072710497280481,0.0789616526557739,0,0.00435439997818321,102,2
nystrom,4,fixed_0,Burgers,55,4,0.010072710497280481,0.0789616526557739,0,0.003098399960435927,102,2
nystrom,4,fixed_0,Burgers,56,0,0.03212017968931063,0.09228635643654069,0,0.004599900101311505,98,2
nystrom,4,fixed_0,Burgers,56,1,0.03212017968931063,0.09228635643654069,0,0.005401599919423461,98,2
nystrom,4,fixed_0,Burgers,56,2,0.03212017968931063,0.09228635643654069,0,0.005266099935397506,98,2
nystrom,4,fixed_0,Burgers,56,3,0.03212017968931063,0.09228635643654069,0,0.005009399959817529,98,2
nystrom,4,fixed_0,Burgers,56,4,0.03212017968931063,0.09228635643654069,0,0.0053001000778749585,98,2
nystrom,4,fixed_0,Burgers,58,0,0.010509167972881582,0.014205395893809295,0,0.004185799974948168,110,2
nystrom,4,fixed_0,Burgers,58,1,0.010509167972881582,0.014205395893809295,0,0.004013799945823848,110,2
nystrom,4,fixed_0,Burgers,58,2,0.010509167972881582,0.014205395893809295,0,0.004576000035740435,110,2
nystrom,4,fixed_0,Burgers,58,3,0.010509167972881582,0.014205395893809295,0,0.003943399991840124,110,2
nystrom,4,fixed_0,Burgers,58,4,0.010509167972881582,0.014205395893809295,0,0.004376400029286742,110,2
nystrom,4,fixed_0,Burgers,59,0,0.0599441488213702,0.021715011005310245,0,0.006915399921126664,116,2
nystrom,4,fixed_0,Burgers,59,1,0.0599441488213702,0.021715011005310245,0,0.007442900096066296,116,2
nystrom,4,fixed_0,Burgers,59,2,0.0599441488213702,0.021715011005310245,0,0.007148600067012012,116,2
nystrom,4,fixed_0,Burgers,59,3,0.0599441488213702,0.021715011005310245,0,0.0057094000512734056,116,2
nystrom,4,fixed_0,Burgers,59,4,0.0599441488213702,0.021715011005310245,0,0.008048500050790608,116,2
nystrom,4,fixed_0,Burgers,60,0,0.008626625357286847,0.09673677812460832,0,0.004806999932043254,112,2
nystrom,4,fixed_0,Burgers,60,1,0.008626625357286847,0.09673677812460832,0,0.005386699922382832,112,2
nystrom,4,fixed_0,Burgers,60,2,0.008626625357286847,0.09673677812460832,0,0.0054703999776393175,112,2
nystrom,4,fixed_0,Burgers,60,3,0.008626625357286847,0.09673677812460832,0,0.004302100045606494,112,2
nystrom,4,fixed_0,Burgers,60,4,0.008626625357286847,0.09673677812460832,0,0.005569299915805459,112,2
nystrom,4,fixed_0,Burgers,62,0,0.019904348631842532,0.07110291928182814,0,0.006181999924592674,104,2
nystrom,4,fixed_0,Burgers,62,1,0.019904348631842532,0.07110291928182814,0,0.006928499904461205,104,2
nystrom,4,fixed_0,Burgers,62,2,0.019904348631842532,0.07110291928182814,0,0.004930000170134008,104,2
nystrom,4,fixed_0,Burgers,62,3,0.019904348631842532,0.07110291928182814,0,0.004250799887813628,104,2
nystrom,4,fixed_0,Burgers,62,4,0.019904348631842532,0.07110291928182814,0,0.005230200011283159,104,2
nystrom,4,fixed_0,Burgers,64,0,0.047850171755864784,0.06994578374212969,0,0.00426560000050813,110,2
nystrom,4,fixed_0,Burgers,64,1,0.047850171755864784,0.06994578374212969,0,0.00379869993776083,110,2
nystrom,4,fixed_0,Burgers,64,2,0.047850171755864784,0.06994578374212969,0,0.004974600044079125,110,2
nystrom,4,fixed_0,Burgers,64,3,0.047850171755864784,0.06994578374212969,0,0.005829300032928586,110,2
nystrom,4,fixed_0,Burgers,64,4,0.047850171755864784,0.06994578374212969,0,0.005160799948498607,110,2
nystrom,4,fixed_0,Burgers,65,0,0.018898221195743272,0.10054054391634194,0,0.00508810009341687,116,2
nystrom,4,fixed_0,Burgers,65,1,0.018898221195743272,0.10054054391634194,0,0.005733200116083026,116,2
nystrom,4,fixed_0,Burgers,65,2,0.018898221195743272,0.10054054391634194,0,0.005143800168298185,116,2
nystrom,4,fixed_0,Burgers,65,3,0.018898221195743272,0.10054054391634194,0,0.00432169996201992,116,2
nystrom,4,fixed_0,Burgers,65,4,0.018898221195743272,0.10054054391634194,0,0.005818300065584481,116,2
nystrom,4,fixed_0,Burgers,66,0,0.022436324952560146,0.08431587631193634,0,0.005204400047659874,110,2
nystrom,4,fixed_0,Burgers,66,1,0.022436324952560146,0.08431587631193634,0,0.004574800026603043,110,2
nystrom,4,fixed_0,Burgers,66,2,0.022436324952560146,0.08431587631193634,0,0.005081900046207011,110,2
nystrom,4,fixed_0,Burgers,66,3,0.022436324952560146,0.08431587631193634,0,0.006021899986080825,110,2
nystrom,4,fixed_0,Burgers,66,4,0.022436324952560146,0.08431587631193634,0,0.0037251999601721764,110,2
nystrom,4,fixed_0,Burgers,67,0,0.0820673815922296,0.04202628008946151,0,0.004044999950565398,106,2
nystrom,4,fixed_0,Burgers,67,1,0.0820673815922296,0.04202628008946151,0,0.004773600026965141,106,2
nystrom,4,fixed_0,Burgers,67,2,0.0820673815922296,0.04202628008946151,0,0.005020499927923083,106,2
nystrom,4,fixed_0,Burgers,67,3,0.0820673815922296,0.04202628008946151,0,0.004732999950647354,106,2
nystrom,4,fixed_0,Burgers,67,4,0.0820673815922296,0.04202628008946151,0,0.0040216000052168965,106,2
nystrom,4,fixed_0,Burgers,68,0,0.01358726894184347,0.20705105792545012,0,0.007112799910828471,108,2
nystrom,4,fixed_0,Burgers,68,1,0.01358726894184347,0.20705105792545012,0,0.007906100014224648,108,2
nystrom,4,fixed_0,Burgers,68,2,0.01358726894184347,0.20705105792545012,0,0.007190500036813319,108,2
nystrom,4,fixed_0,Burgers,68,3,0.01358726894184347,0.20705105792545012,0,0.007919800118543208,108,2
nystrom,4,fixed_0,Burgers,68,4,0.01358726894184347,0.20705105792545012,0,0.007139399996958673,108,2
nystrom,4,fixed_0,Burgers,69,0,0.019567153664671055,0.05510791338425962,0,0.004967999993823469,104,2
nystrom,4,fixed_0,Burgers,69,1,0.019567153664671055,0.05510791338425962,0,0.00460640003439039,104,2
nystrom,4,fixed_0,Burgers,69,2,0.019567153664671055,0.05510791338425962,0,0.003974099992774427,104,2
nystrom,4,fixed_0,Burgers,69,3,0.019567153664671055,0.05510791338425962,0,0.004502000054344535,104,2
nystrom,4,fixed_0,Burgers,69,4,0.019567153664671055,0.05510791338425962,0,0.003803999978117645,104,2
nystrom,4,fixed_1,Allen-Cahn,75,0,0.0016206025388967361,0.24478447346058754,1,0.002743600052781403,58,4
nystrom,4,fixed_1,Allen-Cahn,75,1,0.001561426372512901,0.24478447346058754,1,0.0024840999394655228,58,4
nystrom,4,fixed_1,Allen-Cahn,75,2,0.0016220240387715534,0.24478447346058754,1,0.0029480999801307917,58,4
nystrom,4,fixed_1,Allen-Cahn,75,3,0.0015776435993873268,0.24478447346058754,1,0.002879899926483631,58,4
nystrom,4,fixed_1,Allen-Cahn,75,4,0.0015404362649595374,0.24478447346058754,1,0.0027900999411940575,58,4
nystrom,4,fixed_1,Allen-Cahn,76,0,0.0028893192237999825,0.1198920810829619,1,0.003287400002591312,62,4
nystrom,4,fixed_1,Allen-Cahn,76,1,0.0029004524474951724,0.1198920810829619,1,0.0019629999296739697,62,4
nystrom,4,fixed_1,Allen-Cahn,76,2,0.002906976363098196,0.1198920810829619,1,0.002417700015939772,62,4
nystrom,4,fixed_1,Allen-Cahn,76,3,0.0028939458872975056,0.1198920810829619,1,0.0032194999512284994,62,4
nystrom,4,fixed_1,Allen-Cahn,76,4,0.002885238291109664,0.1198920810829619,1,0.002691399888135493,62,4
nystrom,4,fixed_1,Allen-Cahn,77,0,0.00923948404093244,0.39049687523095344,1,0.0026783000212162733,66,4
nystrom,4,fixed_1,Allen-Cahn,77,1,0.009290016241091131,0.39049687523095344,1,0.0026456998893991113,66,4
nystrom,4,fixed_1,Allen-Cahn,77,2,0.009228719707349375,0.39049687523095344,1,0.002130500040948391,66,4
nystrom,4,fixed_1,Allen-Cahn,77,3,0.00927913139602235,0.39049687523095344,1,0.0023459000512957573,66,4
nystrom,4,fixed_1,Allen-Cahn,77,4,0.009203086858194872,0.39049687523095344,1,0.002170399879105389,66,4
nystrom,4,fixed_1,Allen-Cahn,78,0,0.0013475324393347754,0.28167797695039015,1,0.003041599993593991,64,4
nystrom,4,fixed_1,Allen-Cahn,78,1,0.0014414178105132988,0.28167797695039015,1,0.0015430999919772148,64,4
nystrom,4,fixed_1,Allen-Cahn,78,2,0.001423268067679266,0.28167797695039015,1,0.002390700043179095,64,4
nystrom,4,fixed_1,Allen-Cahn,78,3,0.0014164355974134043,0.28167797695039015,1,0.002786099910736084,64,4
nystrom,4,fixed_1,Allen-Cahn,78,4,0.0013833748166344232,0.28167797695039015,1,0.002509000012651086,64,4
nystrom,4,fixed_1,Allen-Cahn,79,0,0.002777640418935653,0.46672331054507077,1,0.0023612999357283115,64,4
nystrom,4,fixed_1,Allen-Cahn,79,1,0.0027164777869442837,0.46672331054507077,1,0.0021563000045716763,64,4
nystrom,4,fixed_1,Allen-Cahn,79,2,0.0027383194435270384,0.46672331054507077,1,0.0022896999726071954,64,4
nystrom,4,fixed_1,Allen-Cahn,79,3,0.002716695862747228,0.46672331054507077,1,0.0026154000079259276,64,4
nystrom,4,fixed_1,Allen-Cahn,79,4,0.002703309012921454,0.46672331054507077,1,0.0027944999746978283,64,4
nystrom,4,fixed_1,Allen-Cahn,80,0,0.0068430033000567,0.36626326604464865,1,0.002646000008098781,60,4
nystrom,4,fixed_1,Allen-Cahn,80,1,0.006959362109738655,0.36626326604464865,1,0.0033598000882193446,60,4
nystrom,4,fixed_1,Allen-Cahn,80,2,0.006923911268070652,0.36626326604464865,1,0.0028800000436604023,60,4
nystrom,4,fixed_1,Allen-Cahn,80,3,0.006947148895386546,0.36626326604464865,1,0.0032972999615594745,60,4
nystrom,4,fixed_1,Allen-Cahn,80,4,0.006895685980298889,0.36626326604464865,1,0.0032539000967517495,60,4
nystrom,4,fixed_1,Allen-Cahn,82,0,0.009137074189914688,0.15552413475285662,1,0.003673700033687055,68,4
nystrom,4,fixed_1,Allen-Cahn,82,1,0.009018549236627389,0.15552413475285662,1,0.003547700005583465,68,4
nystrom,4,fixed_1,Allen-Cahn,82,2,0.009178879922284455,0.15552413475285662,1,0.003539299941621721,68,4
nystrom,4,fixed_1,Allen-Cahn,82,3,0.00896741811058511,0.15552413475285662,1,0.0034818999702110887,68,4
nystrom,4,fixed_1,Allen-Cahn,82,4,0.00905390106320395,0.15552413475285662,1,0.0046845999313518405,68,4
nystrom,4,fixed_1,Allen-Cahn,83,0,0.012831084434218602,0.21819187736901235,1,0.0016804999904707074,60,4
nystrom,4,fixed_1,Allen-Cahn,83,1,0.012893728458147341,0.21819187736901235,1,0.0022836000425741076,60,4
nystrom,4,fixed_1,Allen-Cahn,83,2,0.012888947236839936,0.21819187736901235,1,0.001377600128762424,60,4
nystrom,4,fixed_1,Allen-Cahn,83,3,0.012818701890088935,0.21819187736901235,1,0.0020890000741928816,60,4
nystrom,4,fixed_1,Allen-Cahn,83,4,0.012868251138745073,0.21819187736901235,1,0.002536299987696111,60,4
nystrom,4,fixed_1,Allen-Cahn,84,0,0.05407221650386111,0.2785667026014691,1,0.0026568000903353095,66,4
nystrom,4,fixed_1,Allen-Cahn,84,1,0.054066949942590335,0.2785667026014691,1,0.0026534999487921596,66,4
nystrom,4,fixed_1,Allen-Cahn,84,2,0.0540807409280184,0.2785667026014691,1,0.0018987999064847827,66,4
nystrom,4,fixed_1,Allen-Cahn,84,3,0.05403137755821146,0.2785667026014691,1,0.002686999971047044,66,4
nystrom,4,fixed_1,Allen-Cahn,84,4,0.054071477548510424,0.2785667026014691,1,0.0014702000189572573,66,4
nystrom,4,fixed_1,Burgers,55,0,0.009956988365421,0.0789616526557739,1,0.004901800071820617,102,4
nystrom,4,fixed_1,Burgers,55,1,0.009655340908606454,0.0789616526557739,1,0.0037903999909758568,102,4
nystrom,4,fixed_1,Burgers,55,2,0.009907970665040703,0.0789616526557739,1,0.0052461999002844095,102,4
nystrom,4,fixed_1,Burgers,55,3,0.009807580827245258,0.0789616526557739,1,0.004403200000524521,102,4
nystrom,4,fixed_1,Burgers,55,4,0.009763107506451712,0.0789616526557739,1,0.003187500056810677,102,4
nystrom,4,fixed_1,Burgers,56,0,0.0320140208268108,0.09228635643654069,1,0.004660900100134313,98,4
nystrom,4,fixed_1,Burgers,56,1,0.0320188260521561,0.09228635643654069,1,0.005465199938043952,98,4
nystrom,4,fixed_1,Burgers,56,2,0.03202639434794152,0.09228635643654069,1,0.005342999938875437,98,4
nystrom,4,fixed_1,Burgers,56,3,0.03207247841013642,0.09228635643654069,1,0.0050870999693870544,98,4
nystrom,4,fixed_1,Burgers,56,4,0.03197796239231947,0.09228635643654069,1,0.005378299974836409,98,4
nystrom,4,fixed_1,Burgers,58,0,0.010271567349127307,0.014205395893809295,1,0.004233499988913536,110,4
nystrom,4,fixed_1,Burgers,58,1,0.010289699661313536,0.014205395893809295,1,0.004115700023248792,110,4
nystrom,4,fixed_1,Burgers,58,2,0.010290633157370811,0.014205395893809295,1,0.00465959997382015,110,4
nystrom,4,fixed_1,Burgers,58,3,0.010284059933827831,0.014205395893809295,1,0.004031200078316033,110,4
nystrom,4,fixed_1,Burgers,58,4,0.010300494600158682,0.014205395893809295,1,0.004466800019145012,110,4
nystrom,4,fixed_1,Burgers,59,0,0.05888982920486871,0.021715011005310245,1,0.006979999947361648,116,4
nystrom,4,fixed_1,Burgers,59,1,0.058835808272649164,0.021715011005310245,1,0.007554300129413605,116,4
nystrom,4,fixed_1,Burgers,59,2,0.05849885886267701,0.021715011005310245,1,0.00726129999384284,116,4
nystrom,4,fixed_1,Burgers,59,3,0.05844507085535602,0.021715011005310245,1,0.0058212000876665115,116,4
nystrom,4,fixed_1,Burgers,59,4,0.05925866552383738,0.021715011005310245,1,0.008117199991829693,116,4
nystrom,4,fixed_1,Burgers,60,0,0.008091865123182716,0.09673677812460832,1,0.004883899935521185,112,4
nystrom,4,fixed_1,Burgers,60,1,0.008096866426245167,0.09673677812460832,1,0.005433799931779504,112,4
nystrom,4,fixed_1,Burgers,60,2,0.008208895904409185,0.09673677812460832,1,0.005586499930359423,112,4
nystrom,4,fixed_1,Burgers,60,3,0.007974416892832029,0.09673677812460832,1,0.004351000068709254,112,4
nystrom,4,fixed_1,Burgers,60,4,0.007868962135322715,0.09673677812460832,1,0.00565379997715354,112,4
nystrom,4,fixed_1,Burgers,62,0,0.01959954533687146,0.07110291928182814,1,0.006294499966315925,104,4
nystrom,4,fixed_1,Burgers,62,1,0.019683367186335038,0.07110291928182814,1,0.00713679997716099,104,4
nystrom,4,fixed_1,Burgers,62,2,0.019713864069123253,0.07110291928182814,1,0.004995300201699138,104,4
nystrom,4,fixed_1,Burgers,62,3,0.01969979228035159,0.07110291928182814,1,0.0044272999512031674,104,4
nystrom,4,fixed_1,Burgers,62,4,0.019662404902263723,0.07110291928182814,1,0.0053391000255942345,104,4
nystrom,4,fixed_1,Burgers,64,0,0.04723554177107854,0.06994578374212969,1,0.004316800041124225,110,4
nystrom,4,fixed_1,Burgers,64,1,0.04760598717133849,0.06994578374212969,1,0.003851399989798665,110,4
nystrom,4,fixed_1,Burgers,64,2,0.047729244175993564,0.06994578374212969,1,0.005045800004154444,110,4
nystrom,4,fixed_1,Burgers,64,3,0.04775962988069521,0.06994578374212969,1,0.005912099964916706,110,4
nystrom,4,fixed_1,Burgers,64,4,0.04780341008660754,0.06994578374212969,1,0.005238999961875379,110,4
nystrom,4,fixed_1,Burgers,65,0,0.018370912269581503,0.10054054391634194,1,0.005167600116692483,116,4
nystrom,4,fixed_1,Burgers,65,1,0.018441158549315294,0.10054054391634194,1,0.005813900148496032,116,4
nystrom,4,fixed_1,Burgers,65,2,0.01871619937905245,0.10054054391634194,1,0.005244700121693313,116,4
nystrom,4,fixed_1,Burgers,65,3,0.018388428626855264,0.10054054391634194,1,0.004371699993498623,116,4
nystrom,4,fixed_1,Burgers,65,4,0.01862814427252058,0.10054054391634194,1,0.005922700162045658,116,4
nystrom,4,fixed_1,Burgers,66,0,0.022127263826724024,0.08431587631193634,1,0.0052862000884488225,110,4
nystrom,4,fixed_1,Burgers,66,1,0.022246095439293533,0.08431587631193634,1,0.004623200045898557,110,4
nystrom,4,fixed_1,Burgers,66,2,0.02210971354542487,0.08431587631193634,1,0.005203800043091178,110,4
nystrom,4,fixed_1,Burgers,66,3,0.022134225989154394,0.08431587631193634,1,0.006147000007331371,110,4
nystrom,4,fixed_1,Burgers,66,4,0.022315934088140435,0.08431587631193634,1,0.0037739999825134873,110,4
nystrom,4,fixed_1,Burgers,67,0,0.08165010649092794,0.04202628008946151,1,0.004103499930351973,106,4
nystrom,4,fixed_1,Burgers,67,1,0.0817502930592255,0.04202628008946151,1,0.004851400037296116,106,4
nystrom,4,fixed_1,Burgers,67,2,0.08170624187000342,0.04202628008946151,1,0.005103999981656671,106,4
nystrom,4,fixed_1,Burgers,67,3,0.08155719969809971,0.04202628008946151,1,0.004815299995243549,106,4
nystrom,4,fixed_1,Burgers,67,4,0.0815292259562923,0.04202628008946151,1,0.0041111999889835715,106,4
nystrom,4,fixed_1,Burgers,68,0,0.013062841323682826,0.20705105792545012,1,0.007223599939607084,108,4
nystrom,4,fixed_1,Burgers,68,1,0.01327443325068704,0.20705105792545012,1,0.008026700001209974,108,4
nystrom,4,fixed_1,Burgers,68,2,0.013114539751377063,0.20705105792545012,1,0.007309800013899803,108,4
nystrom,4,fixed_1,Burgers,68,3,0.013091060593460676,0.20705105792545012,1,0.0081312000984326,108,4
nystrom,4,fixed_1,Burgers,68,4,0.013265583985374684,0.20705105792545012,1,0.007249899907037616,108,4
nystrom,4,fixed_1,Burgers,69,0,0.019319927807613543,0.05510791338425962,1,0.00505209993571043,104,4
nystrom,4,fixed_1,Burgers,69,1,0.01947710269529146,0.05510791338425962,1,0.004655800061300397,104,4
nystrom,4,fixed_1,Burgers,69,2,0.01932792031613934,0.05510791338425962,1,0.00406549999024719,104,4
nystrom,4,fixed_1,Burgers,69,3,0.019498115753305595,0.05510791338425962,1,0.0046394000528380275,104,4
nystrom,4,fixed_1,Burgers,69,4,0.019317810383843125,0.05510791338425962,1,0.003855799906887114,104,4
nystrom,4,fixed_3,Allen-Cahn,75,0,0.0015656132326378543,0.24478447346058754,3,0.0029108000453561544,58,8
nystrom,4,fixed_3,Allen-Cahn,75,1,0.0015274113834821204,0.24478447346058754,3,0.0025936999591067433,58,8
nystrom,4,fixed_3,Allen-Cahn,75,2,0.0015844182751599638,0.24478447346058754,3,0.0031196000054478645,58,8
nystrom,4,fixed_3,Allen-Cahn,75,3,0.0015154181923693207,0.24478447346058754,3,0.0030721999937668443,58,8
nystrom,4,fixed_3,Allen-Cahn,75,4,0.0015093246808573666,0.24478447346058754,3,0.002989299944601953,58,8
nystrom,4,fixed_3,Allen-Cahn,76,0,0.002851587490847686,0.1198920810829619,3,0.0033863999415189028,62,8
nystrom,4,fixed_3,Allen-Cahn,76,1,0.0028559828176866597,0.1198920810829619,3,0.002089399960823357,62,8
nystrom,4,fixed_3,Allen-Cahn,76,2,0.002865881912230522,0.1198920810829619,3,0.002516800072044134,62,8
nystrom,4,fixed_3,Allen-Cahn,76,3,0.0028489496013735555,0.1198920810829619,3,0.003410200006328523,62,8
nystrom,4,fixed_3,Allen-Cahn,76,4,0.0028384548407205438,0.1198920810829619,3,0.002962099970318377,62,8
nystrom,4,fixed_3,Allen-Cahn,77,0,0.009102100428149539,0.39049687523095344,3,0.0028233000775799155,66,8
nystrom,4,fixed_3,Allen-Cahn,77,1,0.009227712909609309,0.39049687523095344,3,0.002797599881887436,66,8
nystrom,4,fixed_3,Allen-Cahn,77,2,0.009128749513658455,0.39049687523095344,3,0.0022386000491678715,66,8
nystrom,4,fixed_3,Allen-Cahn,77,3,0.00920216280335851,0.39049687523095344,3,0.0024307999992743134,66,8
nystrom,4,fixed_3,Allen-Cahn,77,4,0.00908724767620098,0.39049687523095344,3,0.002401599893346429,66,8
nystrom,4,fixed_3,Allen-Cahn,78,0,0.0012968120066233723,0.28167797695039015,3,0.003180300001986325,64,8
nystrom,4,fixed_3,Allen-Cahn,78,1,0.0013986258404534617,0.28167797695039015,3,0.0016235000221058726,64,8
nystrom,4,fixed_3,Allen-Cahn,78,2,0.0013782318287076704,0.28167797695039015,3,0.0025186999700963497,64,8
nystrom,4,fixed_3,Allen-Cahn,78,3,0.0013382963386550967,0.28167797695039015,3,0.002937600016593933,64,8
nystrom,4,fixed_3,Allen-Cahn,78,4,0.0013126109751812598,0.28167797695039015,3,0.0030992000829428434,64,8
nystrom,4,fixed_3,Allen-Cahn,79,0,0.002741715831127775,0.46672331054507077,3,0.0024924000026658177,64,8
nystrom,4,fixed_3,Allen-Cahn,79,1,0.0026668001725367986,0.46672331054507077,3,0.002388100023381412,64,8
nystrom,4,fixed_3,Allen-Cahn,79,2,0.002668634372501718,0.46672331054507077,3,0.0023660999722778797,64,8
nystrom,4,fixed_3,Allen-Cahn,79,3,0.002590870940679266,0.46672331054507077,3,0.002767800004221499,64,8
nystrom,4,fixed_3,Allen-Cahn,79,4,0.0026585862963168293,0.46672331054507077,3,0.0029646999901160598,64,8
nystrom,4,fixed_3,Allen-Cahn,80,0,0.0065814052133235665,0.36626326604464865,3,0.002773400046862662,60,8
nystrom,4,fixed_3,Allen-Cahn,80,1,0.006628951420294383,0.36626326604464865,3,0.003490400151349604,60,8
nystrom,4,fixed_3,Allen-Cahn,80,2,0.006530555621587299,0.36626326604464865,3,0.0030595000134781003,60,8
nystrom,4,fixed_3,Allen-Cahn,80,3,0.006628022232464284,0.36626326604464865,3,0.003499199985526502,60,8
nystrom,4,fixed_3,Allen-Cahn,80,4,0.0065613014002114944,0.36626326604464865,3,0.00342730013653636,60,8
nystrom,4,fixed_3,Allen-Cahn,82,0,0.008423129208066654,0.15552413475285662,3,0.0038435000460594893,68,8
nystrom,4,fixed_3,Allen-Cahn,82,1,0.008269221745502821,0.15552413475285662,3,0.003754399949684739,68,8
nystrom,4,fixed_3,Allen-Cahn,82,2,0.008302853102997023,0.15552413475285662,3,0.0037399999564513564,68,8
nystrom,4,fixed_3,Allen-Cahn,82,3,0.008184808583048703,0.15552413475285662,3,0.0035809000255540013,68,8
nystrom,4,fixed_3,Allen-Cahn,82,4,0.008514496988584676,0.15552413475285662,3,0.0048516999231651425,68,8
nystrom,4,fixed_3,Allen-Cahn,83,0,0.012696209221763467,0.21819187736901235,3,0.0018352000042796135,60,8
nystrom,4,fixed_3,Allen-Cahn,83,1,0.01280617182126693,0.21819187736901235,3,0.0024148999946191907,60,8
nystrom,4,fixed_3,Allen-Cahn,83,2,0.012782693392599855,0.21819187736901235,3,0.0014544001314789057,60,8
nystrom,4,fixed_3,Allen-Cahn,83,3,0.012695375672007878,0.21819187736901235,3,0.0021825000876560807,60,8
nystrom,4,fixed_3,Allen-Cahn,83,4,0.012760633646165202,0.21819187736901235,3,0.002690299996174872,60,8
nystrom,4,fixed_3,Allen-Cahn,84,0,0.05376927936093765,0.2785667026014691,3,0.002807200071401894,66,8
nystrom,4,fixed_3,Allen-Cahn,84,1,0.05348411148772055,0.2785667026014691,3,0.0028383999597281218,66,8
nystrom,4,fixed_3,Allen-Cahn,84,2,0.053861313714647883,0.2785667026014691,3,0.002218600013293326,66,8
nystrom,4,fixed_3,Allen-Cahn,84,3,0.05324857893099874,0.2785667026014691,3,0.0028388999635353684,66,8
nystrom,4,fixed_3,Allen-Cahn,84,4,0.05321276282369905,0.2785667026014691,3,0.0015435999957844615,66,8
nystrom,4,fixed_3,Burgers,55,0,0.008921353137052767,0.0789616526557739,3,0.005041400087065995,102,8
nystrom,4,fixed_3,Burgers,55,1,0.008210296968474239,0.0789616526557739,3,0.003869200008921325,102,8
nystrom,4,fixed_3,Burgers,55,2,0.008985371475869301,0.0789616526557739,3,0.00540169992018491,102,8
nystrom,4,fixed_3,Burgers,55,3,0.008228270178437672,0.0789616526557739,3,0.004484100034460425,102,8
nystrom,4,fixed_3,Burgers,55,4,0.008893258362708809,0.0789616526557739,3,0.0033419999526813626,102,8
nystrom,4,fixed_3,Burgers,56,0,0.031607557591215814,0.09228635643654069,3,0.004762100055813789,98,8
nystrom,4,fixed_3,Burgers,56,1,0.0315002722018192,0.09228635643654069,3,0.005568799911998212,98,8
nystrom,4,fixed_3,Burgers,56,2,0.03157716564315428,0.09228635643654069,3,0.005445699905976653,98,8
nystrom,4,fixed_3,Burgers,56,3,0.03160578991826048,0.09228635643654069,3,0.00520319992210716,98,8
nystrom,4,fixed_3,Burgers,56,4,0.031541389600895794,0.09228635643654069,3,0.005486199981532991,98,8
nystrom,4,fixed_3,Burgers,58,0,0.009976502831722828,0.014205395893809295,3,0.004311199998483062,110,8
nystrom,4,fixed_3,Burgers,58,1,0.010002558799228546,0.014205395893809295,3,0.004291199962608516,110,8
nystrom,4,fixed_3,Burgers,58,2,0.009927812015972336,0.014205395893809295,3,0.004949799971655011,110,8
nystrom,4,fixed_3,Burgers,58,3,0.009945563436291016,0.014205395893809295,3,0.004185899975709617,110,8
nystrom,4,fixed_3,Burgers,58,4,0.009928439901099515,0.014205395893809295,3,0.004621500032953918,110,8
nystrom,4,fixed_3,Burgers,59,0,0.058354460231731665,0.021715011005310245,3,0.0070971999084576964,116,8
nystrom,4,fixed_3,Burgers,59,1,0.0583560523820646,0.021715011005310245,3,0.007754200138151646,116,8
nystrom,4,fixed_3,Burgers,59,2,0.05771369745682382,0.021715011005310245,3,0.00745689996983856,116,8
nystrom,4,fixed_3,Burgers,59,3,0.057963415563314635,0.021715011005310245,3,0.006020799977704883,116,8
nystrom,4,fixed_3,Burgers,59,4,0.057920751671366746,0.021715011005310245,3,0.008235399960540235,116,8
nystrom,4,fixed_3,Burgers,60,0,0.007481479735191501,0.09673677812460832,3,0.004963599960319698,112,8
nystrom,4,fixed_3,Burgers,60,1,0.007750923506247043,0.09673677812460832,3,0.005513599957339466,112,8
nystrom,4,fixed_3,Burgers,60,2,0.007584528010688777,0.09673677812460832,3,0.005748699884861708,112,8
nystrom,4,fixed_3,Burgers,60,3,0.007171508430609462,0.09673677812460832,3,0.00443149998318404,112,8
nystrom,4,fixed_3,Burgers,60,4,0.00751476912046806,0.09673677812460832,3,0.005811200011521578,112,8
nystrom,4,fixed_3,Burgers,62,0,0.019027299476246203,0.07110291928182814,3,0.006496099987998605,104,8
nystrom,4,fixed_3,Burgers,62,1,0.018997954392666893,0.07110291928182814,3,0.007563599967397749,104,8
nystrom,4,fixed_3,Burgers,62,2,0.019060036739502566,0.07110291928182814,3,0.005161300185136497,104,8
nystrom,4,fixed_3,Burgers,62,3,0.01901241011825191,0.07110291928182814,3,0.00475139997433871,104,8
nystrom,4,fixed_3,Burgers,62,4,0.019084566995269867,0.07110291928182814,3,0.005539999925531447,104,8
nystrom,4,fixed_3,Burgers,64,0,0.04640092545996582,0.06994578374212969,3,0.004420800018124282,110,8
nystrom,4,fixed_3,Burgers,64,1,0.04632972954868386,0.06994578374212969,3,0.003947800025343895,110,8
nystrom,4,fixed_3,Burgers,64,2,0.04639242246921955,0.06994578374212969,3,0.005191299947910011,110,8
nystrom,4,fixed_3,Burgers,64,3,0.04621702934932093,0.06994578374212969,3,0.006052899989299476,110,8
nystrom,4,fixed_3,Burgers,64,4,0.046328972663134016,0.06994578374212969,3,0.005377999972552061,110,8
nystrom,4,fixed_3,Burgers,65,0,0.01792072322070329,0.10054054391634194,3,0.005306400125846267,116,8
nystrom,4,fixed_3,Burgers,65,1,0.017987967709144806,0.10054054391634194,3,0.005954700172878802,116,8
nystrom,4,fixed_3,Burgers,65,2,0.018148927465892115,0.10054054391634194,3,0.005404800060205162,116,8
nystrom,4,fixed_3,Burgers,65,3,0.01787947570577576,0.10054054391634194,3,0.004453300032764673,116,8
nystrom,4,fixed_3,Burgers,65,4,0.018136353038786787,0.10054054391634194,3,0.006106700166128576,116,8
nystrom,4,fixed_3,Burgers,66,0,0.02195423343494674,0.08431587631193634,3,0.005425999988801777,110,8
nystrom,4,fixed_3,Burgers,66,1,0.022082338996154416,0.08431587631193634,3,0.0047024000668898225,110,8
nystrom,4,fixed_3,Burgers,66,2,0.02191815418142029,0.08431587631193634,3,0.005419700057245791,110,8
nystrom,4,fixed_3,Burgers,66,3,0.021923025911183107,0.08431587631193634,3,0.006373099982738495,110,8
nystrom,4,fixed_3,Burgers,66,4,0.022129201921730218,0.08431587631193634,3,0.003878299961797893,110,8
nystrom,4,fixed_3,Burgers,67,0,0.0806107804497194,0.04202628008946151,3,0.0042079000268131495,106,8
nystrom,4,fixed_3,Burgers,67,1,0.08083009139036874,0.04202628008946151,3,0.004983499995432794,106,8
nystrom,4,fixed_3,Burgers,67,2,0.0809425281010535,0.04202628008946151,3,0.005251199938356876,106,8
nystrom,4,fixed_3,Burgers,67,3,0.08112087649725687,0.04202628008946151,3,0.00495879992377013,106,8
nystrom,4,fixed_3,Burgers,67,4,0.08091059762970443,0.04202628008946151,3,0.004271899932064116,106,8
nystrom,4,fixed_3,Burgers,68,0,0.012604572554698858,0.20705105792545012,3,0.007432000013068318,108,8
nystrom,4,fixed_3,Burgers,68,1,0.012894202361093177,0.20705105792545012,3,0.008219499955885112,108,8
nystrom,4,fixed_3,Burgers,68,2,0.012661384728712387,0.20705105792545012,3,0.007518299971707165,108,8
nystrom,4,fixed_3,Burgers,68,3,0.012825320957787692,0.20705105792545012,3,0.008448399952612817,108,8
nystrom,4,fixed_3,Burgers,68,4,0.012801264237337885,0.20705105792545012,3,0.0073633999563753605,108,8
nystrom,4,fixed_3,Burgers,69,0,0.019080016821321308,0.05510791338425962,3,0.005210099974647164,104,8
nystrom,4,fixed_3,Burgers,69,1,0.019259975722952544,0.05510791338425962,3,0.004791099927388132,104,8
nystrom,4,fixed_3,Burgers,69,2,0.019224785803961197,0.05510791338425962,3,0.004221600014716387,104,8
nystrom,4,fixed_3,Burgers,69,3,0.019169172682668486,0.05510791338425962,3,0.004911700030788779,104,8
nystrom,4,fixed_3,Burgers,69,4,0.01913737082880749,0.05510791338425962,3,0.004201499978080392,104,8
nystrom,4,fixed_5,Allen-Cahn,75,0,0.0014720515324641147,0.24478447346058754,5,0.0030759000219404697,58,12
nystrom,4,fixed_5,Allen-Cahn,75,1,0.0014452958218278424,0.24478447346058754,5,0.0027246999088674784,58,12
nystrom,4,fixed_5,Allen-Cahn,75,2,0.0014748627424476543,0.24478447346058754,5,0.0032872000010684133,58,12
nystrom,4,fixed_5,Allen-Cahn,75,3,0.001452721746836462,0.24478447346058754,5,0.003277599927969277,58,12
nystrom,4,fixed_5,Allen-Cahn,75,4,0.0014107070384062612,0.24478447346058754,5,0.0031745999585837126,58,12
nystrom,4,fixed_5,Allen-Cahn,76,0,0.002821993561413178,0.1198920810829619,5,0.00348469999153167,62,12
nystrom,4,fixed_5,Allen-Cahn,76,1,0.002827837871280965,0.1198920810829619,5,0.002185199991799891,62,12
nystrom,4,fixed_5,Allen-Cahn,76,2,0.002839398417410673,0.1198920810829619,5,0.0026150000048801303,62,12
nystrom,4,fixed_5,Allen-Cahn,76,3,0.002824615782330442,0.1198920810829619,5,0.0036030999617651105,62,12
nystrom,4,fixed_5,Allen-Cahn,76,4,0.00281412051945193,0.1198920810829619,5,0.003144899965263903,62,12
nystrom,4,fixed_5,Allen-Cahn,77,0,0.008985421703858324,0.39049687523095344,5,0.0029110999312251806,66,12
nystrom,4,fixed_5,Allen-Cahn,77,1,0.00899801718281628,0.39049687523095344,5,0.002947899978607893,66,12
nystrom,4,fixed_5,Allen-Cahn,77,2,0.008940972918777575,0.39049687523095344,5,0.00234550004824996,66,12
nystrom,4,fixed_5,Allen-Cahn,77,3,0.008978200735646882,0.39049687523095344,5,0.0025209999876096845,66,12
nystrom,4,fixed_5,Allen-Cahn,77,4,0.008953892912881836,0.39049687523095344,5,0.002614899887703359,66,12
nystrom,4,fixed_5,Allen-Cahn,78,0,0.001198731787524564,0.28167797695039015,5,0.003263200051151216,64,12
nystrom,4,fixed_5,Allen-Cahn,78,1,0.0013246984047209755,0.28167797695039015,5,0.001733599929139018,64,12
nystrom,4,fixed_5,Allen-Cahn,78,2,0.0012846460450975966,0.28167797695039015,5,0.0025958999758586287,64,12
nystrom,4,fixed_5,Allen-Cahn,78,3,0.0012252809999256636,0.28167797695039015,5,0.003097799955867231,64,12
nystrom,4,fixed_5,Allen-Cahn,78,4,0.001237134751476987,0.28167797695039015,5,0.003315900103189051,64,12
nystrom,4,fixed_5,Allen-Cahn,79,0,0.0026236958542587615,0.46672331054507077,5,0.002578799962066114,64,12
nystrom,4,fixed_5,Allen-Cahn,79,1,0.002550334268821209,0.46672331054507077,5,0.0024861000711098313,64,12
nystrom,4,fixed_5,Allen-Cahn,79,2,0.002582950683448571,0.46672331054507077,5,0.00244009995367378,64,12
nystrom,4,fixed_5,Allen-Cahn,79,3,0.0024721550098269424,0.46672331054507077,5,0.002918299986049533,64,12
nystrom,4,fixed_5,Allen-Cahn,79,4,0.0025547578643276498,0.46672331054507077,5,0.003119500004686415,64,12
nystrom,4,fixed_5,Allen-Cahn,80,0,0.006372611090409674,0.36626326604464865,5,0.002903799992054701,60,12
nystrom,4,fixed_5,Allen-Cahn,80,1,0.0064710723445633896,0.36626326604464865,5,0.0036567000206559896,60,12
nystrom,4,fixed_5,Allen-Cahn,80,2,0.006339579970029383,0.36626326604464865,5,0.0031880999449640512,60,12
nystrom,4,fixed_5,Allen-Cahn,80,3,0.006473609379031432,0.36626326604464865,5,0.003692599944770336,60,12
nystrom,4,fixed_5,Allen-Cahn,80,4,0.006408198354412829,0.36626326604464865,5,0.003594400128349662,60,12
nystrom,4,fixed_5,Allen-Cahn,82,0,0.008222432082066758,0.15552413475285662,5,0.0040055999998003244,68,12
nystrom,4,fixed_5,Allen-Cahn,82,1,0.008184458588008764,0.15552413475285662,5,0.0039470000192523,68,12
nystrom,4,fixed_5,Allen-Cahn,82,2,0.008220854786890316,0.15552413475285662,5,0.003941699978895485,68,12
nystrom,4,fixed_5,Allen-Cahn,82,3,0.008096169369982429,0.15552413475285662,5,0.0036786999553442,68,12
nystrom,4,fixed_5,Allen-Cahn,82,4,0.00839104173013679,0.15552413475285662,5,0.005032399902120233,68,12
nystrom,4,fixed_5,Allen-Cahn,83,0,0.01153704547476968,0.21819187736901235,5,0.001983199967071414,60,12
nystrom,4,fixed_5,Allen-Cahn,83,1,0.01167950812139834,0.21819187736901235,5,0.0025257000233978033,60,12
nystrom,4,fixed_5,Allen-Cahn,83,2,0.011705422458277015,0.21819187736901235,5,0.00153080013114959,60,12
nystrom,4,fixed_5,Allen-Cahn,83,3,0.011639516306825134,0.21819187736901235,5,0.0023184000747278333,60,12
nystrom,4,fixed_5,Allen-Cahn,83,4,0.011696819182736703,0.21819187736901235,5,0.002841099980287254,60,12
nystrom,4,fixed_5,Allen-Cahn,84,0,0.0526457138097015,0.2785667026014691,5,0.002958300057798624,66,12
nystrom,4,fixed_5,Allen-Cahn,84,1,0.052718835697225096,0.2785667026014691,5,0.0030808999435976148,66,12
nystrom,4,fixed_5,Allen-Cahn,84,2,0.05287860080159656,0.2785667026014691,5,0.002485899953171611,66,12
nystrom,4,fixed_5,Allen-Cahn,84,3,0.05253433354646615,0.2785667026014691,5,0.002988099935464561,66,12
nystrom,4,fixed_5,Allen-Cahn,84,4,0.05245839434049524,0.2785667026014691,5,0.0016203999985009432,66,12
nystrom,4,fixed_5,Burgers,55,0,0.007619127623695531,0.0789616526557739,5,0.00519470009021461,102,12
nystrom,4,fixed_5,Burgers,55,1,0.00732118286314264,0.0789616526557739,5,0.0039459000108763576,102,12
nystrom,4,fixed_5,Burgers,55,2,0.007555662272706885,0.0789616526557739,5,0.005540899932384491,102,12
nystrom,4,fixed_5,Burgers,55,3,0.007459834559486979,0.0789616526557739,5,0.004563600057736039,102,12
nystrom,4,fixed_5,Burgers,55,4,0.007462375776674008,0.0789616526557739,5,0.0034965999657288194,102,12
nystrom,4,fixed_5,Burgers,56,0,0.030700658930575872,0.09228635643654069,5,0.004860999993979931,98,12
nystrom,4,fixed_5,Burgers,56,1,0.030609981412653114,0.09228635643654069,5,0.00566999998409301,98,12
nystrom,4,fixed_5,Burgers,56,2,0.030851453210764695,0.09228635643654069,5,0.005546599975787103,98,12
nystrom,4,fixed_5,Burgers,56,3,0.030832460672247597,0.09228635643654069,5,0.005363099975511432,98,12
nystrom,4,fixed_5,Burgers,56,4,0.03057733320122936,0.09228635643654069,5,0.005589500069618225,98,12
nystrom,4,fixed_5,Burgers,58,0,0.009835009906897991,0.014205395893809295,5,0.004388100001960993,110,12
nystrom,4,fixed_5,Burgers,58,1,0.009874577848471075,0.014205395893809295,5,0.004454699927009642,110,12
nystrom,4,fixed_5,Burgers,58,2,0.009827851908212672,0.014205395893809295,5,0.005107600009068847,110,12
nystrom,4,fixed_5,Burgers,58,3,0.009862875764768108,0.014205395893809295,5,0.004341499996371567,110,12
nystrom,4,fixed_5,Burgers,58,4,0.009804085432048778,0.014205395893809295,5,0.004776700050570071,110,12
nystrom,4,fixed_5,Burgers,59,0,0.05787156875918031,0.021715011005310245,5,0.007196499966084957,116,12
nystrom,4,fixed_5,Burgers,59,1,0.05776729795698194,0.021715011005310245,5,0.00795350014232099,116,12
nystrom,4,fixed_5,Burgers,59,2,0.05735822193656327,0.021715011005310245,5,0.007649000035598874,116,12
nystrom,4,fixed_5,Burgers,59,3,0.057300134680742,0.021715011005310245,5,0.006218400085344911,116,12
nystrom,4,fixed_5,Burgers,59,4,0.057486753218557375,0.021715011005310245,5,0.00833860004786402,116,12
nystrom,4,fixed_5,Burgers,60,0,0.007206885655910051,0.09673677812460832,5,0.005044699995778501,112,12
nystrom,4,fixed_5,Burgers,60,1,0.007395152101636751,0.09673677812460832,5,0.005609499989077449,112,12
nystrom,4,fixed_5,Burgers,60,2,0.007337601789577828,0.09673677812460832,5,0.005894600064493716,112,12
nystrom,4,fixed_5,Burgers,60,3,0.006861911563808542,0.09673677812460832,5,0.004508999991230667,112,12
nystrom,4,fixed_5,Burgers,60,4,0.007218872709408297,0.09673677812460832,5,0.0059692999348044395,112,12
nystrom,4,fixed_5,Burgers,62,0,0.018183549757540163,0.07110291928182814,5,0.006693599978461862,104,12
nystrom,4,fixed_5,Burgers,62,1,0.017809546613208285,0.07110291928182814,5,0.0077596999472007155,104,12
nystrom,4,fixed_5,Burgers,62,2,0.018041557468422023,0.07110291928182814,5,0.005263900151476264,104,12
nystrom,4,fixed_5,Burgers,62,3,0.017920327107502756,0.07110291928182814,5,0.00502549996599555,104,12
nystrom,4,fixed_5,Burgers,62,4,0.018013028348998473,0.07110291928182814,5,0.005740199936553836,104,12
nystrom,4,fixed_5,Burgers,64,0,0.04481541589533028,0.06994578374212969,5,0.004498100024648011,110,12
nystrom,4,fixed_5,Burgers,64,1,0.045076017643188235,0.06994578374212969,5,0.004030099953524768,110,12
nystrom,4,fixed_5,Burgers,64,2,0.045087909274782456,0.06994578374212969,5,0.005331499967724085,110,12
nystrom,4,fixed_5,Burgers,64,3,0.045119651715141866,0.06994578374212969,5,0.006195900030434132,110,12
nystrom,4,fixed_5,Burgers,64,4,0.04510612618793186,0.06994578374212969,5,0.005517199984751642,110,12
nystrom,4,fixed_5,Burgers,65,0,0.017577371143509244,0.10054054391634194,5,0.005443100119009614,116,12
nystrom,4,fixed_5,Burgers,65,1,0.01759752180173751,0.10054054391634194,5,0.006087300134822726,116,12
nystrom,4,fixed_5,Burgers,65,2,0.017795673311094173,0.10054054391634194,5,0.0055367001332342625,116,12
nystrom,4,fixed_5,Burgers,65,3,0.0176144349305449,0.10054054391634194,5,0.00453240005299449,116,12
nystrom,4,fixed_5,Burgers,65,4,0.017818237594724756,0.10054054391634194,5,0.006289900164119899,116,12
nystrom,4,fixed_5,Burgers,66,0,0.021745551880608418,0.08431587631193634,5,0.005561500089243054,110,12
nystrom,4,fixed_5,Burgers,66,1,0.021908763794370918,0.08431587631193634,5,0.004782200092449784,110,12
nystrom,4,fixed_5,Burgers,66,2,0.021729397725804386,0.08431587631193634,5,0.00562860001809895,110,12
nystrom,4,fixed_5,Burgers,66,3,0.02170956879615354,0.08431587631193634,5,0.006607000017538667,110,12
nystrom,4,fixed_5,Burgers,66,4,0.02184186597332792,0.08431587631193634,5,0.00396790006197989,110,12
nystrom,4,fixed_5,Burgers,67,0,0.07881501150332158,0.04202628008946151,5,0.004301600041799247,106,12
nystrom,4,fixed_5,Burgers,67,1,0.07891584338899782,0.04202628008946151,5,0.0051188999786973,106,12
nystrom,4,fixed_5,Burgers,67,2,0.0791097596460623,0.04202628008946151,5,0.005401499918662012,106,12
nystrom,4,fixed_5,Burgers,67,3,0.07891856815070755,0.04202628008946151,5,0.005102299968712032,106,12
nystrom,4,fixed_5,Burgers,67,4,0.07888769729730828,0.04202628008946151,5,0.004433800000697374,106,12
nystrom,4,fixed_5,Burgers,68,0,0.012210096613282805,0.20705105792545012,5,0.007551099988631904,108,12
nystrom,4,fixed_5,Burgers,68,1,0.012427807044453447,0.20705105792545012,5,0.008424900006502867,108,12
nystrom,4,fixed_5,Burgers,68,2,0.012276051921116058,0.20705105792545012,5,0.007724900031462312,108,12
nystrom,4,fixed_5,Burgers,68,3,0.011761721433458347,0.20705105792545012,5,0.008643799927085638,108,12
nystrom,4,fixed_5,Burgers,68,4,0.01247353697923857,0.20705105792545012,5,0.007469899952411652,108,12
nystrom,4,fixed_5,Burgers,69,0,0.018725479379763012,0.05510791338425962,5,0.005398399895057082,104,12
nystrom,4,fixed_5,Burgers,69,1,0.019058876216072263,0.05510791338425962,5,0.004947999957948923,104,12
nystrom,4,fixed_5,Burgers,69,2,0.018900277344479677,0.05510791338425962,5,0.0043741000117734075,104,12
nystrom,4,fixed_5,Burgers,69,3,0.01885120944977046,0.05510791338425962,5,0.00514580006711185,104,12
nystrom,4,fixed_5,Burgers,69,4,0.018851627495447845,0.05510791338425962,5,0.004514899919740856,104,12
nystrom,4,adaptive,Allen-Cahn,75,0,0.0014720515324641147,0.24478447346058754,5,0.0030759000219404697,58,12
nystrom,4,adaptive,Allen-Cahn,75,1,0.0014452958218278424,0.24478447346058754,5,0.0027246999088674784,58,12
nystrom,4,adaptive,Allen-Cahn,75,2,0.0014748627424476543,0.24478447346058754,5,0.0032872000010684133,58,12
nystrom,4,adaptive,Allen-Cahn,75,3,0.001452721746836462,0.24478447346058754,5,0.003277599927969277,58,12
nystrom,4,adaptive,Allen-Cahn,75,4,0.0014107070384062612,0.24478447346058754,5,0.0031745999585837126,58,12
nystrom,4,adaptive,Allen-Cahn,76,0,0.002821993561413178,0.1198920810829619,5,0.00348469999153167,62,12
nystrom,4,adaptive,Allen-Cahn,76,1,0.002827837871280965,0.1198920810829619,5,0.002185199991799891,62,12
nystrom,4,adaptive,Allen-Cahn,76,2,0.002839398417410673,0.1198920810829619,5,0.0026150000048801303,62,12
nystrom,4,adaptive,Allen-Cahn,76,3,0.002824615782330442,0.1198920810829619,5,0.0036030999617651105,62,12
nystrom,4,adaptive,Allen-Cahn,76,4,0.00281412051945193,0.1198920810829619,5,0.003144899965263903,62,12
nystrom,4,adaptive,Allen-Cahn,77,0,0.008985421703858324,0.39049687523095344,5,0.0029110999312251806,66,12
nystrom,4,adaptive,Allen-Cahn,77,1,0.00899801718281628,0.39049687523095344,5,0.002947899978607893,66,12
nystrom,4,adaptive,Allen-Cahn,77,2,0.008940972918777575,0.39049687523095344,5,0.00234550004824996,66,12
nystrom,4,adaptive,Allen-Cahn,77,3,0.008978200735646882,0.39049687523095344,5,0.0025209999876096845,66,12
nystrom,4,adaptive,Allen-Cahn,77,4,0.008953892912881836,0.39049687523095344,5,0.002614899887703359,66,12
nystrom,4,adaptive,Allen-Cahn,78,0,0.001198731787524564,0.28167797695039015,5,0.003263200051151216,64,12
nystrom,4,adaptive,Allen-Cahn,78,1,0.0013246984047209755,0.28167797695039015,5,0.001733599929139018,64,12
nystrom,4,adaptive,Allen-Cahn,78,2,0.0012846460450975966,0.28167797695039015,5,0.0025958999758586287,64,12
nystrom,4,adaptive,Allen-Cahn,78,3,0.0012252809999256636,0.28167797695039015,5,0.003097799955867231,64,12
nystrom,4,adaptive,Allen-Cahn,78,4,0.001237134751476987,0.28167797695039015,5,0.003315900103189051,64,12
nystrom,4,adaptive,Allen-Cahn,79,0,0.0026236958542587615,0.46672331054507077,5,0.002578799962066114,64,12
nystrom,4,adaptive,Allen-Cahn,79,1,0.002550334268821209,0.46672331054507077,5,0.0024861000711098313,64,12
nystrom,4,adaptive,Allen-Cahn,79,2,0.002582950683448571,0.46672331054507077,5,0.00244009995367378,64,12
nystrom,4,adaptive,Allen-Cahn,79,3,0.0024721550098269424,0.46672331054507077,5,0.002918299986049533,64,12
nystrom,4,adaptive,Allen-Cahn,79,4,0.0025547578643276498,0.46672331054507077,5,0.003119500004686415,64,12
nystrom,4,adaptive,Allen-Cahn,80,0,0.006372611090409674,0.36626326604464865,5,0.002903799992054701,60,12
nystrom,4,adaptive,Allen-Cahn,80,1,0.0064710723445633896,0.36626326604464865,5,0.0036567000206559896,60,12
nystrom,4,adaptive,Allen-Cahn,80,2,0.006339579970029383,0.36626326604464865,5,0.0031880999449640512,60,12
nystrom,4,adaptive,Allen-Cahn,80,3,0.006473609379031432,0.36626326604464865,5,0.003692599944770336,60,12
nystrom,4,adaptive,Allen-Cahn,80,4,0.006408198354412829,0.36626326604464865,5,0.003594400128349662,60,12
nystrom,4,adaptive,Allen-Cahn,82,0,0.008222432082066758,0.15552413475285662,5,0.0040055999998003244,68,12
nystrom,4,adaptive,Allen-Cahn,82,1,0.008184458588008764,0.15552413475285662,5,0.0039470000192523,68,12
nystrom,4,adaptive,Allen-Cahn,82,2,0.008220854786890316,0.15552413475285662,5,0.003941699978895485,68,12
nystrom,4,adaptive,Allen-Cahn,82,3,0.008096169369982429,0.15552413475285662,5,0.0036786999553442,68,12
nystrom,4,adaptive,Allen-Cahn,82,4,0.00839104173013679,0.15552413475285662,5,0.005032399902120233,68,12
nystrom,4,adaptive,Allen-Cahn,83,0,0.01153704547476968,0.21819187736901235,5,0.001983199967071414,60,12
nystrom,4,adaptive,Allen-Cahn,83,1,0.01167950812139834,0.21819187736901235,5,0.0025257000233978033,60,12
nystrom,4,adaptive,Allen-Cahn,83,2,0.011705422458277015,0.21819187736901235,5,0.00153080013114959,60,12
nystrom,4,adaptive,Allen-Cahn,83,3,0.011639516306825134,0.21819187736901235,5,0.0023184000747278333,60,12
nystrom,4,adaptive,Allen-Cahn,83,4,0.011696819182736703,0.21819187736901235,5,0.002841099980287254,60,12
nystrom,4,adaptive,Allen-Cahn,84,0,0.0526457138097015,0.2785667026014691,5,0.002958300057798624,66,12
nystrom,4,adaptive,Allen-Cahn,84,1,0.052718835697225096,0.2785667026014691,5,0.0030808999435976148,66,12
nystrom,4,adaptive,Allen-Cahn,84,2,0.05287860080159656,0.2785667026014691,5,0.002485899953171611,66,12
nystrom,4,adaptive,Allen-Cahn,84,3,0.05253433354646615,0.2785667026014691,5,0.002988099935464561,66,12
nystrom,4,adaptive,Allen-Cahn,84,4,0.05245839434049524,0.2785667026014691,5,0.0016203999985009432,66,12
nystrom,4,adaptive,Burgers,55,0,0.007619127623695531,0.0789616526557739,5,0.00519470009021461,102,12
nystrom,4,adaptive,Burgers,55,1,0.00732118286314264,0.0789616526557739,5,0.0039459000108763576,102,12
nystrom,4,adaptive,Burgers,55,2,0.007555662272706885,0.0789616526557739,5,0.005540899932384491,102,12
nystrom,4,adaptive,Burgers,55,3,0.007459834559486979,0.0789616526557739,5,0.004563600057736039,102,12
nystrom,4,adaptive,Burgers,55,4,0.007462375776674008,0.0789616526557739,5,0.0034965999657288194,102,12
nystrom,4,adaptive,Burgers,56,0,0.030700658930575872,0.09228635643654069,5,0.004860999993979931,98,12
nystrom,4,adaptive,Burgers,56,1,0.030609981412653114,0.09228635643654069,5,0.00566999998409301,98,12
nystrom,4,adaptive,Burgers,56,2,0.030851453210764695,0.09228635643654069,5,0.005546599975787103,98,12
nystrom,4,adaptive,Burgers,56,3,0.030832460672247597,0.09228635643654069,5,0.005363099975511432,98,12
nystrom,4,adaptive,Burgers,56,4,0.03057733320122936,0.09228635643654069,5,0.005589500069618225,98,12
nystrom,4,adaptive,Burgers,58,0,0.009835009906897991,0.014205395893809295,5,0.004388100001960993,110,12
nystrom,4,adaptive,Burgers,58,1,0.009874577848471075,0.014205395893809295,5,0.004454699927009642,110,12
nystrom,4,adaptive,Burgers,58,2,0.009827851908212672,0.014205395893809295,5,0.005107600009068847,110,12
nystrom,4,adaptive,Burgers,58,3,0.009862875764768108,0.014205395893809295,5,0.004341499996371567,110,12
nystrom,4,adaptive,Burgers,58,4,0.009804085432048778,0.014205395893809295,5,0.004776700050570071,110,12
nystrom,4,adaptive,Burgers,59,0,0.05787156875918031,0.021715011005310245,5,0.007196499966084957,116,12
nystrom,4,adaptive,Burgers,59,1,0.05776729795698194,0.021715011005310245,5,0.00795350014232099,116,12
nystrom,4,adaptive,Burgers,59,2,0.05735822193656327,0.021715011005310245,5,0.007649000035598874,116,12
nystrom,4,adaptive,Burgers,59,3,0.057300134680742,0.021715011005310245,5,0.006218400085344911,116,12
nystrom,4,adaptive,Burgers,59,4,0.057486753218557375,0.021715011005310245,5,0.00833860004786402,116,12
nystrom,4,adaptive,Burgers,60,0,0.007206885655910051,0.09673677812460832,5,0.005044699995778501,112,12
nystrom,4,adaptive,Burgers,60,1,0.007395152101636751,0.09673677812460832,5,0.005609499989077449,112,12
nystrom,4,adaptive,Burgers,60,2,0.007337601789577828,0.09673677812460832,5,0.005894600064493716,112,12
nystrom,4,adaptive,Burgers,60,3,0.006861911563808542,0.09673677812460832,5,0.004508999991230667,112,12
nystrom,4,adaptive,Burgers,60,4,0.007218872709408297,0.09673677812460832,5,0.0059692999348044395,112,12
nystrom,4,adaptive,Burgers,62,0,0.018183549757540163,0.07110291928182814,5,0.006693599978461862,104,12
nystrom,4,adaptive,Burgers,62,1,0.017809546613208285,0.07110291928182814,5,0.0077596999472007155,104,12
nystrom,4,adaptive,Burgers,62,2,0.018041557468422023,0.07110291928182814,5,0.005263900151476264,104,12
nystrom,4,adaptive,Burgers,62,3,0.017920327107502756,0.07110291928182814,5,0.00502549996599555,104,12
nystrom,4,adaptive,Burgers,62,4,0.018013028348998473,0.07110291928182814,5,0.005740199936553836,104,12
nystrom,4,adaptive,Burgers,64,0,0.04481541589533028,0.06994578374212969,5,0.004498100024648011,110,12
nystrom,4,adaptive,Burgers,64,1,0.045076017643188235,0.06994578374212969,5,0.004030099953524768,110,12
nystrom,4,adaptive,Burgers,64,2,0.045087909274782456,0.06994578374212969,5,0.005331499967724085,110,12
nystrom,4,adaptive,Burgers,64,3,0.045119651715141866,0.06994578374212969,5,0.006195900030434132,110,12
nystrom,4,adaptive,Burgers,64,4,0.04510612618793186,0.06994578374212969,5,0.005517199984751642,110,12
nystrom,4,adaptive,Burgers,65,0,0.017577371143509244,0.10054054391634194,5,0.005443100119009614,116,12
nystrom,4,adaptive,Burgers,65,1,0.01759752180173751,0.10054054391634194,5,0.006087300134822726,116,12
nystrom,4,adaptive,Burgers,65,2,0.017795673311094173,0.10054054391634194,5,0.0055367001332342625,116,12
nystrom,4,adaptive,Burgers,65,3,0.0176144349305449,0.10054054391634194,5,0.00453240005299449,116,12
nystrom,4,adaptive,Burgers,65,4,0.017818237594724756,0.10054054391634194,5,0.006289900164119899,116,12
nystrom,4,adaptive,Burgers,66,0,0.021745551880608418,0.08431587631193634,5,0.005561500089243054,110,12
nystrom,4,adaptive,Burgers,66,1,0.021908763794370918,0.08431587631193634,5,0.004782200092449784,110,12
nystrom,4,adaptive,Burgers,66,2,0.021729397725804386,0.08431587631193634,5,0.00562860001809895,110,12
nystrom,4,adaptive,Burgers,66,3,0.02170956879615354,0.08431587631193634,5,0.006607000017538667,110,12
nystrom,4,adaptive,Burgers,66,4,0.02184186597332792,0.08431587631193634,5,0.00396790006197989,110,12
nystrom,4,adaptive,Burgers,67,0,0.07881501150332158,0.04202628008946151,5,0.004301600041799247,106,12
nystrom,4,adaptive,Burgers,67,1,0.07891584338899782,0.04202628008946151,5,0.0051188999786973,106,12
nystrom,4,adaptive,Burgers,67,2,0.0791097596460623,0.04202628008946151,5,0.005401499918662012,106,12
nystrom,4,adaptive,Burgers,67,3,0.07891856815070755,0.04202628008946151,5,0.005102299968712032,106,12
nystrom,4,adaptive,Burgers,67,4,0.07888769729730828,0.04202628008946151,5,0.004433800000697374,106,12
nystrom,4,adaptive,Burgers,68,0,0.012210096613282805,0.20705105792545012,5,0.007551099988631904,108,12
nystrom,4,adaptive,Burgers,68,1,0.012427807044453447,0.20705105792545012,5,0.008424900006502867,108,12
nystrom,4,adaptive,Burgers,68,2,0.012276051921116058,0.20705105792545012,5,0.007724900031462312,108,12
nystrom,4,adaptive,Burgers,68,3,0.011761721433458347,0.20705105792545012,5,0.008643799927085638,108,12
nystrom,4,adaptive,Burgers,68,4,0.01247353697923857,0.20705105792545012,5,0.007469899952411652,108,12
nystrom,4,adaptive,Burgers,69,0,0.018725479379763012,0.05510791338425962,5,0.005398399895057082,104,12
nystrom,4,adaptive,Burgers,69,1,0.019058876216072263,0.05510791338425962,5,0.004947999957948923,104,12
nystrom,4,adaptive,Burgers,69,2,0.018900277344479677,0.05510791338425962,5,0.0043741000117734075,104,12
nystrom,4,adaptive,Burgers,69,3,0.01885120944977046,0.05510791338425962,5,0.00514580006711185,104,12
nystrom,4,adaptive,Burgers,69,4,0.018851627495447845,0.05510791338425962,5,0.004514899919740856,104,12
nystrom,8,fixed_0,Allen-Cahn,75,0,0.0016478256462796122,0.24478447346058754,0,0.0017494000494480133,62,2
nystrom,8,fixed_0,Allen-Cahn,75,1,0.0016478256462796122,0.24478447346058754,0,0.002953800023533404,62,2
nystrom,8,fixed_0,Allen-Cahn,75,2,0.0016478256462796122,0.24478447346058754,0,0.0025566999102011323,62,2
nystrom,8,fixed_0,Allen-Cahn,75,3,0.0016478256462796122,0.24478447346058754,0,0.002676099888049066,62,2
nystrom,8,fixed_0,Allen-Cahn,75,4,0.0016478256462796122,0.24478447346058754,0,0.002914200071245432,62,2
nystrom,8,fixed_0,Allen-Cahn,76,0,0.0029112783478400343,0.1198920810829619,0,0.002500399947166443,66,2
nystrom,8,fixed_0,Allen-Cahn,76,1,0.0029112783478400343,0.1198920810829619,0,0.0016026999801397324,66,2
nystrom,8,fixed_0,Allen-Cahn,76,2,0.0029112783478400343,0.1198920810829619,0,0.0022548999404534698,66,2
nystrom,8,fixed_0,Allen-Cahn,76,3,0.0029112783478400343,0.1198920810829619,0,0.0022767999907955527,66,2
nystrom,8,fixed_0,Allen-Cahn,76,4,0.0029112783478400343,0.1198920810829619,0,0.0019334000535309315,66,2
nystrom,8,fixed_0,Allen-Cahn,77,0,0.009332942350835987,0.39049687523095344,0,0.002359400037676096,70,2
nystrom,8,fixed_0,Allen-Cahn,77,1,0.009332942350835987,0.39049687523095344,0,0.002226300071924925,70,2
nystrom,8,fixed_0,Allen-Cahn,77,2,0.009332942350835987,0.39049687523095344,0,0.0015793000347912312,70,2
nystrom,8,fixed_0,Allen-Cahn,77,3,0.009332942350835987,0.39049687523095344,0,0.0026403000811114907,70,2
nystrom,8,fixed_0,Allen-Cahn,77,4,0.009332942350835987,0.39049687523095344,0,0.0015798999229446054,70,2
nystrom,8,fixed_0,Allen-Cahn,78,0,0.0014656584046046973,0.28167797695039015,0,0.001427499926649034,68,2
nystrom,8,fixed_0,Allen-Cahn,78,1,0.0014656584046046973,0.28167797695039015,0,0.002327500027604401,68,2
nystrom,8,fixed_0,Allen-Cahn,78,2,0.0014656584046046973,0.28167797695039015,0,0.0020499000092968345,68,2
nystrom,8,fixed_0,Allen-Cahn,78,3,0.0014656584046046973,0.28167797695039015,0,0.0024022000143304467,68,2
nystrom,8,fixed_0,Allen-Cahn,78,4,0.0014656584046046973,0.28167797695039015,0,0.0016494999872520566,68,2
nystrom,8,fixed_0,Allen-Cahn,79,0,0.002874415417360489,0.46672331054507077,0,0.002566699986346066,68,2
nystrom,8,fixed_0,Allen-Cahn,79,1,0.002874415417360489,0.46672331054507077,0,0.0024566000793129206,68,2
nystrom,8,fixed_0,Allen-Cahn,79,2,0.002874415417360489,0.46672331054507077,0,0.0021564000053331256,68,2
nystrom,8,fixed_0,Allen-Cahn,79,3,0.002874415417360489,0.46672331054507077,0,0.001765000051818788,68,2
nystrom,8,fixed_0,Allen-Cahn,79,4,0.002874415417360489,0.46672331054507077,0,0.002534699975512922,68,2
nystrom,8,fixed_0,Allen-Cahn,80,0,0.0070305010990798274,0.36626326604464865,0,0.002907700021751225,64,2
nystrom,8,fixed_0,Allen-Cahn,80,1,0.0070305010990798274,0.36626326604464865,0,0.00264770002104342,64,2
nystrom,8,fixed_0,Allen-Cahn,80,2,0.0070305010990798274,0.36626326604464865,0,0.0023633999517187476,64,2
nystrom,8,fixed_0,Allen-Cahn,80,3,0.0070305010990798274,0.36626326604464865,0,0.0018593000713735819,64,2
nystrom,8,fixed_0,Allen-Cahn,80,4,0.0070305010990798274,0.36626326604464865,0,0.0028788000345230103,64,2
nystrom,8,fixed_0,Allen-Cahn,82,0,0.00922279983554665,0.15552413475285662,0,0.0034881000174209476,72,2
nystrom,8,fixed_0,Allen-Cahn,82,1,0.00922279983554665,0.15552413475285662,0,0.003468699986115098,72,2
nystrom,8,fixed_0,Allen-Cahn,82,2,0.00922279983554665,0.15552413475285662,0,0.0036971999797970057,72,2
nystrom,8,fixed_0,Allen-Cahn,82,3,0.00922279983554665,0.15552413475285662,0,0.0034794999519363046,72,2
nystrom,8,fixed_0,Allen-Cahn,82,4,0.00922279983554665,0.15552413475285662,0,0.003320900024846196,72,2
nystrom,8,fixed_0,Allen-Cahn,83,0,0.01294269891373847,0.21819187736901235,0,0.002134599955752492,64,2
nystrom,8,fixed_0,Allen-Cahn,83,1,0.01294269891373847,0.21819187736901235,0,0.001458600047044456,64,2
nystrom,8,fixed_0,Allen-Cahn,83,2,0.01294269891373847,0.21819187736901235,0,0.0022569000720977783,64,2
nystrom,8,fixed_0,Allen-Cahn,83,3,0.01294269891373847,0.21819187736901235,0,0.0024326000129804015,64,2
nystrom,8,fixed_0,Allen-Cahn,83,4,0.01294269891373847,0.21819187736901235,0,0.002140299999155104,64,2
nystrom,8,fixed_0,Allen-Cahn,84,0,0.0541163837140787,0.2785667026014691,0,0.002633600030094385,70,2
nystrom,8,fixed_0,Allen-Cahn,84,1,0.0541163837140787,0.2785667026014691,0,0.0018912999657914042,70,2
nystrom,8,fixed_0,Allen-Cahn,84,2,0.0541163837140787,0.2785667026014691,0,0.001987299998290837,70,2
nystrom,8,fixed_0,Allen-Cahn,84,3,0.0541163837140787,0.2785667026014691,0,0.0031114999437704682,70,2
nystrom,8,fixed_0,Allen-Cahn,84,4,0.0541163837140787,0.2785667026014691,0,0.0024329000152647495,70,2
nystrom,8,fixed_0,Burgers,55,0,0.010072710497280481,0.0789616526557739,0,0.005436800071038306,106,2
nystrom,8,fixed_0,Burgers,55,1,0.010072710497280481,0.0789616526557739,0,0.0043512999545782804,106,2
nystrom,8,fixed_0,Burgers,55,2,0.010072710497280481,0.0789616526557739,0,0.004282000008970499,106,2
nystrom,8,fixed_0,Burgers,55,3,0.010072710497280481,0.0789616526557739,0,0.0036347999703139067,106,2
nystrom,8,fixed_0,Burgers,55,4,0.010072710497280481,0.0789616526557739,0,0.0035174000076949596,106,2
nystrom,8,fixed_0,Burgers,56,0,0.03212017968931063,0.09228635643654069,0,0.005140700028277934,102,2
nystrom,8,fixed_0,Burgers,56,1,0.03212017968931063,0.09228635643654069,0,0.0053182002156972885,102,2
nystrom,8,fixed_0,Burgers,56,2,0.03212017968931063,0.09228635643654069,0,0.005834299954585731,102,2
nystrom,8,fixed_0,Burgers,56,3,0.03212017968931063,0.09228635643654069,0,0.00439000001642853,102,2
nystrom,8,fixed_0,Burgers,56,4,0.03212017968931063,0.09228635643654069,0,0.004078300087712705,102,2
nystrom,8,fixed_0,Burgers,58,0,0.010509167972881582,0.014205395893809295,0,0.004964899970218539,114,2
nystrom,8,fixed_0,Burgers,58,1,0.010509167972881582,0.014205395893809295,0,0.00496629998087883,114,2
nystrom,8,fixed_0,Burgers,58,2,0.010509167972881582,0.014205395893809295,0,0.004682800034061074,114,2
nystrom,8,fixed_0,Burgers,58,3,0.010509167972881582,0.014205395893809295,0,0.005384000134654343,114,2
nystrom,8,fixed_0,Burgers,58,4,0.010509167972881582,0.014205395893809295,0,0.004536399967037141,114,2
nystrom,8,fixed_0,Burgers,59,0,0.0599441488213702,0.021715011005310245,0,0.006249699974432588,120,2
nystrom,8,fixed_0,Burgers,59,1,0.0599441488213702,0.021715011005310245,0,0.007452000048942864,120,2
nystrom,8,fixed_0,Burgers,59,2,0.0599441488213702,0.021715011005310245,0,0.006348100025206804,120,2
nystrom,8,fixed_0,Burgers,59,3,0.0599441488213702,0.021715011005310245,0,0.005966100026853383,120,2
nystrom,8,fixed_0,Burgers,59,4,0.0599441488213702,0.021715011005310245,0,0.007644700002856553,120,2
nystrom,8,fixed_0,Burgers,60,0,0.008626625357286847,0.09673677812460832,0,0.005036899936385453,116,2
nystrom,8,fixed_0,Burgers,60,1,0.008626625357286847,0.09673677812460832,0,0.0038812001002952456,116,2
nystrom,8,fixed_0,Burgers,60,2,0.008626625357286847,0.09673677812460832,0,0.004551500082015991,116,2
nystrom,8,fixed_0,Burgers,60,3,0.008626625357286847,0.09673677812460832,0,0.005266699939966202,116,2
nystrom,8,fixed_0,Burgers,60,4,0.008626625357286847,0.09673677812460832,0,0.005719699896872044,116,2
nystrom,8,fixed_0,Burgers,62,0,0.019904348631842532,0.07110291928182814,0,0.007121600094251335,108,2
nystrom,8,fixed_0,Burgers,62,1,0.019904348631842532,0.07110291928182814,0,0.005784799926914275,108,2
nystrom,8,fixed_0,Burgers,62,2,0.019904348631842532,0.07110291928182814,0,0.007408699952065945,108,2
nystrom,8,fixed_0,Burgers,62,3,0.019904348631842532,0.07110291928182814,0,0.004444099962711334,108,2
nystrom,8,fixed_0,Burgers,62,4,0.019904348631842532,0.07110291928182814,0,0.0055330999894067645,108,2
nystrom,8,fixed_0,Burgers,64,0,0.047850171755864784,0.06994578374212969,0,0.004873499972745776,114,2
nystrom,8,fixed_0,Burgers,64,1,0.047850171755864784,0.06994578374212969,0,0.0056841999758034945,114,2
nystrom,8,fixed_0,Burgers,64,2,0.047850171755864784,0.06994578374212969,0,0.004540099995210767,114,2
nystrom,8,fixed_0,Burgers,64,3,0.047850171755864784,0.06994578374212969,0,0.004697399912402034,114,2
nystrom,8,fixed_0,Burgers,64,4,0.047850171755864784,0.06994578374212969,0,0.00450099993031472,114,2
nystrom,8,fixed_0,Burgers,65,0,0.018898221195743272,0.10054054391634194,0,0.007722800015471876,120,2
nystrom,8,fixed_0,Burgers,65,1,0.018898221195743272,0.10054054391634194,0,0.007083400036208332,120,2
nystrom,8,fixed_0,Burgers,65,2,0.018898221195743272,0.10054054391634194,0,0.006762700038962066,120,2
nystrom,8,fixed_0,Burgers,65,3,0.018898221195743272,0.10054054391634194,0,0.006229100050404668,120,2
nystrom,8,fixed_0,Burgers,65,4,0.018898221195743272,0.10054054391634194,0,0.006931400042958558,120,2
nystrom,8,fixed_0,Burgers,66,0,0.022436324952560146,0.08431587631193634,0,0.004762899945490062,114,2
nystrom,8,fixed_0,Burgers,66,1,0.022436324952560146,0.08431587631193634,0,0.004868999938480556,114,2
nystrom,8,fixed_0,Burgers,66,2,0.022436324952560146,0.08431587631193634,0,0.004675999982282519,114,2
nystrom,8,fixed_0,Burgers,66,3,0.022436324952560146,0.08431587631193634,0,0.0053521000081673265,114,2
nystrom,8,fixed_0,Burgers,66,4,0.022436324952560146,0.08431587631193634,0,0.004178000031970441,114,2
nystrom,8,fixed_0,Burgers,67,0,0.0820673815922296,0.04202628008946151,0,0.004444999969564378,110,2
nystrom,8,fixed_0,Burgers,67,1,0.0820673815922296,0.04202628008946151,0,0.0038193000946193933,110,2
nystrom,8,fixed_0,Burgers,67,2,0.0820673815922296,0.04202628008946151,0,0.0045931999338790774,110,2
nystrom,8,fixed_0,Burgers,67,3,0.0820673815922296,0.04202628008946151,0,0.005121299996972084,110,2
nystrom,8,fixed_0,Burgers,67,4,0.0820673815922296,0.04202628008946151,0,0.00478560000192374,110,2
nystrom,8,fixed_0,Burgers,68,0,0.01358726894184347,0.20705105792545012,0,0.004545800155028701,112,2
nystrom,8,fixed_0,Burgers,68,1,0.01358726894184347,0.20705105792545012,0,0.005288699991069734,112,2
nystrom,8,fixed_0,Burgers,68,2,0.01358726894184347,0.20705105792545012,0,0.0040059000020846725,112,2
nystrom,8,fixed_0,Burgers,68,3,0.01358726894184347,0.20705105792545012,0,0.004295999999158084,112,2
nystrom,8,fixed_0,Burgers,68,4,0.01358726894184347,0.20705105792545012,0,0.004096799995750189,112,2
nystrom,8,fixed_0,Burgers,69,0,0.019567153664671055,0.05510791338425962,0,0.004928199923597276,108,2
nystrom,8,fixed_0,Burgers,69,1,0.019567153664671055,0.05510791338425962,0,0.004889400093816221,108,2
nystrom,8,fixed_0,Burgers,69,2,0.019567153664671055,0.05510791338425962,0,0.0037788001354783773,108,2
nystrom,8,fixed_0,Burgers,69,3,0.019567153664671055,0.05510791338425962,0,0.0033298999769613147,108,2
nystrom,8,fixed_0,Burgers,69,4,0.019567153664671055,0.05510791338425962,0,0.0048584999749436975,108,2
nystrom,8,fixed_1,Allen-Cahn,75,0,0.0015935955709107093,0.24478447346058754,1,0.0018548000371083617,62,4
nystrom,8,fixed_1,Allen-Cahn,75,1,0.0015850147727797218,0.24478447346058754,1,0.0030595000134781003,62,4
nystrom,8,fixed_1,Allen-Cahn,75,2,0.001586944592216949,0.24478447346058754,1,0.00266069988720119,62,4
nystrom,8,fixed_1,Allen-Cahn,75,3,0.0015626434159510684,0.24478447346058754,1,0.0027835998916998506,62,4
nystrom,8,fixed_1,Allen-Cahn,75,4,0.0016007952863160639,0.24478447346058754,1,0.0030215000733733177,62,4
nystrom,8,fixed_1,Allen-Cahn,76,0,0.0028829662828874494,0.1198920810829619,1,0.002582699991762638,66,4
nystrom,8,fixed_1,Allen-Cahn,76,1,0.002876155209712611,0.1198920810829619,1,0.0017365999519824982,66,4
nystrom,8,fixed_1,Allen-Cahn,76,2,0.0028696228689714803,0.1198920810829619,1,0.0023021999513730407,66,4
nystrom,8,fixed_1,Allen-Cahn,76,3,0.0028828695938319018,0.1198920810829619,1,0.0023630999494343996,66,4
nystrom,8,fixed_1,Allen-Cahn,76,4,0.002864047546830096,0.1198920810829619,1,0.0019795000553131104,66,4
nystrom,8,fixed_1,Allen-Cahn,77,0,0.00921859890090492,0.39049687523095344,1,0.002407600055448711,70,4
nystrom,8,fixed_1,Allen-Cahn,77,1,0.009252391349227259,0.39049687523095344,1,0.002317100064828992,70,4
nystrom,8,fixed_1,Allen-Cahn,77,2,0.009226414357572406,0.39049687523095344,1,0.0016659999964758754,70,4
nystrom,8,fixed_1,Allen-Cahn,77,3,0.009180538080456466,0.39049687523095344,1,0.0027252001455053687,70,4
nystrom,8,fixed_1,Allen-Cahn,77,4,0.009194062621282785,0.39049687523095344,1,0.0016256999224424362,70,4
nystrom,8,fixed_1,Allen-Cahn,78,0,0.0013872567789280357,0.28167797695039015,1,0.001500799902714789,68,4
nystrom,8,fixed_1,Allen-Cahn,78,1,0.0014128778291096105,0.28167797695039015,1,0.0023990999907255173,68,4
nystrom,8,fixed_1,Allen-Cahn,78,2,0.0014060279230692079,0.28167797695039015,1,0.002095300005748868,68,4
nystrom,8,fixed_1,Allen-Cahn,78,3,0.0014135062581553857,0.28167797695039015,1,0.0024845999432727695,68,4
nystrom,8,fixed_1,Allen-Cahn,78,4,0.001392870971880279,0.28167797695039015,1,0.0016953999875113368,68,4
nystrom,8,fixed_1,Allen-Cahn,79,0,0.002769643637518818,0.46672331054507077,1,0.002651600050739944,68,4
nystrom,8,fixed_1,Allen-Cahn,79,1,0.00279054498068445,0.46672331054507077,1,0.0025385000044479966,68,4
nystrom,8,fixed_1,Allen-Cahn,79,2,0.002790923090290632,0.46672331054507077,1,0.0022176000056788325,68,4
nystrom,8,fixed_1,Allen-Cahn,79,3,0.0027952536039317,0.46672331054507077,1,0.001810800051316619,68,4
nystrom,8,fixed_1,Allen-Cahn,79,4,0.002829285925372909,0.46672331054507077,1,0.0026181999128311872,68,4
nystrom,8,fixed_1,Allen-Cahn,80,0,0.006692579635111696,0.36626326604464865,1,0.003008199972100556,64,4
nystrom,8,fixed_1,Allen-Cahn,80,1,0.0066034798890916135,0.36626326604464865,1,0.0027077000122517347,64,4
nystrom,8,fixed_1,Allen-Cahn,80,2,0.006990681268909168,0.36626326604464865,1,0.0024523999309167266,64,4
nystrom,8,fixed_1,Allen-Cahn,80,3,0.006588584745476849,0.36626326604464865,1,0.00191730004735291,64,4
nystrom,8,fixed_1,Allen-Cahn,80,4,0.006584933868036613,0.36626326604464865,1,0.0029786000959575176,64,4
nystrom,8,fixed_1,Allen-Cahn,82,0,0.008613213568736757,0.15552413475285662,1,0.0036004999419674277,72,4
nystrom,8,fixed_1,Allen-Cahn,82,1,0.008796701957782364,0.15552413475285662,1,0.003529299981892109,72,4
nystrom,8,fixed_1,Allen-Cahn,82,2,0.009020802238696526,0.15552413475285662,1,0.0038050999864935875,72,4
nystrom,8,fixed_1,Allen-Cahn,82,3,0.008729619075259926,0.15552413475285662,1,0.0035868999548256397,72,4
nystrom,8,fixed_1,Allen-Cahn,82,4,0.008963809538219226,0.15552413475285662,1,0.0034335999516770244,72,4
nystrom,8,fixed_1,Allen-Cahn,83,0,0.012837308872319184,0.21819187736901235,1,0.0021801000693812966,64,4
nystrom,8,fixed_1,Allen-Cahn,83,1,0.01284797633998035,0.21819187736901235,1,0.0015044000465422869,64,4
nystrom,8,fixed_1,Allen-Cahn,83,2,0.012797879521617053,0.21819187736901235,1,0.0023321000626310706,64,4
nystrom,8,fixed_1,Allen-Cahn,83,3,0.012801612413899054,0.21819187736901235,1,0.002479500020854175,64,4
nystrom,8,fixed_1,Allen-Cahn,83,4,0.012773714009074295,0.21819187736901235,1,0.002219200017862022,64,4
nystrom,8,fixed_1,Allen-Cahn,84,0,0.053656198485275496,0.2785667026014691,1,0.002716299961321056,70,4
nystrom,8,fixed_1,Allen-Cahn,84,1,0.05395493268561517,0.2785667026014691,1,0.001966299954801798,70,4
nystrom,8,fixed_1,Allen-Cahn,84,2,0.053892425527217354,0.2785667026014691,1,0.002030199975706637,70,4
nystrom,8,fixed_1,Allen-Cahn,84,3,0.0539351596071263,0.2785667026014691,1,0.0031986000249162316,70,4
nystrom,8,fixed_1,Allen-Cahn,84,4,0.05381066074222349,0.2785667026014691,1,0.0025189999723806977,70,4
nystrom,8,fixed_1,Burgers,55,0,0.009250784549814815,0.0789616526557739,1,0.005485299974679947,106,4
nystrom,8,fixed_1,Burgers,55,1,0.008695608065312293,0.0789616526557739,1,0.004400599980726838,106,4
nystrom,8,fixed_1,Burgers,55,2,0.008468501253581657,0.0789616526557739,1,0.00435439997818321,106,4
nystrom,8,fixed_1,Burgers,55,3,0.008716618600712683,0.0789616526557739,1,0.003685800009407103,106,4
nystrom,8,fixed_1,Burgers,55,4,0.00975694909110213,0.0789616526557739,1,0.003609800012782216,106,4
nystrom,8,fixed_1,Burgers,56,0,0.03196625065648079,0.09228635643654069,1,0.005319399992004037,102,4
nystrom,8,fixed_1,Burgers,56,1,0.03175713265832055,0.09228635643654069,1,0.005380800110287964,102,4
nystrom,8,fixed_1,Burgers,56,2,0.03188866119317184,0.09228635643654069,1,0.005937299923971295,102,4
nystrom,8,fixed_1,Burgers,56,3,0.03178959004398229,0.09228635643654069,1,0.004510700004175305,102,4
nystrom,8,fixed_1,Burgers,56,4,0.03197895476837935,0.09228635643654069,1,0.0041287001222372055,102,4
nystrom,8,fixed_1,Burgers,58,0,0.010288852618174858,0.014205395893809295,1,0.005058499984443188,114,4
nystrom,8,fixed_1,Burgers,58,1,0.010259882748852932,0.014205395893809295,1,0.005049800034612417,114,4
nystrom,8,fixed_1,Burgers,58,2,0.010254963170147713,0.014205395893809295,1,0.004737599985674024,114,4
nystrom,8,fixed_1,Burgers,58,3,0.010272187819638845,0.014205395893809295,1,0.005466700065881014,114,4
nystrom,8,fixed_1,Burgers,58,4,0.01023863175023487,0.014205395893809295,1,0.004623299930244684,114,4
nystrom,8,fixed_1,Burgers,59,0,0.059646148410313835,0.021715011005310245,1,0.006351999938488007,120,4
nystrom,8,fixed_1,Burgers,59,1,0.05934921405224705,0.021715011005310245,1,0.0075644999742507935,120,4
nystrom,8,fixed_1,Burgers,59,2,0.05857439326665624,0.021715011005310245,1,0.006448599975556135,120,4
nystrom,8,fixed_1,Burgers,59,3,0.05838334987556023,0.021715011005310245,1,0.006138900062069297,120,4
nystrom,8,fixed_1,Burgers,59,4,0.05947165122713526,0.021715011005310245,1,0.007760700071230531,120,4
nystrom,8,fixed_1,Burgers,60,0,0.00800194310926889,0.09673677812460832,1,0.005088699981570244,116,4
nystrom,8,fixed_1,Burgers,60,1,0.008138105643284165,0.09673677812460832,1,0.00393100013025105,116,4
nystrom,8,fixed_1,Burgers,60,2,0.008526699743109923,0.09673677812460832,1,0.004617099999450147,116,4
nystrom,8,fixed_1,Burgers,60,3,0.0076669187764513745,0.09673677812460832,1,0.005354700027965009,116,4
nystrom,8,fixed_1,Burgers,60,4,0.00824932630513803,0.09673677812460832,1,0.005808499990962446,116,4
nystrom,8,fixed_1,Burgers,62,0,0.0192325815377327,0.07110291928182814,1,0.0072434000903740525,108,4
nystrom,8,fixed_1,Burgers,62,1,0.019444611145261442,0.07110291928182814,1,0.005900499993003905,108,4
nystrom,8,fixed_1,Burgers,62,2,0.019299405180181622,0.07110291928182814,1,0.007603800040669739,108,4
nystrom,8,fixed_1,Burgers,62,3,0.019553873584212185,0.07110291928182814,1,0.004558400018140674,108,4
nystrom,8,fixed_1,Burgers,62,4,0.01925968955344801,0.07110291928182814,1,0.005594999995082617,108,4
nystrom,8,fixed_1,Burgers,64,0,0.04656015225391515,0.06994578374212969,1,0.004953299998305738,114,4
nystrom,8,fixed_1,Burgers,64,1,0.04746910496861333,0.06994578374212969,1,0.005769200040958822,114,4
nystrom,8,fixed_1,Burgers,64,2,0.0470470361299261,0.06994578374212969,1,0.004590899916365743,114,4
nystrom,8,fixed_1,Burgers,64,3,0.04693499207156673,0.06994578374212969,1,0.0047463999362662435,114,4
nystrom,8,fixed_1,Burgers,64,4,0.04691602890102935,0.06994578374212969,1,0.004562299931421876,114,4
nystrom,8,fixed_1,Burgers,65,0,0.01857425438159391,0.10054054391634194,1,0.007827800000086427,120,4
nystrom,8,fixed_1,Burgers,65,1,0.018237350279461436,0.10054054391634194,1,0.007188700023107231,120,4
nystrom,8,fixed_1,Burgers,65,2,0.018376284554832274,0.10054054391634194,1,0.0068425999488681555,120,4
nystrom,8,fixed_1,Burgers,65,3,0.018599239094665605,0.10054054391634194,1,0.006298199994489551,120,4
nystrom,8,fixed_1,Burgers,65,4,0.018448366168007463,0.10054054391634194,1,0.007045700098387897,120,4
nystrom,8,fixed_1,Burgers,66,0,0.022224108350010176,0.08431587631193634,1,0.004811999970115721,114,4
nystrom,8,fixed_1,Burgers,66,1,0.022211763527526327,0.08431587631193634,1,0.004938600002788007,114,4
nystrom,8,fixed_1,Burgers,66,2,0.022254082530973406,0.08431587631193634,1,0.004762300057336688,114,4
nystrom,8,fixed_1,Burgers,66,3,0.022124053187412104,0.08431587631193634,1,0.005442499998025596,114,4
nystrom,8,fixed_1,Burgers,66,4,0.02226171026186726,0.08431587631193634,1,0.004268200020305812,114,4
nystrom,8,fixed_1,Burgers,67,0,0.08165090665361385,0.04202628008946151,1,0.0045396999921649694,110,4
nystrom,8,fixed_1,Burgers,67,1,0.0816974308812245,0.04202628008946151,1,0.0038666999898850918,110,4
nystrom,8,fixed_1,Burgers,67,2,0.08167408241022484,0.04202628008946151,1,0.004668000037781894,110,4
nystrom,8,fixed_1,Burgers,67,3,0.08157548552587275,0.04202628008946151,1,0.005209699971601367,110,4
nystrom,8,fixed_1,Burgers,67,4,0.08181084377024034,0.04202628008946151,1,0.004835399915464222,110,4
nystrom,8,fixed_1,Burgers,68,0,0.013322646787071778,0.20705105792545012,1,0.004664799897000194,112,4
nystrom,8,fixed_1,Burgers,68,1,0.013350948456710752,0.20705105792545012,1,0.005376799963414669,112,4
nystrom,8,fixed_1,Burgers,68,2,0.01330280448738022,0.20705105792545012,1,0.004093799972906709,112,4
nystrom,8,fixed_1,Burgers,68,3,0.013301578371959813,0.20705105792545012,1,0.0043438998982310295,112,4
nystrom,8,fixed_1,Burgers,68,4,0.01328528802325799,0.20705105792545012,1,0.00422079989220947,112,4
nystrom,8,fixed_1,Burgers,69,0,0.01949533609691716,0.05510791338425962,1,0.004988000029698014,108,4
nystrom,8,fixed_1,Burgers,69,1,0.0193871026911764,0.05510791338425962,1,0.004970900132320821,108,4
nystrom,8,fixed_1,Burgers,69,2,0.019462649944486262,0.05510791338425962,1,0.0038244001334533095,108,4
nystrom,8,fixed_1,Burgers,69,3,0.0194856616493064,0.05510791338425962,1,0.0034187999553978443,108,4
nystrom,8,fixed_1,Burgers,69,4,0.019450419440350027,0.05510791338425962,1,0.004946499946527183,108,4
nystrom,8,fixed_3,Allen-Cahn,75,0,0.0014513007546877689,0.24478447346058754,3,0.002035300014540553,62,8
nystrom,8,fixed_3,Allen-Cahn,75,1,0.001411736867523962,0.24478447346058754,3,0.003269399981945753,62,8
nystrom,8,fixed_3,Allen-Cahn,75,2,0.001402242781239643,0.24478447346058754,3,0.0028835999546572566,62,8
nystrom,8,fixed_3,Allen-Cahn,75,3,0.0014516505566570168,0.24478447346058754,3,0.0029766999650746584,62,8
nystrom,8,fixed_3,Allen-Cahn,75,4,0.0014357811998528015,0.24478447346058754,3,0.00323300005402416,62,8
nystrom,8,fixed_3,Allen-Cahn,76,0,0.002784919185800018,0.1198920810829619,3,0.0027222000062465668,66,8
nystrom,8,fixed_3,Allen-Cahn,76,1,0.0027868288467698833,0.1198920810829619,3,0.001878000097349286,66,8
nystrom,8,fixed_3,Allen-Cahn,76,2,0.002709368062856428,0.1198920810829619,3,0.0023781999479979277,66,8
nystrom,8,fixed_3,Allen-Cahn,76,3,0.0027648293128998266,0.1198920810829619,3,0.0025162999518215656,66,8
nystrom,8,fixed_3,Allen-Cahn,76,4,0.002745256871577354,0.1198920810829619,3,0.002056300058029592,66,8
nystrom,8,fixed_3,Allen-Cahn,77,0,0.008873718975478194,0.39049687523095344,3,0.00248630007263273,70,8
nystrom,8,fixed_3,Allen-Cahn,77,1,0.008960430314502558,0.39049687523095344,3,0.0024850000627338886,70,8
nystrom,8,fixed_3,Allen-Cahn,77,2,0.008986713802093715,0.39049687523095344,3,0.0018091000383719802,70,8
nystrom,8,fixed_3,Allen-Cahn,77,3,0.008889985904709378,0.39049687523095344,3,0.002888200106099248,70,8
nystrom,8,fixed_3,Allen-Cahn,77,4,0.008937388051044113,0.39049687523095344,3,0.0017023999243974686,70,8
nystrom,8,fixed_3,Allen-Cahn,78,0,0.0013398344746212618,0.28167797695039015,3,0.001591599895618856,68,8
nystrom,8,fixed_3,Allen-Cahn,78,1,0.001346545303394327,0.28167797695039015,3,0.0025281000416725874,68,8
nystrom,8,fixed_3,Allen-Cahn,78,2,0.0013054287391381374,0.28167797695039015,3,0.0021711000008508563,68,8
nystrom,8,fixed_3,Allen-Cahn,78,3,0.0013320899637045479,0.28167797695039015,3,0.002617000020109117,68,8
nystrom,8,fixed_3,Allen-Cahn,78,4,0.0012821043483725316,0.28167797695039015,3,0.0018129999516531825,68,8
nystrom,8,fixed_3,Allen-Cahn,79,0,0.00267121350293106,0.46672331054507077,3,0.002802700037136674,68,8
nystrom,8,fixed_3,Allen-Cahn,79,1,0.0026303790997944916,0.46672331054507077,3,0.0026724000927060843,68,8
nystrom,8,fixed_3,Allen-Cahn,79,2,0.0027034957512682496,0.46672331054507077,3,0.0023219999857246876,68,8
nystrom,8,fixed_3,Allen-Cahn,79,3,0.002641722774424854,0.46672331054507077,3,0.0018875000532716513,68,8
nystrom,8,fixed_3,Allen-Cahn,79,4,0.00271915031542455,0.46672331054507077,3,0.0027688000118359923,68,8
nystrom,8,fixed_3,Allen-Cahn,80,0,0.0063696861222208466,0.36626326604464865,3,0.0032653999514877796,64,8
nystrom,8,fixed_3,Allen-Cahn,80,1,0.006276510002784031,0.36626326604464865,3,0.0028307000175118446,64,8
nystrom,8,fixed_3,Allen-Cahn,80,2,0.006593684391994233,0.36626326604464865,3,0.0026391000719740987,64,8
nystrom,8,fixed_3,Allen-Cahn,80,3,0.006212473015988167,0.36626326604464865,3,0.0020159000996500254,64,8
nystrom,8,fixed_3,Allen-Cahn,80,4,0.006271977483587402,0.36626326604464865,3,0.003157900064252317,64,8
nystrom,8,fixed_3,Allen-Cahn,82,0,0.008035918861999503,0.15552413475285662,3,0.0037973999278619885,72,8
nystrom,8,fixed_3,Allen-Cahn,82,1,0.008503758269346448,0.15552413475285662,3,0.0036302999360486865,72,8
nystrom,8,fixed_3,Allen-Cahn,82,2,0.008505700753542152,0.15552413475285662,3,0.00401509995572269,72,8
nystrom,8,fixed_3,Allen-Cahn,82,3,0.008329531780807274,0.15552413475285662,3,0.0037987999385222793,72,8
nystrom,8,fixed_3,Allen-Cahn,82,4,0.00857818170044229,0.15552413475285662,3,0.003638199996203184,72,8
nystrom,8,fixed_3,Allen-Cahn,83,0,0.011502186938910404,0.21819187736901235,3,0.0022557000629603863,64,8
nystrom,8,fixed_3,Allen-Cahn,83,1,0.01136675337179977,0.21819187736901235,3,0.0015810000477358699,64,8
nystrom,8,fixed_3,Allen-Cahn,83,2,0.0113127244045323,0.21819187736901235,3,0.0024669000413268805,64,8
nystrom,8,fixed_3,Allen-Cahn,83,3,0.011247333753277862,0.21819187736901235,3,0.002557200030423701,64,8
nystrom,8,fixed_3,Allen-Cahn,83,4,0.01127999610370657,0.21819187736901235,3,0.002356700017116964,64,8
nystrom,8,fixed_3,Allen-Cahn,84,0,0.0522671316678611,0.2785667026014691,3,0.0028292000060901046,70,8
nystrom,8,fixed_3,Allen-Cahn,84,1,0.05207219694489703,0.2785667026014691,3,0.0023919999366626143,70,8
nystrom,8,fixed_3,Allen-Cahn,84,2,0.05221065201975479,0.2785667026014691,3,0.0021008000476285815,70,8
nystrom,8,fixed_3,Allen-Cahn,84,3,0.05221966604448275,0.2785667026014691,3,0.0033526000333949924,70,8
nystrom,8,fixed_3,Allen-Cahn,84,4,0.05262982572275904,0.2785667026014691,3,0.002660099999047816,70,8
nystrom,8,fixed_3,Burgers,55,0,0.007824906329042147,0.0789616526557739,3,0.005565600004047155,106,8
nystrom,8,fixed_3,Burgers,55,1,0.00707064269907733,0.0789616526557739,3,0.004481199895963073,106,8
nystrom,8,fixed_3,Burgers,55,2,0.007487892718164202,0.0789616526557739,3,0.004476199974305928,106,8
nystrom,8,fixed_3,Burgers,55,3,0.007581112203792389,0.0789616526557739,3,0.003763900022022426,106,8
nystrom,8,fixed_3,Burgers,55,4,0.007858387176039053,0.0789616526557739,3,0.0038831999991089106,106,8
nystrom,8,fixed_3,Burgers,56,0,0.030836073027347692,0.09228635643654069,3,0.005646200035698712,102,8
nystrom,8,fixed_3,Burgers,56,1,0.030632724200593688,0.09228635643654069,3,0.005484800203703344,102,8
nystrom,8,fixed_3,Burgers,56,2,0.031078504343554542,0.09228635643654069,3,0.00611879990901798,102,8
nystrom,8,fixed_3,Burgers,56,3,0.030745913476760492,0.09228635643654069,3,0.004744199919514358,102,8
nystrom,8,fixed_3,Burgers,56,4,0.030834759850671543,0.09228635643654069,3,0.004209900158457458,102,8
nystrom,8,fixed_3,Burgers,58,0,0.009925735780920061,0.014205395893809295,3,0.00524490000680089,114,8
nystrom,8,fixed_3,Burgers,58,1,0.009868265959983925,0.014205395893809295,3,0.005229500005953014,114,8
nystrom,8,fixed_3,Burgers,58,2,0.009961876035377328,0.014205395893809295,3,0.00481820001732558,114,8
nystrom,8,fixed_3,Burgers,58,3,0.00995224222065191,0.014205395893809295,3,0.005628000129945576,114,8
nystrom,8,fixed_3,Burgers,58,4,0.009915078717596773,0.014205395893809295,3,0.004780899966135621,114,8
nystrom,8,fixed_3,Burgers,59,0,0.05796874188120316,0.021715011005310245,3,0.00653519993647933,120,8
nystrom,8,fixed_3,Burgers,59,1,0.057782502429060065,0.021715011005310245,3,0.0077658999944105744,120,8
nystrom,8,fixed_3,Burgers,59,2,0.057053452520405175,0.021715011005310245,3,0.006624800036661327,120,8
nystrom,8,fixed_3,Burgers,59,3,0.05749538197260189,0.021715011005310245,3,0.006452600006014109,120,8
nystrom,8,fixed_3,Burgers,59,4,0.057956178251484074,0.021715011005310245,3,0.00796499999705702,120,8
nystrom,8,fixed_3,Burgers,60,0,0.00740107349340874,0.09673677812460832,3,0.005175699945539236,116,8
nystrom,8,fixed_3,Burgers,60,1,0.007818840693573057,0.09673677812460832,3,0.004030100186355412,116,8
nystrom,8,fixed_3,Burgers,60,2,0.00821820119453642,0.09673677812460832,3,0.004710700013674796,116,8
nystrom,8,fixed_3,Burgers,60,3,0.007173952382718498,0.09673677812460832,3,0.005551400012336671,116,8
nystrom,8,fixed_3,Burgers,60,4,0.007786449178792834,0.09673677812460832,3,0.005965799908153713,116,8
nystrom,8,fixed_3,Burgers,62,0,0.018041066463370198,0.07110291928182814,3,0.007457600091584027,108,8
nystrom,8,fixed_3,Burgers,62,1,0.018232371451715006,0.07110291928182814,3,0.006102099898271263,108,8
nystrom,8,fixed_3,Burgers,62,2,0.01805664361193606,0.07110291928182814,3,0.007827800000086427,108,8
nystrom,8,fixed_3,Burgers,62,3,0.018039686398624702,0.07110291928182814,3,0.004761300049722195,108,8
nystrom,8,fixed_3,Burgers,62,4,0.01758736992604033,0.07110291928182814,3,0.005695899948477745,108,8
nystrom,8,fixed_3,Burgers,64,0,0.04523510484526242,0.06994578374212969,3,0.005091099999845028,114,8
nystrom,8,fixed_3,Burgers,64,1,0.045270923357305794,0.06994578374212969,3,0.005899999989196658,114,8
nystrom,8,fixed_3,Burgers,64,2,0.04521659509457704,0.06994578374212969,3,0.004670899943448603,114,8
nystrom,8,fixed_3,Burgers,64,3,0.04532652700789337,0.06994578374212969,3,0.004940500017255545,114,8
nystrom,8,fixed_3,Burgers,64,4,0.04516565112459441,0.06994578374212969,3,0.004655299941077828,114,8
nystrom,8,fixed_3,Burgers,65,0,0.01784450227094089,0.10054054391634194,3,0.008018799941055477,120,8
nystrom,8,fixed_3,Burgers,65,1,0.017707737328621253,0.10054054391634194,3,0.007373400032520294,120,8
nystrom,8,fixed_3,Burgers,65,2,0.017612447242892085,0.10054054391634194,3,0.006958300014957786,120,8
nystrom,8,fixed_3,Burgers,65,3,0.018034780628183734,0.10054054391634194,3,0.006405099993571639,120,8
nystrom,8,fixed_3,Burgers,65,4,0.018150992473235032,0.10054054391634194,3,0.00754590006545186,120,8
nystrom,8,fixed_3,Burgers,66,0,0.02181956462260174,0.08431587631193634,3,0.004892099997960031,114,8
nystrom,8,fixed_3,Burgers,66,1,0.021910169341922404,0.08431587631193634,3,0.005017400020733476,114,8
nystrom,8,fixed_3,Burgers,66,2,0.021788062488452675,0.08431587631193634,3,0.004917499958537519,114,8
nystrom,8,fixed_3,Burgers,66,3,0.02182577092061049,0.08431587631193634,3,0.005602399935014546,114,8
nystrom,8,fixed_3,Burgers,66,4,0.022062777991748658,0.08431587631193634,3,0.004448599996976554,114,8
nystrom,8,fixed_3,Burgers,67,0,0.07906194075899561,0.04202628008946151,3,0.00470099993981421,110,8
nystrom,8,fixed_3,Burgers,67,1,0.07906528281428546,0.04202628008946151,3,0.003945200005546212,110,8
nystrom,8,fixed_3,Burgers,67,2,0.0791136392658155,0.04202628008946151,3,0.004802800016477704,110,8
nystrom,8,fixed_3,Burgers,67,3,0.07882589112698647,0.04202628008946151,3,0.005366199999116361,110,8
nystrom,8,fixed_3,Burgers,67,4,0.07946335230728607,0.04202628008946151,3,0.004916999954730272,110,8
nystrom,8,fixed_3,Burgers,68,0,0.01156512766200816,0.20705105792545012,3,0.00487139995675534,112,8
nystrom,8,fixed_3,Burgers,68,1,0.012402274227433603,0.20705105792545012,3,0.005533899995498359,112,8
nystrom,8,fixed_3,Burgers,68,2,0.01197699851591645,0.20705105792545012,3,0.004251700011081994,112,8
nystrom,8,fixed_3,Burgers,68,3,0.011535486285415454,0.20705105792545012,3,0.004425499937497079,112,8
nystrom,8,fixed_3,Burgers,68,4,0.012438837137610126,0.20705105792545012,3,0.004440699936822057,112,8
nystrom,8,fixed_3,Burgers,69,0,0.018888132723872363,0.05510791338425962,3,0.00506870006211102,108,8
nystrom,8,fixed_3,Burgers,69,1,0.018838106963770092,0.05510791338425962,3,0.0050784999039024115,108,8
nystrom,8,fixed_3,Burgers,69,2,0.01904693195136781,0.05510791338425962,3,0.0039727999828755856,108,8
nystrom,8,fixed_3,Burgers,69,3,0.018935806072740292,0.05510791338425962,3,0.0035810000263154507,108,8
nystrom,8,fixed_3,Burgers,69,4,0.01879547553702223,0.05510791338425962,3,0.005099999951198697,108,8
nystrom,8,fixed_5,Allen-Cahn,75,0,0.0011908025429552668,0.24478447346058754,5,0.0022010999964550138,62,12
nystrom,8,fixed_5,Allen-Cahn,75,1,0.001175879525462307,0.24478447346058754,5,0.0034672999754548073,62,12
nystrom,8,fixed_5,Allen-Cahn,75,2,0.0011328675283503048,0.24478447346058754,5,0.0030337999342009425,62,12
nystrom,8,fixed_5,Allen-Cahn,75,3,0.0011153551969234003,0.24478447346058754,5,0.0031656998908147216,62,12
nystrom,8,fixed_5,Allen-Cahn,75,4,0.0011958148912743429,0.24478447346058754,5,0.0034267001319676638,62,12
nystrom,8,fixed_5,Allen-Cahn,76,0,0.0021457647339889483,0.1198920810829619,5,0.0028609000146389008,66,12
nystrom,8,fixed_5,Allen-Cahn,76,1,0.00225685936986416,0.1198920810829619,5,0.001957500004209578,66,12
nystrom,8,fixed_5,Allen-Cahn,76,2,0.0022718282264883294,0.1198920810829619,5,0.002452000044286251,66,12
nystrom,8,fixed_5,Allen-Cahn,76,3,0.002297877696771631,0.1198920810829619,5,0.002666400047019124,66,12
nystrom,8,fixed_5,Allen-Cahn,76,4,0.002255218288415382,0.1198920810829619,5,0.002130800043232739,66,12
nystrom,8,fixed_5,Allen-Cahn,77,0,0.008191937898564611,0.39049687523095344,5,0.0025631000753492117,70,12
nystrom,8,fixed_5,Allen-Cahn,77,1,0.00862998440706069,0.39049687523095344,5,0.0026412000879645348,70,12
nystrom,8,fixed_5,Allen-Cahn,77,2,0.008548603716329572,0.39049687523095344,5,0.0021342000691220164,70,12
nystrom,8,fixed_5,Allen-Cahn,77,3,0.00858463894092695,0.39049687523095344,5,0.003038200084120035,70,12
nystrom,8,fixed_5,Allen-Cahn,77,4,0.00854775616075008,0.39049687523095344,5,0.0017766999080777168,70,12
nystrom,8,fixed_5,Allen-Cahn,78,0,0.0011428388584120341,0.28167797695039015,5,0.0016795999836176634,68,12
nystrom,8,fixed_5,Allen-Cahn,78,1,0.0011536673989082625,0.28167797695039015,5,0.0026581999845802784,68,12
nystrom,8,fixed_5,Allen-Cahn,78,2,0.0010998487634127922,0.28167797695039015,5,0.0022452999837696552,68,12
nystrom,8,fixed_5,Allen-Cahn,78,3,0.0011577199692588496,0.28167797695039015,5,0.0027685000095516443,68,12
nystrom,8,fixed_5,Allen-Cahn,78,4,0.001069896213120066,0.28167797695039015,5,0.0022778999991714954,68,12
nystrom,8,fixed_5,Allen-Cahn,79,0,0.002434718854026747,0.46672331054507077,5,0.0029226000187918544,68,12
nystrom,8,fixed_5,Allen-Cahn,79,1,0.002394037879354802,0.46672331054507077,5,0.002808100078254938,68,12
nystrom,8,fixed_5,Allen-Cahn,79,2,0.0024861888590077333,0.46672331054507077,5,0.00241199997253716,68,12
nystrom,8,fixed_5,Allen-Cahn,79,3,0.002397278148307135,0.46672331054507077,5,0.0019790000515058637,68,12
nystrom,8,fixed_5,Allen-Cahn,79,4,0.002488211626546384,0.46672331054507077,5,0.0029178999830037355,68,12
nystrom,8,fixed_5,Allen-Cahn,80,0,0.004568587063465045,0.36626326604464865,5,0.0034702999982982874,64,12
nystrom,8,fixed_5,Allen-Cahn,80,1,0.004492083615767551,0.36626326604464865,5,0.002930200076662004,64,12
nystrom,8,fixed_5,Allen-Cahn,80,2,0.004961942999495122,0.36626326604464865,5,0.002943500061519444,64,12
nystrom,8,fixed_5,Allen-Cahn,80,3,0.0044950618294473405,0.36626326604464865,5,0.0021120000164955854,64,12
nystrom,8,fixed_5,Allen-Cahn,80,4,0.00455243369920023,0.36626326604464865,5,0.0033264000667259097,64,12
nystrom,8,fixed_5,Allen-Cahn,82,0,0.006608691553095263,0.15552413475285662,5,0.0039863999700173736,72,12
nystrom,8,fixed_5,Allen-Cahn,82,1,0.006788611187894789,0.15552413475285662,5,0.003747300012037158,72,12
nystrom,8,fixed_5,Allen-Cahn,82,2,0.007627353149798275,0.15552413475285662,5,0.0042120999423787,72,12
nystrom,8,fixed_5,Allen-Cahn,82,3,0.007511253176566562,0.15552413475285662,5,0.00424469995778054,72,12
nystrom,8,fixed_5,Allen-Cahn,82,4,0.006678696229648257,0.15552413475285662,5,0.0038588999304920435,72,12
nystrom,8,fixed_5,Allen-Cahn,83,0,0.005951312741218307,0.21819187736901235,5,0.002329600043594837,64,12
nystrom,8,fixed_5,Allen-Cahn,83,1,0.006243370728981841,0.21819187736901235,5,0.0016571000451222062,64,12
nystrom,8,fixed_5,Allen-Cahn,83,2,0.006032402710544874,0.21819187736901235,5,0.002606900059618056,64,12
nystrom,8,fixed_5,Allen-Cahn,83,3,0.006186806033965874,0.21819187736901235,5,0.0026366000529378653,64,12
nystrom,8,fixed_5,Allen-Cahn,83,4,0.00579662107091836,0.21819187736901235,5,0.0024924000026658177,64,12
nystrom,8,fixed_5,Allen-Cahn,84,0,0.05096387031774967,0.2785667026014691,5,0.0029047999996691942,70,12
nystrom,8,fixed_5,Allen-Cahn,84,1,0.050852665062173834,0.2785667026014691,5,0.0027875000378116965,70,12
nystrom,8,fixed_5,Allen-Cahn,84,2,0.05091468980406508,0.2785667026014691,5,0.0021717000054195523,70,12
nystrom,8,fixed_5,Allen-Cahn,84,3,0.05085765511528152,0.2785667026014691,5,0.0035038000205531716,70,12
nystrom,8,fixed_5,Allen-Cahn,84,4,0.051137973517035334,0.2785667026014691,5,0.0028030999237671494,70,12
nystrom,8,fixed_5,Burgers,55,0,0.006841939861490852,0.0789616526557739,5,0.005642400006763637,106,12
nystrom,8,fixed_5,Burgers,55,1,0.006348539847163351,0.0789616526557739,5,0.004561599926091731,106,12
nystrom,8,fixed_5,Burgers,55,2,0.006818918890069099,0.0789616526557739,5,0.00458399998024106,106,12
nystrom,8,fixed_5,Burgers,55,3,0.006889923261801037,0.0789616526557739,5,0.0038920999504625797,106,12
nystrom,8,fixed_5,Burgers,55,4,0.00679460382399926,0.0789616526557739,5,0.0040683000115677714,106,12
nystrom,8,fixed_5,Burgers,56,0,0.029563696471713984,0.09228635643654069,5,0.006023399997502565,102,12
nystrom,8,fixed_5,Burgers,56,1,0.02944602539014663,0.09228635643654069,5,0.005586500163190067,102,12
nystrom,8,fixed_5,Burgers,56,2,0.029991963884015236,0.09228635643654069,5,0.006284500006586313,102,12
nystrom,8,fixed_5,Burgers,56,3,0.029658401488575497,0.09228635643654069,5,0.004957499913871288,102,12
nystrom,8,fixed_5,Burgers,56,4,0.02962449144248021,0.09228635643654069,5,0.0042896001832559705,102,12
nystrom,8,fixed_5,Burgers,58,0,0.00964190343803362,0.014205395893809295,5,0.005405200063250959,114,12
nystrom,8,fixed_5,Burgers,58,1,0.009484485728968399,0.014205395893809295,5,0.0053743000607937574,114,12
nystrom,8,fixed_5,Burgers,58,2,0.009414713928531564,0.014205395893809295,5,0.0048967000329867005,114,12
nystrom,8,fixed_5,Burgers,58,3,0.009381133643002955,0.014205395893809295,5,0.0057709000539034605,114,12
nystrom,8,fixed_5,Burgers,58,4,0.009555476031022195,0.014205395893809295,5,0.004933799966238439,114,12
nystrom,8,fixed_5,Burgers,59,0,0.056193388679544674,0.021715011005310245,5,0.0068570999428629875,120,12
nystrom,8,fixed_5,Burgers,59,1,0.05563658926001538,0.021715011005310245,5,0.007964899996295571,120,12
nystrom,8,fixed_5,Burgers,59,2,0.05473765393412709,0.021715011005310245,5,0.006798200076445937,120,12
nystrom,8,fixed_5,Burgers,59,3,0.05558489295432319,0.021715011005310245,5,0.006759600015357137,120,12
nystrom,8,fixed_5,Burgers,59,4,0.055286251005454465,0.021715011005310245,5,0.00816510000731796,120,12
nystrom,8,fixed_5,Burgers,60,0,0.00690893740917569,0.09673677812460832,5,0.005266699939966202,116,12
nystrom,8,fixed_5,Burgers,60,1,0.007190799326894902,0.09673677812460832,5,0.004120400175452232,116,12
nystrom,8,fixed_5,Burgers,60,2,0.007400483394904955,0.09673677812460832,5,0.00480490003246814,116,12
nystrom,8,fixed_5,Burgers,60,3,0.006676152525930738,0.09673677812460832,5,0.005726099945604801,116,12
nystrom,8,fixed_5,Burgers,60,4,0.00725365332772194,0.09673677812460832,5,0.006122299935668707,116,12
nystrom,8,fixed_5,Burgers,62,0,0.015925600561054857,0.07110291928182814,5,0.007670200080610812,108,12
nystrom,8,fixed_5,Burgers,62,1,0.016112091252937246,0.07110291928182814,5,0.00630549993366003,108,12
nystrom,8,fixed_5,Burgers,62,2,0.01607091080830959,0.07110291928182814,5,0.007966100005432963,108,12
nystrom,8,fixed_5,Burgers,62,3,0.016241578467608493,0.07110291928182814,5,0.004961600061506033,108,12
nystrom,8,fixed_5,Burgers,62,4,0.015067057735478024,0.07110291928182814,5,0.005796999903395772,108,12
nystrom,8,fixed_5,Burgers,64,0,0.043895511376928535,0.06994578374212969,5,0.005230000009760261,114,12
nystrom,8,fixed_5,Burgers,64,1,0.043876261834320175,0.06994578374212969,5,0.005977699998766184,114,12
nystrom,8,fixed_5,Burgers,64,2,0.04428520114963059,0.06994578374212969,5,0.004749399959109724,114,12
nystrom,8,fixed_5,Burgers,64,3,0.04400269708454526,0.06994578374212969,5,0.005098699941299856,114,12
nystrom,8,fixed_5,Burgers,64,4,0.04394379242277215,0.06994578374212969,5,0.0047463999362662435,114,12
nystrom,8,fixed_5,Burgers,65,0,0.017053053655542456,0.10054054391634194,5,0.008228400023654103,120,12
nystrom,8,fixed_5,Burgers,65,1,0.016849866100643693,0.10054054391634194,5,0.007553400006145239,120,12
nystrom,8,fixed_5,Burgers,65,2,0.016999011138300487,0.10054054391634194,5,0.007110899896360934,120,12
nystrom,8,fixed_5,Burgers,65,3,0.017207551249284934,0.10054054391634194,5,0.006509800092317164,120,12
nystrom,8,fixed_5,Burgers,65,4,0.01710111848374581,0.10054054391634194,5,0.007889000000432134,120,12
nystrom,8,fixed_5,Burgers,66,0,0.020908805683314317,0.08431587631193634,5,0.004963599960319698,114,12
nystrom,8,fixed_5,Burgers,66,1,0.021166719312834342,0.08431587631193634,5,0.005093700019642711,114,12
nystrom,8,fixed_5,Burgers,66,2,0.02099104522297265,0.08431587631193634,5,0.005090299993753433,114,12
nystrom,8,fixed_5,Burgers,66,3,0.021198848841594457,0.08431587631193634,5,0.0057697000447660685,114,12
nystrom,8,fixed_5,Burgers,66,4,0.021031199344741888,0.08431587631193634,5,0.004608799936249852,114,12
nystrom,8,fixed_5,Burgers,67,0,0.07825804915848275,0.04202628008946151,5,0.0048519999254494905,110,12
nystrom,8,fixed_5,Burgers,67,1,0.07825882846127391,0.04202628008946151,5,0.004024200025014579,110,12
nystrom,8,fixed_5,Burgers,67,2,0.07798317423026574,0.04202628008946151,5,0.00493970001116395,110,12
nystrom,8,fixed_5,Burgers,67,3,0.0780684931590534,0.04202628008946151,5,0.005520200007595122,110,12
nystrom,8,fixed_5,Burgers,67,4,0.078687130494857,0.04202628008946151,5,0.004994599963538349,110,12
nystrom,8,fixed_5,Burgers,68,0,0.010781184428456545,0.20705105792545012,5,0.005084200180135667,112,12
nystrom,8,fixed_5,Burgers,68,1,0.011151074462425917,0.20705105792545012,5,0.005690400023013353,112,12
nystrom,8,fixed_5,Burgers,68,2,0.011044310618458297,0.20705105792545012,5,0.004404500010423362,112,12
nystrom,8,fixed_5,Burgers,68,3,0.011009354846633233,0.20705105792545012,5,0.0045038999523967505,112,12
nystrom,8,fixed_5,Burgers,68,4,0.011050773783903697,0.20705105792545012,5,0.004656899953261018,112,12
nystrom,8,fixed_5,Burgers,69,0,0.018518558066565754,0.05510791338425962,5,0.005148600088432431,108,12
nystrom,8,fixed_5,Burgers,69,1,0.01834398922594792,0.05510791338425962,5,0.005158599931746721,108,12
nystrom,8,fixed_5,Burgers,69,2,0.018558474002776267,0.05510791338425962,5,0.004127599997445941,108,12
nystrom,8,fixed_5,Burgers,69,3,0.01834466579677157,0.05510791338425962,5,0.003741299966350198,108,12
nystrom,8,fixed_5,Burgers,69,4,0.018285991132431127,0.05510791338425962,5,0.00525819999165833,108,12
nystrom,8,adaptive,Allen-Cahn,75,0,0.0011908025429552668,0.24478447346058754,5,0.0022010999964550138,62,12
nystrom,8,adaptive,Allen-Cahn,75,1,0.001175879525462307,0.24478447346058754,5,0.0034672999754548073,62,12
nystrom,8,adaptive,Allen-Cahn,75,2,0.0011328675283503048,0.24478447346058754,5,0.0030337999342009425,62,12
nystrom,8,adaptive,Allen-Cahn,75,3,0.0011153551969234003,0.24478447346058754,5,0.0031656998908147216,62,12
nystrom,8,adaptive,Allen-Cahn,75,4,0.0011958148912743429,0.24478447346058754,5,0.0034267001319676638,62,12
nystrom,8,adaptive,Allen-Cahn,76,0,0.0021457647339889483,0.1198920810829619,5,0.0028609000146389008,66,12
nystrom,8,adaptive,Allen-Cahn,76,1,0.00225685936986416,0.1198920810829619,5,0.001957500004209578,66,12
nystrom,8,adaptive,Allen-Cahn,76,2,0.0022718282264883294,0.1198920810829619,5,0.002452000044286251,66,12
nystrom,8,adaptive,Allen-Cahn,76,3,0.002297877696771631,0.1198920810829619,5,0.002666400047019124,66,12
nystrom,8,adaptive,Allen-Cahn,76,4,0.002255218288415382,0.1198920810829619,5,0.002130800043232739,66,12
nystrom,8,adaptive,Allen-Cahn,77,0,0.008191937898564611,0.39049687523095344,5,0.0025631000753492117,70,12
nystrom,8,adaptive,Allen-Cahn,77,1,0.00862998440706069,0.39049687523095344,5,0.0026412000879645348,70,12
nystrom,8,adaptive,Allen-Cahn,77,2,0.008548603716329572,0.39049687523095344,5,0.0021342000691220164,70,12
nystrom,8,adaptive,Allen-Cahn,77,3,0.00858463894092695,0.39049687523095344,5,0.003038200084120035,70,12
nystrom,8,adaptive,Allen-Cahn,77,4,0.00854775616075008,0.39049687523095344,5,0.0017766999080777168,70,12
nystrom,8,adaptive,Allen-Cahn,78,0,0.0011428388584120341,0.28167797695039015,5,0.0016795999836176634,68,12
nystrom,8,adaptive,Allen-Cahn,78,1,0.0011536673989082625,0.28167797695039015,5,0.0026581999845802784,68,12
nystrom,8,adaptive,Allen-Cahn,78,2,0.0010998487634127922,0.28167797695039015,5,0.0022452999837696552,68,12
nystrom,8,adaptive,Allen-Cahn,78,3,0.0011577199692588496,0.28167797695039015,5,0.0027685000095516443,68,12
nystrom,8,adaptive,Allen-Cahn,78,4,0.001069896213120066,0.28167797695039015,5,0.0022778999991714954,68,12
nystrom,8,adaptive,Allen-Cahn,79,0,0.002434718854026747,0.46672331054507077,5,0.0029226000187918544,68,12
nystrom,8,adaptive,Allen-Cahn,79,1,0.002394037879354802,0.46672331054507077,5,0.002808100078254938,68,12
nystrom,8,adaptive,Allen-Cahn,79,2,0.0024861888590077333,0.46672331054507077,5,0.00241199997253716,68,12
nystrom,8,adaptive,Allen-Cahn,79,3,0.002397278148307135,0.46672331054507077,5,0.0019790000515058637,68,12
nystrom,8,adaptive,Allen-Cahn,79,4,0.002488211626546384,0.46672331054507077,5,0.0029178999830037355,68,12
nystrom,8,adaptive,Allen-Cahn,80,0,0.004568587063465045,0.36626326604464865,5,0.0034702999982982874,64,12
nystrom,8,adaptive,Allen-Cahn,80,1,0.004492083615767551,0.36626326604464865,5,0.002930200076662004,64,12
nystrom,8,adaptive,Allen-Cahn,80,2,0.004961942999495122,0.36626326604464865,5,0.002943500061519444,64,12
nystrom,8,adaptive,Allen-Cahn,80,3,0.0044950618294473405,0.36626326604464865,5,0.0021120000164955854,64,12
nystrom,8,adaptive,Allen-Cahn,80,4,0.00455243369920023,0.36626326604464865,5,0.0033264000667259097,64,12
nystrom,8,adaptive,Allen-Cahn,82,0,0.006608691553095263,0.15552413475285662,5,0.0039863999700173736,72,12
nystrom,8,adaptive,Allen-Cahn,82,1,0.006788611187894789,0.15552413475285662,5,0.003747300012037158,72,12
nystrom,8,adaptive,Allen-Cahn,82,2,0.007627353149798275,0.15552413475285662,5,0.0042120999423787,72,12
nystrom,8,adaptive,Allen-Cahn,82,3,0.007511253176566562,0.15552413475285662,5,0.00424469995778054,72,12
nystrom,8,adaptive,Allen-Cahn,82,4,0.006678696229648257,0.15552413475285662,5,0.0038588999304920435,72,12
nystrom,8,adaptive,Allen-Cahn,83,0,0.005951312741218307,0.21819187736901235,5,0.002329600043594837,64,12
nystrom,8,adaptive,Allen-Cahn,83,1,0.006243370728981841,0.21819187736901235,5,0.0016571000451222062,64,12
nystrom,8,adaptive,Allen-Cahn,83,2,0.006032402710544874,0.21819187736901235,5,0.002606900059618056,64,12
nystrom,8,adaptive,Allen-Cahn,83,3,0.006186806033965874,0.21819187736901235,5,0.0026366000529378653,64,12
nystrom,8,adaptive,Allen-Cahn,83,4,0.00579662107091836,0.21819187736901235,5,0.0024924000026658177,64,12
nystrom,8,adaptive,Allen-Cahn,84,0,0.05096387031774967,0.2785667026014691,5,0.0029047999996691942,70,12
nystrom,8,adaptive,Allen-Cahn,84,1,0.050852665062173834,0.2785667026014691,5,0.0027875000378116965,70,12
nystrom,8,adaptive,Allen-Cahn,84,2,0.05091468980406508,0.2785667026014691,5,0.0021717000054195523,70,12
nystrom,8,adaptive,Allen-Cahn,84,3,0.05085765511528152,0.2785667026014691,5,0.0035038000205531716,70,12
nystrom,8,adaptive,Allen-Cahn,84,4,0.051137973517035334,0.2785667026014691,5,0.0028030999237671494,70,12
nystrom,8,adaptive,Burgers,55,0,0.006841939861490852,0.0789616526557739,5,0.005642400006763637,106,12
nystrom,8,adaptive,Burgers,55,1,0.006348539847163351,0.0789616526557739,5,0.004561599926091731,106,12
nystrom,8,adaptive,Burgers,55,2,0.006818918890069099,0.0789616526557739,5,0.00458399998024106,106,12
nystrom,8,adaptive,Burgers,55,3,0.006889923261801037,0.0789616526557739,5,0.0038920999504625797,106,12
nystrom,8,adaptive,Burgers,55,4,0.00679460382399926,0.0789616526557739,5,0.0040683000115677714,106,12
nystrom,8,adaptive,Burgers,56,0,0.029563696471713984,0.09228635643654069,5,0.006023399997502565,102,12
nystrom,8,adaptive,Burgers,56,1,0.02944602539014663,0.09228635643654069,5,0.005586500163190067,102,12
nystrom,8,adaptive,Burgers,56,2,0.029991963884015236,0.09228635643654069,5,0.006284500006586313,102,12
nystrom,8,adaptive,Burgers,56,3,0.029658401488575497,0.09228635643654069,5,0.004957499913871288,102,12
nystrom,8,adaptive,Burgers,56,4,0.02962449144248021,0.09228635643654069,5,0.0042896001832559705,102,12
nystrom,8,adaptive,Burgers,58,0,0.00964190343803362,0.014205395893809295,5,0.005405200063250959,114,12
nystrom,8,adaptive,Burgers,58,1,0.009484485728968399,0.014205395893809295,5,0.0053743000607937574,114,12
nystrom,8,adaptive,Burgers,58,2,0.009414713928531564,0.014205395893809295,5,0.0048967000329867005,114,12
nystrom,8,adaptive,Burgers,58,3,0.009381133643002955,0.014205395893809295,5,0.0057709000539034605,114,12
nystrom,8,adaptive,Burgers,58,4,0.009555476031022195,0.014205395893809295,5,0.004933799966238439,114,12
nystrom,8,adaptive,Burgers,59,0,0.056193388679544674,0.021715011005310245,5,0.0068570999428629875,120,12
nystrom,8,adaptive,Burgers,59,1,0.05563658926001538,0.021715011005310245,5,0.007964899996295571,120,12
nystrom,8,adaptive,Burgers,59,2,0.05473765393412709,0.021715011005310245,5,0.006798200076445937,120,12
nystrom,8,adaptive,Burgers,59,3,0.05558489295432319,0.021715011005310245,5,0.006759600015357137,120,12
nystrom,8,adaptive,Burgers,59,4,0.055286251005454465,0.021715011005310245,5,0.00816510000731796,120,12
nystrom,8,adaptive,Burgers,60,0,0.00690893740917569,0.09673677812460832,5,0.005266699939966202,116,12
nystrom,8,adaptive,Burgers,60,1,0.007190799326894902,0.09673677812460832,5,0.004120400175452232,116,12
nystrom,8,adaptive,Burgers,60,2,0.007400483394904955,0.09673677812460832,5,0.00480490003246814,116,12
nystrom,8,adaptive,Burgers,60,3,0.006676152525930738,0.09673677812460832,5,0.005726099945604801,116,12
nystrom,8,adaptive,Burgers,60,4,0.00725365332772194,0.09673677812460832,5,0.006122299935668707,116,12
nystrom,8,adaptive,Burgers,62,0,0.015925600561054857,0.07110291928182814,5,0.007670200080610812,108,12
nystrom,8,adaptive,Burgers,62,1,0.016112091252937246,0.07110291928182814,5,0.00630549993366003,108,12
nystrom,8,adaptive,Burgers,62,2,0.01607091080830959,0.07110291928182814,5,0.007966100005432963,108,12
nystrom,8,adaptive,Burgers,62,3,0.016241578467608493,0.07110291928182814,5,0.004961600061506033,108,12
nystrom,8,adaptive,Burgers,62,4,0.015067057735478024,0.07110291928182814,5,0.005796999903395772,108,12
nystrom,8,adaptive,Burgers,64,0,0.043895511376928535,0.06994578374212969,5,0.005230000009760261,114,12
nystrom,8,adaptive,Burgers,64,1,0.043876261834320175,0.06994578374212969,5,0.005977699998766184,114,12
nystrom,8,adaptive,Burgers,64,2,0.04428520114963059,0.06994578374212969,5,0.004749399959109724,114,12
nystrom,8,adaptive,Burgers,64,3,0.04400269708454526,0.06994578374212969,5,0.005098699941299856,114,12
nystrom,8,adaptive,Burgers,64,4,0.04394379242277215,0.06994578374212969,5,0.0047463999362662435,114,12
nystrom,8,adaptive,Burgers,65,0,0.017053053655542456,0.10054054391634194,5,0.008228400023654103,120,12
nystrom,8,adaptive,Burgers,65,1,0.016849866100643693,0.10054054391634194,5,0.007553400006145239,120,12
nystrom,8,adaptive,Burgers,65,2,0.016999011138300487,0.10054054391634194,5,0.007110899896360934,120,12
nystrom,8,adaptive,Burgers,65,3,0.017207551249284934,0.10054054391634194,5,0.006509800092317164,120,12
nystrom,8,adaptive,Burgers,65,4,0.01710111848374581,0.10054054391634194,5,0.007889000000432134,120,12
nystrom,8,adaptive,Burgers,66,0,0.020908805683314317,0.08431587631193634,5,0.004963599960319698,114,12
nystrom,8,adaptive,Burgers,66,1,0.021166719312834342,0.08431587631193634,5,0.005093700019642711,114,12
nystrom,8,adaptive,Burgers,66,2,0.02099104522297265,0.08431587631193634,5,0.005090299993753433,114,12
nystrom,8,adaptive,Burgers,66,3,0.021198848841594457,0.08431587631193634,5,0.0057697000447660685,114,12
nystrom,8,adaptive,Burgers,66,4,0.021031199344741888,0.08431587631193634,5,0.004608799936249852,114,12
nystrom,8,adaptive,Burgers,67,0,0.07825804915848275,0.04202628008946151,5,0.0048519999254494905,110,12
nystrom,8,adaptive,Burgers,67,1,0.07825882846127391,0.04202628008946151,5,0.004024200025014579,110,12
nystrom,8,adaptive,Burgers,67,2,0.07798317423026574,0.04202628008946151,5,0.00493970001116395,110,12
nystrom,8,adaptive,Burgers,67,3,0.0780684931590534,0.04202628008946151,5,0.005520200007595122,110,12
nystrom,8,adaptive,Burgers,67,4,0.078687130494857,0.04202628008946151,5,0.004994599963538349,110,12
nystrom,8,adaptive,Burgers,68,0,0.010781184428456545,0.20705105792545012,5,0.005084200180135667,112,12
nystrom,8,adaptive,Burgers,68,1,0.011151074462425917,0.20705105792545012,5,0.005690400023013353,112,12
nystrom,8,adaptive,Burgers,68,2,0.011044310618458297,0.20705105792545012,5,0.004404500010423362,112,12
nystrom,8,adaptive,Burgers,68,3,0.011009354846633233,0.20705105792545012,5,0.0045038999523967505,112,12
nystrom,8,adaptive,Burgers,68,4,0.011050773783903697,0.20705105792545012,5,0.004656899953261018,112,12
nystrom,8,adaptive,Burgers,69,0,0.018518558066565754,0.05510791338425962,5,0.005148600088432431,108,12
nystrom,8,adaptive,Burgers,69,1,0.01834398922594792,0.05510791338425962,5,0.005158599931746721,108,12
nystrom,8,adaptive,Burgers,69,2,0.018558474002776267,0.05510791338425962,5,0.004127599997445941,108,12
nystrom,8,adaptive,Burgers,69,3,0.01834466579677157,0.05510791338425962,5,0.003741299966350198,108,12
nystrom,8,adaptive,Burgers,69,4,0.018285991132431127,0.05510791338425962,5,0.00525819999165833,108,12
nystrom,16,fixed_0,Allen-Cahn,75,0,0.0016478256462796122,0.24478447346058754,0,0.0028560999780893326,70,2
nystrom,16,fixed_0,Allen-Cahn,75,1,0.0016478256462796122,0.24478447346058754,0,0.0030120000010356307,70,2
nystrom,16,fixed_0,Allen-Cahn,75,2,0.0016478256462796122,0.24478447346058754,0,0.0027549000224098563,70,2
nystrom,16,fixed_0,Allen-Cahn,75,3,0.0016478256462796122,0.24478447346058754,0,0.002342799911275506,70,2
nystrom,16,fixed_0,Allen-Cahn,75,4,0.0016478256462796122,0.24478447346058754,0,0.0017722999909892678,70,2
nystrom,16,fixed_0,Allen-Cahn,76,0,0.0029112783478400343,0.1198920810829619,0,0.0016862000338733196,74,2
nystrom,16,fixed_0,Allen-Cahn,76,1,0.0029112783478400343,0.1198920810829619,0,0.0024086000630632043,74,2
nystrom,16,fixed_0,Allen-Cahn,76,2,0.0029112783478400343,0.1198920810829619,0,0.0028572999872267246,74,2
nystrom,16,fixed_0,Allen-Cahn,76,3,0.0029112783478400343,0.1198920810829619,0,0.0035075999330729246,74,2
nystrom,16,fixed_0,Allen-Cahn,76,4,0.0029112783478400343,0.1198920810829619,0,0.00262260006275028,74,2
nystrom,16,fixed_0,Allen-Cahn,77,0,0.009332942350835987,0.39049687523095344,0,0.002402900019660592,78,2
nystrom,16,fixed_0,Allen-Cahn,77,1,0.009332942350835987,0.39049687523095344,0,0.0027851000195369124,78,2
nystrom,16,fixed_0,Allen-Cahn,77,2,0.009332942350835987,0.39049687523095344,0,0.0021892000222578645,78,2
nystrom,16,fixed_0,Allen-Cahn,77,3,0.009332942350835987,0.39049687523095344,0,0.002669100183993578,78,2
nystrom,16,fixed_0,Allen-Cahn,77,4,0.009332942350835987,0.39049687523095344,0,0.0018396999221295118,78,2
nystrom,16,fixed_0,Allen-Cahn,78,0,0.0014656584046046973,0.28167797695039015,0,0.0015211000572890043,76,2
nystrom,16,fixed_0,Allen-Cahn,78,1,0.0014656584046046973,0.28167797695039015,0,0.0025245000142604113,76,2
nystrom,16,fixed_0,Allen-Cahn,78,2,0.0014656584046046973,0.28167797695039015,0,0.0023897000355646014,76,2
nystrom,16,fixed_0,Allen-Cahn,78,3,0.0014656584046046973,0.28167797695039015,0,0.002093799994327128,76,2
nystrom,16,fixed_0,Allen-Cahn,78,4,0.0014656584046046973,0.28167797695039015,0,0.002673399983905256,76,2
nystrom,16,fixed_0,Allen-Cahn,79,0,0.002874415417360489,0.46672331054507077,0,0.0024674999294802547,76,2
nystrom,16,fixed_0,Allen-Cahn,79,1,0.002874415417360489,0.46672331054507077,0,0.003620099974796176,76,2
nystrom,16,fixed_0,Allen-Cahn,79,2,0.002874415417360489,0.46672331054507077,0,0.0020655998960137367,76,2
nystrom,16,fixed_0,Allen-Cahn,79,3,0.002874415417360489,0.46672331054507077,0,0.003660700051113963,76,2
nystrom,16,fixed_0,Allen-Cahn,79,4,0.002874415417360489,0.46672331054507077,0,0.0020451999735087156,76,2
nystrom,16,fixed_0,Allen-Cahn,80,0,0.0070305010990798274,0.36626326604464865,0,0.0030638999305665493,72,2
nystrom,16,fixed_0,Allen-Cahn,80,1,0.0070305010990798274,0.36626326604464865,0,0.0031982000218704343,72,2
nystrom,16,fixed_0,Allen-Cahn,80,2,0.0070305010990798274,0.36626326604464865,0,0.0032740000169724226,72,2
nystrom,16,fixed_0,Allen-Cahn,80,3,0.0070305010990798274,0.36626326604464865,0,0.0028776999097317457,72,2
nystrom,16,fixed_0,Allen-Cahn,80,4,0.0070305010990798274,0.36626326604464865,0,0.003118900000117719,72,2
nystrom,16,fixed_0,Allen-Cahn,82,0,0.00922279983554665,0.15552413475285662,0,0.0023702000034973025,80,2
nystrom,16,fixed_0,Allen-Cahn,82,1,0.00922279983554665,0.15552413475285662,0,0.0034661999670788646,80,2
nystrom,16,fixed_0,Allen-Cahn,82,2,0.00922279983554665,0.15552413475285662,0,0.001916400040499866,80,2
nystrom,16,fixed_0,Allen-Cahn,82,3,0.00922279983554665,0.15552413475285662,0,0.0036053999792784452,80,2
nystrom,16,fixed_0,Allen-Cahn,82,4,0.00922279983554665,0.15552413475285662,0,0.002436899929307401,80,2
nystrom,16,fixed_0,Allen-Cahn,83,0,0.01294269891373847,0.21819187736901235,0,0.002454100176692009,72,2
nystrom,16,fixed_0,Allen-Cahn,83,1,0.01294269891373847,0.21819187736901235,0,0.002370300004258752,72,2
nystrom,16,fixed_0,Allen-Cahn,83,2,0.01294269891373847,0.21819187736901235,0,0.0017742000054568052,72,2
nystrom,16,fixed_0,Allen-Cahn,83,3,0.01294269891373847,0.21819187736901235,0,0.0016147000715136528,72,2
nystrom,16,fixed_0,Allen-Cahn,83,4,0.01294269891373847,0.21819187736901235,0,0.002298499923199415,72,2
nystrom,16,fixed_0,Allen-Cahn,84,0,0.0541163837140787,0.2785667026014691,0,0.001488800160586834,78,2
nystrom,16,fixed_0,Allen-Cahn,84,1,0.0541163837140787,0.2785667026014691,0,0.002217800007201731,78,2
nystrom,16,fixed_0,Allen-Cahn,84,2,0.0541163837140787,0.2785667026014691,0,0.0017152000218629837,78,2
nystrom,16,fixed_0,Allen-Cahn,84,3,0.0541163837140787,0.2785667026014691,0,0.0014711999101564288,78,2
nystrom,16,fixed_0,Allen-Cahn,84,4,0.0541163837140787,0.2785667026014691,0,0.0025809999788179994,78,2
nystrom,16,fixed_0,Burgers,55,0,0.010072710497280481,0.0789616526557739,0,0.002894699922762811,114,2
nystrom,16,fixed_0,Burgers,55,1,0.010072710497280481,0.0789616526557739,0,0.003653299994766712,114,2
nystrom,16,fixed_0,Burgers,55,2,0.010072710497280481,0.0789616526557739,0,0.004193199914880097,114,2
nystrom,16,fixed_0,Burgers,55,3,0.010072710497280481,0.0789616526557739,0,0.005063000018708408,114,2
nystrom,16,fixed_0,Burgers,55,4,0.010072710497280481,0.0789616526557739,0,0.0035070000449195504,114,2
nystrom,16,fixed_0,Burgers,56,0,0.03212017968931063,0.09228635643654069,0,0.004442100063897669,110,2
nystrom,16,fixed_0,Burgers,56,1,0.03212017968931063,0.09228635643654069,0,0.006704899948090315,110,2
nystrom,16,fixed_0,Burgers,56,2,0.03212017968931063,0.09228635643654069,0,0.004505300079472363,110,2
nystrom,16,fixed_0,Burgers,56,3,0.03212017968931063,0.09228635643654069,0,0.003038999973796308,110,2
nystrom,16,fixed_0,Burgers,56,4,0.03212017968931063,0.09228635643654069,0,0.004295899998396635,110,2
nystrom,16,fixed_0,Burgers,58,0,0.010509167972881582,0.014205395893809295,0,0.004643200081773102,122,2
nystrom,16,fixed_0,Burgers,58,1,0.010509167972881582,0.014205395893809295,0,0.0053394000278785825,122,2
nystrom,16,fixed_0,Burgers,58,2,0.010509167972881582,0.014205395893809295,0,0.00542709999717772,122,2
nystrom,16,fixed_0,Burgers,58,3,0.010509167972881582,0.014205395893809295,0,0.0039907998871058226,122,2
nystrom,16,fixed_0,Burgers,58,4,0.010509167972881582,0.014205395893809295,0,0.003585900063626468,122,2
nystrom,16,fixed_0,Burgers,59,0,0.0599441488213702,0.021715011005310245,0,0.0074789999052882195,128,2
nystrom,16,fixed_0,Burgers,59,1,0.0599441488213702,0.021715011005310245,0,0.00561079999897629,128,2
nystrom,16,fixed_0,Burgers,59,2,0.0599441488213702,0.021715011005310245,0,0.007128500030376017,128,2
nystrom,16,fixed_0,Burgers,59,3,0.0599441488213702,0.021715011005310245,0,0.0065599000081419945,128,2
nystrom,16,fixed_0,Burgers,59,4,0.0599441488213702,0.021715011005310245,0,0.0061712999595329165,128,2
nystrom,16,fixed_0,Burgers,60,0,0.008626625357286847,0.09673677812460832,0,0.004368200083263218,124,2
nystrom,16,fixed_0,Burgers,60,1,0.008626625357286847,0.09673677812460832,0,0.004129099892452359,124,2
nystrom,16,fixed_0,Burgers,60,2,0.008626625357286847,0.09673677812460832,0,0.006010800017975271,124,2
nystrom,16,fixed_0,Burgers,60,3,0.008626625357286847,0.09673677812460832,0,0.005347299971617758,124,2
nystrom,16,fixed_0,Burgers,60,4,0.008626625357286847,0.09673677812460832,0,0.005298199946992099,124,2
nystrom,16,fixed_0,Burgers,62,0,0.019904348631842532,0.07110291928182814,0,0.006067899987101555,116,2
nystrom,16,fixed_0,Burgers,62,1,0.019904348631842532,0.07110291928182814,0,0.006221799994818866,116,2
nystrom,16,fixed_0,Burgers,62,2,0.019904348631842532,0.07110291928182814,0,0.005488299997523427,116,2
nystrom,16,fixed_0,Burgers,62,3,0.019904348631842532,0.07110291928182814,0,0.005482700071297586,116,2
nystrom,16,fixed_0,Burgers,62,4,0.019904348631842532,0.07110291928182814,0,0.007071099942550063,116,2
nystrom,16,fixed_0,Burgers,64,0,0.047850171755864784,0.06994578374212969,0,0.004482300020754337,122,2
nystrom,16,fixed_0,Burgers,64,1,0.047850171755864784,0.06994578374212969,0,0.004769599996507168,122,2
nystrom,16,fixed_0,Burgers,64,2,0.047850171755864784,0.06994578374212969,0,0.005008099949918687,122,2
nystrom,16,fixed_0,Burgers,64,3,0.047850171755864784,0.06994578374212969,0,0.00538450013846159,122,2
nystrom,16,fixed_0,Burgers,64,4,0.047850171755864784,0.06994578374212969,0,0.005120099987834692,122,2
nystrom,16,fixed_0,Burgers,65,0,0.018898221195743272,0.10054054391634194,0,0.007611899985931814,128,2
nystrom,16,fixed_0,Burgers,65,1,0.018898221195743272,0.10054054391634194,0,0.006171799963340163,128,2
nystrom,16,fixed_0,Burgers,65,2,0.018898221195743272,0.10054054391634194,0,0.009780399966984987,128,2
nystrom,16,fixed_0,Burgers,65,3,0.018898221195743272,0.10054054391634194,0,0.005469099967740476,128,2
nystrom,16,fixed_0,Burgers,65,4,0.018898221195743272,0.10054054391634194,0,0.007483999943360686,128,2
nystrom,16,fixed_0,Burgers,66,0,0.022436324952560146,0.08431587631193634,0,0.004300099913962185,122,2
nystrom,16,fixed_0,Burgers,66,1,0.022436324952560146,0.08431587631193634,0,0.003985599963925779,122,2
nystrom,16,fixed_0,Burgers,66,2,0.022436324952560146,0.08431587631193634,0,0.005283400067128241,122,2
nystrom,16,fixed_0,Burgers,66,3,0.022436324952560146,0.08431587631193634,0,0.0033361000241711736,122,2
nystrom,16,fixed_0,Burgers,66,4,0.022436324952560146,0.08431587631193634,0,0.005492500029504299,122,2
nystrom,16,fixed_0,Burgers,67,0,0.0820673815922296,0.04202628008946151,0,0.0035735000856220722,118,2
nystrom,16,fixed_0,Burgers,67,1,0.0820673815922296,0.04202628008946151,0,0.004051500000059605,118,2
nystrom,16,fixed_0,Burgers,67,2,0.0820673815922296,0.04202628008946151,0,0.00442389992531389,118,2
nystrom,16,fixed_0,Burgers,67,3,0.0820673815922296,0.04202628008946151,0,0.005553099908865988,118,2
nystrom,16,fixed_0,Burgers,67,4,0.0820673815922296,0.04202628008946151,0,0.0066856000339612365,118,2
nystrom,16,fixed_0,Burgers,68,0,0.01358726894184347,0.20705105792545012,0,0.00350529991555959,120,2
nystrom,16,fixed_0,Burgers,68,1,0.01358726894184347,0.20705105792545012,0,0.004453000146895647,120,2
nystrom,16,fixed_0,Burgers,68,2,0.01358726894184347,0.20705105792545012,0,0.005797700025141239,120,2
nystrom,16,fixed_0,Burgers,68,3,0.01358726894184347,0.20705105792545012,0,0.005370100028812885,120,2
nystrom,16,fixed_0,Burgers,68,4,0.01358726894184347,0.20705105792545012,0,0.004950099973939359,120,2
nystrom,16,fixed_0,Burgers,69,0,0.019567153664671055,0.05510791338425962,0,0.004192600026726723,116,2
nystrom,16,fixed_0,Burgers,69,1,0.019567153664671055,0.05510791338425962,0,0.003746500122360885,116,2
nystrom,16,fixed_0,Burgers,69,2,0.019567153664671055,0.05510791338425962,0,0.005326799931935966,116,2
nystrom,16,fixed_0,Burgers,69,3,0.019567153664671055,0.05510791338425962,0,0.0043209000723436475,116,2
nystrom,16,fixed_0,Burgers,69,4,0.019567153664671055,0.05510791338425962,0,0.0028405000921338797,116,2
nystrom,16,fixed_1,Allen-Cahn,75,0,0.0014242075107194299,0.24478447346058754,1,0.0029572000494226813,70,4
nystrom,16,fixed_1,Allen-Cahn,75,1,0.0014149493715303785,0.24478447346058754,1,0.003117099986411631,70,4
nystrom,16,fixed_1,Allen-Cahn,75,2,0.001422072882754012,0.24478447346058754,1,0.002815400017425418,70,4
nystrom,16,fixed_1,Allen-Cahn,75,3,0.0013371082252787874,0.24478447346058754,1,0.002401599893346429,70,4
nystrom,16,fixed_1,Allen-Cahn,75,4,0.0010852038050753216,0.24478447346058754,1,0.0018298999639227986,70,4
nystrom,16,fixed_1,Allen-Cahn,76,0,0.001892512591683639,0.1198920810829619,1,0.0017831999575719237,74,4
nystrom,16,fixed_1,Allen-Cahn,76,1,0.002090710772052252,0.1198920810829619,1,0.002494200016371906,74,4
nystrom,16,fixed_1,Allen-Cahn,76,2,0.001634403457798936,0.1198920810829619,1,0.0029074999038130045,74,4
nystrom,16,fixed_1,Allen-Cahn,76,3,0.0018484543653641964,0.1198920810829619,1,0.003602699958719313,74,4
nystrom,16,fixed_1,Allen-Cahn,76,4,0.002342015068833196,0.1198920810829619,1,0.0027055999962612987,74,4
nystrom,16,fixed_1,Allen-Cahn,77,0,0.00875314101731856,0.39049687523095344,1,0.002452300046570599,78,4
nystrom,16,fixed_1,Allen-Cahn,77,1,0.008839975403207207,0.39049687523095344,1,0.0028683000709861517,78,4
nystrom,16,fixed_1,Allen-Cahn,77,2,0.008344978012195617,0.39049687523095344,1,0.0022348000202327967,78,4
nystrom,16,fixed_1,Allen-Cahn,77,3,0.008653959581941822,0.39049687523095344,1,0.002759900176897645,78,4
nystrom,16,fixed_1,Allen-Cahn,77,4,0.008386745034553519,0.39049687523095344,1,0.0018879999406635761,78,4
nystrom,16,fixed_1,Allen-Cahn,78,0,0.001238371094055326,0.28167797695039015,1,0.0016070000128820539,76,4
nystrom,16,fixed_1,Allen-Cahn,78,1,0.0012069618096743101,0.28167797695039015,1,0.0026070999447256327,76,4
nystrom,16,fixed_1,Allen-Cahn,78,2,0.001216014020628909,0.28167797695039015,1,0.002435700036585331,76,4
nystrom,16,fixed_1,Allen-Cahn,78,3,0.0011885316548173434,0.28167797695039015,1,0.002155299996957183,76,4
nystrom,16,fixed_1,Allen-Cahn,78,4,0.001111425103058854,0.28167797695039015,1,0.002757800044491887,76,4
nystrom,16,fixed_1,Allen-Cahn,79,0,0.0026906519005099674,0.46672331054507077,1,0.0025395998964086175,76,4
nystrom,16,fixed_1,Allen-Cahn,79,1,0.0025221407628774678,0.46672331054507077,1,0.0036802999675273895,76,4
nystrom,16,fixed_1,Allen-Cahn,79,2,0.0024115715718042025,0.46672331054507077,1,0.002123999991454184,76,4
nystrom,16,fixed_1,Allen-Cahn,79,3,0.002433102779455756,0.46672331054507077,1,0.0037714000791311264,76,4
nystrom,16,fixed_1,Allen-Cahn,79,4,0.0025300346609145714,0.46672331054507077,1,0.0022058000322431326,76,4
nystrom,16,fixed_1,Allen-Cahn,80,0,0.005074462320739788,0.36626326604464865,1,0.0031724999425932765,72,4
nystrom,16,fixed_1,Allen-Cahn,80,1,0.0049791101722570785,0.36626326604464865,1,0.0033085999311879277,72,4
nystrom,16,fixed_1,Allen-Cahn,80,2,0.003447445355208659,0.36626326604464865,1,0.0033912999788299203,72,4
nystrom,16,fixed_1,Allen-Cahn,80,3,0.006009427093316743,0.36626326604464865,1,0.0029382999055087566,72,4
nystrom,16,fixed_1,Allen-Cahn,80,4,0.0055660719838041064,0.36626326604464865,1,0.003231900045648217,72,4
nystrom,16,fixed_1,Allen-Cahn,82,0,0.007545512176533227,0.15552413475285662,1,0.002460199990309775,80,4
nystrom,16,fixed_1,Allen-Cahn,82,1,0.007213360631889142,0.15552413475285662,1,0.0035678999265655875,80,4
nystrom,16,fixed_1,Allen-Cahn,82,2,0.007261953456333943,0.15552413475285662,1,0.0020094000501558185,80,4
nystrom,16,fixed_1,Allen-Cahn,82,3,0.007194481736832846,0.15552413475285662,1,0.003713599988259375,80,4
nystrom,16,fixed_1,Allen-Cahn,82,4,0.008283268241972707,0.15552413475285662,1,0.0025005999486893415,80,4
nystrom,16,fixed_1,Allen-Cahn,83,0,0.00926112298259081,0.21819187736901235,1,0.002541100140661001,72,4
nystrom,16,fixed_1,Allen-Cahn,83,1,0.007347527200984064,0.21819187736901235,1,0.0024492000229656696,72,4
nystrom,16,fixed_1,Allen-Cahn,83,2,0.005922981024735225,0.21819187736901235,1,0.0018309000879526138,72,4
nystrom,16,fixed_1,Allen-Cahn,83,3,0.009230881303688732,0.21819187736901235,1,0.001660900074057281,72,4
nystrom,16,fixed_1,Allen-Cahn,83,4,0.010020812748982642,0.21819187736901235,1,0.002393999951891601,72,4
nystrom,16,fixed_1,Allen-Cahn,84,0,0.05310274609144489,0.2785667026014691,1,0.0015449001220986247,78,4
nystrom,16,fixed_1,Allen-Cahn,84,1,0.04934115810005613,0.2785667026014691,1,0.002263300004415214,78,4
nystrom,16,fixed_1,Allen-Cahn,84,2,0.05234546876862884,0.2785667026014691,1,0.0018305000849068165,78,4
nystrom,16,fixed_1,Allen-Cahn,84,3,0.051374367912539624,0.2785667026014691,1,0.0015153000131249428,78,4
nystrom,16,fixed_1,Allen-Cahn,84,4,0.05339967907193251,0.2785667026014691,1,0.0026672999374568462,78,4
nystrom,16,fixed_1,Burgers,55,0,0.008959374875280698,0.0789616526557739,1,0.0029707999201491475,114,4
nystrom,16,fixed_1,Burgers,55,1,0.008269728821274294,0.0789616526557739,1,0.003712999983690679,114,4
nystrom,16,fixed_1,Burgers,55,2,0.00920887223063032,0.0789616526557739,1,0.004298500018194318,114,4
nystrom,16,fixed_1,Burgers,55,3,0.00882687491593101,0.0789616526557739,1,0.005130399949848652,114,4
nystrom,16,fixed_1,Burgers,55,4,0.008723314884307252,0.0789616526557739,1,0.0035694000544026494,114,4
nystrom,16,fixed_1,Burgers,56,0,0.030824003826886038,0.09228635643654069,1,0.004491999978199601,110,4
nystrom,16,fixed_1,Burgers,56,1,0.030977143271579764,0.09228635643654069,1,0.0067922999151051044,110,4
nystrom,16,fixed_1,Burgers,56,2,0.0309334570742671,0.09228635643654069,1,0.0045891000190749764,110,4
nystrom,16,fixed_1,Burgers,56,3,0.031152814512069443,0.09228635643654069,1,0.0031131000723689795,110,4
nystrom,16,fixed_1,Burgers,56,4,0.030364327484352784,0.09228635643654069,1,0.004346099914982915,110,4
nystrom,16,fixed_1,Burgers,58,0,0.009750189184268116,0.014205395893809295,1,0.004690899979323149,122,4
nystrom,16,fixed_1,Burgers,58,1,0.010230996978006187,0.014205395893809295,1,0.005498399958014488,122,4
nystrom,16,fixed_1,Burgers,58,2,0.009943911921102085,0.014205395893809295,1,0.005510900053195655,122,4
nystrom,16,fixed_1,Burgers,58,3,0.010325482719909686,0.014205395893809295,1,0.00404169992543757,122,4
nystrom,16,fixed_1,Burgers,58,4,0.010094741932433206,0.014205395893809295,1,0.0036732000298798084,122,4
nystrom,16,fixed_1,Burgers,59,0,0.0575852838394987,0.021715011005310245,1,0.00759469997137785,128,4
nystrom,16,fixed_1,Burgers,59,1,0.056484734542928586,0.021715011005310245,1,0.005671699997037649,128,4
nystrom,16,fixed_1,Burgers,59,2,0.05844669736254186,0.021715011005310245,1,0.0072348000248894095,128,4
nystrom,16,fixed_1,Burgers,59,3,0.05828269416436791,0.021715011005310245,1,0.006732900044880807,128,4
nystrom,16,fixed_1,Burgers,59,4,0.05790843863107725,0.021715011005310245,1,0.0062789999647066,128,4
nystrom,16,fixed_1,Burgers,60,0,0.007843043453294783,0.09673677812460832,1,0.0044926999835297465,124,4
nystrom,16,fixed_1,Burgers,60,1,0.008035966161275,0.09673677812460832,1,0.004215899971313775,124,4
nystrom,16,fixed_1,Burgers,60,2,0.007079859952844057,0.09673677812460832,1,0.006106800050474703,124,4
nystrom,16,fixed_1,Burgers,60,3,0.00776127756897473,0.09673677812460832,1,0.00542860000859946,124,4
nystrom,16,fixed_1,Burgers,60,4,0.008224632495120498,0.09673677812460832,1,0.00543139991350472,124,4
nystrom,16,fixed_1,Burgers,62,0,0.018458786191257775,0.07110291928182814,1,0.00618440005928278,116,4
nystrom,16,fixed_1,Burgers,62,1,0.01811965675833581,0.07110291928182814,1,0.006340300082229078,116,4
nystrom,16,fixed_1,Burgers,62,2,0.018377671784370397,0.07110291928182814,1,0.00556919991504401,116,4
nystrom,16,fixed_1,Burgers,62,3,0.017582304527869137,0.07110291928182814,1,0.0055463999742642045,116,4
nystrom,16,fixed_1,Burgers,62,4,0.01810643306309978,0.07110291928182814,1,0.00778869993519038,116,4
nystrom,16,fixed_1,Burgers,64,0,0.04578901889084997,0.06994578374212969,1,0.004574900027364492,122,4
nystrom,16,fixed_1,Burgers,64,1,0.045917361264173874,0.06994578374212969,1,0.004821600043214858,122,4
nystrom,16,fixed_1,Burgers,64,2,0.04648532037589065,0.06994578374212969,1,0.005099199945107102,122,4
nystrom,16,fixed_1,Burgers,64,3,0.046116332254481834,0.06994578374212969,1,0.00543190015014261,122,4
nystrom,16,fixed_1,Burgers,64,4,0.04687172553097942,0.06994578374212969,1,0.005170400021597743,122,4
nystrom,16,fixed_1,Burgers,65,0,0.017602167127880142,0.10054054391634194,1,0.007724499912001193,128,4
nystrom,16,fixed_1,Burgers,65,1,0.018433864515075383,0.10054054391634194,1,0.006243300042115152,128,4
nystrom,16,fixed_1,Burgers,65,2,0.01786222248649242,0.10054054391634194,1,0.00988380005583167,128,4
nystrom,16,fixed_1,Burgers,65,3,0.017694242252244037,0.10054054391634194,1,0.005581700010225177,128,4
nystrom,16,fixed_1,Burgers,65,4,0.0178544009652572,0.10054054391634194,1,0.007550499984063208,128,4
nystrom,16,fixed_1,Burgers,66,0,0.021274034369886792,0.08431587631193634,1,0.004387999884784222,122,4
nystrom,16,fixed_1,Burgers,66,1,0.02156860613801966,0.08431587631193634,1,0.004219099995680153,122,4
nystrom,16,fixed_1,Burgers,66,2,0.021639020461687194,0.08431587631193634,1,0.00537090003490448,122,4
nystrom,16,fixed_1,Burgers,66,3,0.021875707932409852,0.08431587631193634,1,0.003384500043466687,122,4
nystrom,16,fixed_1,Burgers,66,4,0.021569245019917024,0.08431587631193634,1,0.005575499963015318,122,4
nystrom,16,fixed_1,Burgers,67,0,0.08026442854699432,0.04202628008946151,1,0.003673100145533681,118,4
nystrom,16,fixed_1,Burgers,67,1,0.07960332445593074,0.04202628008946151,1,0.004100400023162365,118,4
nystrom,16,fixed_1,Burgers,67,2,0.08098188231349326,0.04202628008946151,1,0.004486499936319888,118,4
nystrom,16,fixed_1,Burgers,67,3,0.08036128176591167,0.04202628008946151,1,0.005614299909211695,118,4
nystrom,16,fixed_1,Burgers,67,4,0.07993062443939553,0.04202628008946151,1,0.0068001000909134746,118,4
nystrom,16,fixed_1,Burgers,68,0,0.012464188021634836,0.20705105792545012,1,0.003555599949322641,120,4
nystrom,16,fixed_1,Burgers,68,1,0.012261520194571185,0.20705105792545012,1,0.004498300142586231,120,4
nystrom,16,fixed_1,Burgers,68,2,0.012685464703693923,0.20705105792545012,1,0.0058997999876737595,120,4
nystrom,16,fixed_1,Burgers,68,3,0.012487061143545084,0.20705105792545012,1,0.00546999997459352,120,4
nystrom,16,fixed_1,Burgers,68,4,0.012470737709688606,0.20705105792545012,1,0.005029199994169176,120,4
nystrom,16,fixed_1,Burgers,69,0,0.019084988529700274,0.05510791338425962,1,0.004241000046022236,116,4
nystrom,16,fixed_1,Burgers,69,1,0.019063159114668687,0.05510791338425962,1,0.0038395001320168376,116,4
nystrom,16,fixed_1,Burgers,69,2,0.018838747327043655,0.05510791338425962,1,0.005416099913418293,116,4
nystrom,16,fixed_1,Burgers,69,3,0.018825794964343043,0.05510791338425962,1,0.004374000011011958,116,4
nystrom,16,fixed_1,Burgers,69,4,0.01907390662423536,0.05510791338425962,1,0.0028872000984847546,116,4
nystrom,16,fixed_3,Allen-Cahn,75,0,0.000705941441388367,0.24478447346058754,3,0.0031413999386131763,70,8
nystrom,16,fixed_3,Allen-Cahn,75,1,0.00044954733891334575,0.24478447346058754,3,0.003309299936518073,70,8
nystrom,16,fixed_3,Allen-Cahn,75,2,0.0005532207666055087,0.24478447346058754,3,0.0029152999632060528,70,8
nystrom,16,fixed_3,Allen-Cahn,75,3,0.0006773199600113762,0.24478447346058754,3,0.00251259992364794,70,8
nystrom,16,fixed_3,Allen-Cahn,75,4,0.0004965054072778807,0.24478447346058754,3,0.001945299911312759,70,8
nystrom,16,fixed_3,Allen-Cahn,76,0,0.0013246428764940648,0.1198920810829619,3,0.0019237000960856676,74,8
nystrom,16,fixed_3,Allen-Cahn,76,1,0.0014058339631940952,0.1198920810829619,3,0.0026461000088602304,74,8
nystrom,16,fixed_3,Allen-Cahn,76,2,0.0010112149254649886,0.1198920810829619,3,0.0029863999225199223,74,8
nystrom,16,fixed_3,Allen-Cahn,76,3,0.0012437711258879902,0.1198920810829619,3,0.00374399998690933,74,8
nystrom,16,fixed_3,Allen-Cahn,76,4,0.0011428940204939347,0.1198920810829619,3,0.0028536999598145485,74,8
nystrom,16,fixed_3,Allen-Cahn,77,0,0.004999305202026101,0.39049687523095344,3,0.002530899946577847,78,8
nystrom,16,fixed_3,Allen-Cahn,77,1,0.0037283479657737465,0.39049687523095344,3,0.00301510002464056,78,8
nystrom,16,fixed_3,Allen-Cahn,77,2,0.0047682391328734705,0.39049687523095344,3,0.0023110000183805823,78,8
nystrom,16,fixed_3,Allen-Cahn,77,3,0.005175473792642537,0.39049687523095344,3,0.0028874001000076532,78,8
nystrom,16,fixed_3,Allen-Cahn,77,4,0.00468290468105359,0.39049687523095344,3,0.001965699950233102,78,8
nystrom,16,fixed_3,Allen-Cahn,78,0,0.0010032091666113587,0.28167797695039015,3,0.0017672000685706735,76,8
nystrom,16,fixed_3,Allen-Cahn,78,1,0.000742738995560551,0.28167797695039015,3,0.002758100046776235,76,8
nystrom,16,fixed_3,Allen-Cahn,78,2,0.0008110036637849576,0.28167797695039015,3,0.0025133000453934073,76,8
nystrom,16,fixed_3,Allen-Cahn,78,3,0.0009854383030211977,0.28167797695039015,3,0.0022968000266700983,76,8
nystrom,16,fixed_3,Allen-Cahn,78,4,0.0010123834009307122,0.28167797695039015,3,0.0028716999804601073,76,8
nystrom,16,fixed_3,Allen-Cahn,79,0,0.001978949264378743,0.46672331054507077,3,0.0026706999633461237,76,8
nystrom,16,fixed_3,Allen-Cahn,79,1,0.001734851978358962,0.46672331054507077,3,0.0037812000373378396,76,8
nystrom,16,fixed_3,Allen-Cahn,79,2,0.0017044794934520445,0.46672331054507077,3,0.0024528000503778458,76,8
nystrom,16,fixed_3,Allen-Cahn,79,3,0.0016330926774734361,0.46672331054507077,3,0.003922300064004958,76,8
nystrom,16,fixed_3,Allen-Cahn,79,4,0.0017487581337911934,0.46672331054507077,3,0.0024485000176355243,76,8
nystrom,16,fixed_3,Allen-Cahn,80,0,0.0025269630615508978,0.36626326604464865,3,0.0033147999783977866,72,8
nystrom,16,fixed_3,Allen-Cahn,80,1,0.0021850877950377965,0.36626326604464865,3,0.003503900021314621,72,8
nystrom,16,fixed_3,Allen-Cahn,80,2,0.0017111749750765733,0.36626326604464865,3,0.0035947998985648155,72,8
nystrom,16,fixed_3,Allen-Cahn,80,3,0.003321685773304909,0.36626326604464865,3,0.003037499962374568,72,8
nystrom,16,fixed_3,Allen-Cahn,80,4,0.0022077327136832163,0.36626326604464865,3,0.0034287000307813287,72,8
nystrom,16,fixed_3,Allen-Cahn,82,0,0.006444594060544904,0.15552413475285662,3,0.0025606999406591058,80,8
nystrom,16,fixed_3,Allen-Cahn,82,1,0.0060460586583843765,0.15552413475285662,3,0.003749299910850823,80,8
nystrom,16,fixed_3,Allen-Cahn,82,2,0.00557519240276297,0.15552413475285662,3,0.0021111000096425414,80,8
nystrom,16,fixed_3,Allen-Cahn,82,3,0.005613735525415976,0.15552413475285662,3,0.003910199971869588,80,8
nystrom,16,fixed_3,Allen-Cahn,82,4,0.006123757132669635,0.15552413475285662,3,0.002602699911221862,80,8
nystrom,16,fixed_3,Allen-Cahn,83,0,0.007681831553137504,0.21819187736901235,3,0.002794699976220727,72,8
nystrom,16,fixed_3,Allen-Cahn,83,1,0.006078943449087333,0.21819187736901235,3,0.0026042000390589237,72,8
nystrom,16,fixed_3,Allen-Cahn,83,2,0.004425284564853785,0.21819187736901235,3,0.001936200074851513,72,8
nystrom,16,fixed_3,Allen-Cahn,83,3,0.007205232673327707,0.21819187736901235,3,0.0019091999856755137,72,8
nystrom,16,fixed_3,Allen-Cahn,83,4,0.008302662142744928,0.21819187736901235,3,0.0025542000075802207,72,8
nystrom,16,fixed_3,Allen-Cahn,84,0,0.0429853704355706,0.2785667026014691,3,0.0017060000682249665,78,8
nystrom,16,fixed_3,Allen-Cahn,84,1,0.04198976799172978,0.2785667026014691,3,0.002339300001040101,78,8
nystrom,16,fixed_3,Allen-Cahn,84,2,0.04211846612660979,0.2785667026014691,3,0.0020410000579431653,78,8
nystrom,16,fixed_3,Allen-Cahn,84,3,0.04080395647083127,0.2785667026014691,3,0.001590500003658235,78,8
nystrom,16,fixed_3,Allen-Cahn,84,4,0.04316184499808589,0.2785667026014691,3,0.002818399923853576,78,8
nystrom,16,fixed_3,Burgers,55,0,0.008027841363573289,0.0789616526557739,3,0.003102299990132451,114,8
nystrom,16,fixed_3,Burgers,55,1,0.007432839506356566,0.0789616526557739,3,0.003792500006966293,114,8
nystrom,16,fixed_3,Burgers,55,2,0.008658647628922883,0.0789616526557739,3,0.0044828999089077115,114,8
nystrom,16,fixed_3,Burgers,55,3,0.007752845373445467,0.0789616526557739,3,0.005301999975927174,114,8
nystrom,16,fixed_3,Burgers,55,4,0.00694508589884125,0.0789616526557739,3,0.003671600017696619,114,8
nystrom,16,fixed_3,Burgers,56,0,0.028979749225426482,0.09228635643654069,3,0.004572700010612607,110,8
nystrom,16,fixed_3,Burgers,56,1,0.0294100368353636,0.09228635643654069,3,0.006944100023247302,110,8
nystrom,16,fixed_3,Burgers,56,2,0.029415299398055827,0.09228635643654069,3,0.004747000057250261,110,8
nystrom,16,fixed_3,Burgers,56,3,0.029675721112865296,0.09228635643654069,3,0.0032488000579178333,110,8
nystrom,16,fixed_3,Burgers,56,4,0.0294417810613299,0.09228635643654069,3,0.004426999948918819,110,8
nystrom,16,fixed_3,Burgers,58,0,0.009285331150436523,0.014205395893809295,3,0.004772000014781952,122,8
nystrom,16,fixed_3,Burgers,58,1,0.009259919102349308,0.014205395893809295,3,0.005779600003734231,122,8
nystrom,16,fixed_3,Burgers,58,2,0.009225814443361943,0.014205395893809295,3,0.0056529000867158175,122,8
nystrom,16,fixed_3,Burgers,58,3,0.009597239742391262,0.014205395893809295,3,0.004121599951758981,122,8
nystrom,16,fixed_3,Burgers,58,4,0.009195852107772367,0.014205395893809295,3,0.003823000006377697,122,8
nystrom,16,fixed_3,Burgers,59,0,0.056082847637758636,0.021715011005310245,3,0.007800599909387529,128,8
nystrom,16,fixed_3,Burgers,59,1,0.055153415972109106,0.021715011005310245,3,0.005772499949671328,128,8
nystrom,16,fixed_3,Burgers,59,2,0.05491035661104921,0.021715011005310245,3,0.007419000030495226,128,8
nystrom,16,fixed_3,Burgers,59,3,0.0553634269269474,0.021715011005310245,3,0.007050200016237795,128,8
nystrom,16,fixed_3,Burgers,59,4,0.05588612539447648,0.021715011005310245,3,0.006468400009907782,128,8
nystrom,16,fixed_3,Burgers,60,0,0.005944229953536377,0.09673677812460832,3,0.0046953000128269196,124,8
nystrom,16,fixed_3,Burgers,60,1,0.006766877762594256,0.09673677812460832,3,0.004396599950268865,124,8
nystrom,16,fixed_3,Burgers,60,2,0.00609344250885224,0.09673677812460832,3,0.006273400038480759,124,8
nystrom,16,fixed_3,Burgers,60,3,0.006396900723122253,0.09673677812460832,3,0.005571700050495565,124,8
nystrom,16,fixed_3,Burgers,60,4,0.006805896703110882,0.09673677812460832,3,0.005584899918176234,124,8
nystrom,16,fixed_3,Burgers,62,0,0.015232079456223539,0.07110291928182814,3,0.006411100039258599,116,8
nystrom,16,fixed_3,Burgers,62,1,0.015829557509849903,0.07110291928182814,3,0.006543199997395277,116,8
nystrom,16,fixed_3,Burgers,62,2,0.014325474231226222,0.07110291928182814,3,0.0057113999500870705,116,8
nystrom,16,fixed_3,Burgers,62,3,0.014442447468614514,0.07110291928182814,3,0.005649600061587989,116,8
nystrom,16,fixed_3,Burgers,62,4,0.014391208970537105,0.07110291928182814,3,0.008365999907255173,116,8
nystrom,16,fixed_3,Burgers,64,0,0.04385692832624988,0.06994578374212969,3,0.0047324999468401074,122,8
nystrom,16,fixed_3,Burgers,64,1,0.04314155312751376,0.06994578374212969,3,0.005056399968452752,122,8
nystrom,16,fixed_3,Burgers,64,2,0.043707804741072734,0.06994578374212969,3,0.005237099947407842,122,8
nystrom,16,fixed_3,Burgers,64,3,0.04371023417986176,0.06994578374212969,3,0.005524200154468417,122,8
nystrom,16,fixed_3,Burgers,64,4,0.04354912440100463,0.06994578374212969,3,0.005252899951301515,122,8
nystrom,16,fixed_3,Burgers,65,0,0.015761942583803576,0.10054054391634194,3,0.007918999996036291,128,8
nystrom,16,fixed_3,Burgers,65,1,0.015551859482415024,0.10054054391634194,3,0.00635899999178946,128,8
nystrom,16,fixed_3,Burgers,65,2,0.015605167869820016,0.10054054391634194,3,0.010073099983856082,128,8
nystrom,16,fixed_3,Burgers,65,3,0.015674222896819454,0.10054054391634194,3,0.0057860000524669886,128,8
nystrom,16,fixed_3,Burgers,65,4,0.015755216132532675,0.10054054391634194,3,0.0076555999694392085,128,8
nystrom,16,fixed_3,Burgers,66,0,0.01997933359988282,0.08431587631193634,3,0.0045319999335333705,122,8
nystrom,16,fixed_3,Burgers,66,1,0.020080516186541542,0.08431587631193634,3,0.004394399933516979,122,8
nystrom,16,fixed_3,Burgers,66,2,0.020025815263639307,0.08431587631193634,3,0.005523900035768747,122,8
nystrom,16,fixed_3,Burgers,66,3,0.02005790360161136,0.08431587631193634,3,0.003546799998730421,122,8
nystrom,16,fixed_3,Burgers,66,4,0.02023439048899706,0.08431587631193634,3,0.005737200030125678,122,8
nystrom,16,fixed_3,Burgers,67,0,0.07656371838744379,0.04202628008946151,3,0.003856500145047903,118,8
nystrom,16,fixed_3,Burgers,67,1,0.07559377851184106,0.04202628008946151,3,0.0041763001354411244,118,8
nystrom,16,fixed_3,Burgers,67,2,0.0767534321076043,0.04202628008946151,3,0.004589300020597875,118,8
nystrom,16,fixed_3,Burgers,67,3,0.07702139029069587,0.04202628008946151,3,0.00571599998511374,118,8
nystrom,16,fixed_3,Burgers,67,4,0.0756369188706651,0.04202628008946151,3,0.00700209999922663,118,8
nystrom,16,fixed_3,Burgers,68,0,0.010945507991302181,0.20705105792545012,3,0.003646399942226708,120,8
nystrom,16,fixed_3,Burgers,68,1,0.010652130737646651,0.20705105792545012,3,0.004583000089041889,120,8
nystrom,16,fixed_3,Burgers,68,2,0.011280892527551852,0.20705105792545012,3,0.006044300040230155,120,8
nystrom,16,fixed_3,Burgers,68,3,0.011254154767852425,0.20705105792545012,3,0.005604600068181753,120,8
nystrom,16,fixed_3,Burgers,68,4,0.010891191497679007,0.20705105792545012,3,0.0051726000383496284,120,8
nystrom,16,fixed_3,Burgers,69,0,0.017953117920210114,0.05510791338425962,3,0.00437069998588413,116,8
nystrom,16,fixed_3,Burgers,69,1,0.018362169915131597,0.05510791338425962,3,0.003988100099377334,116,8
nystrom,16,fixed_3,Burgers,69,2,0.01798789524540561,0.05510791338425962,3,0.005574399954639375,116,8
nystrom,16,fixed_3,Burgers,69,3,0.017677408106097987,0.05510791338425962,3,0.004458400071598589,116,8
nystrom,16,fixed_3,Burgers,69,4,0.018073994255855808,0.05510791338425962,3,0.002966000000014901,116,8
nystrom,16,fixed_5,Allen-Cahn,75,0,0.0003230538528283703,0.24478447346058754,5,0.0033177000004798174,70,12
nystrom,16,fixed_5,Allen-Cahn,75,1,0.0002849394040367561,0.24478447346058754,5,0.0034975999733433127,70,12
nystrom,16,fixed_5,Allen-Cahn,75,2,0.00031499160331499386,0.24478447346058754,5,0.003025999991223216,70,12
nystrom,16,fixed_5,Allen-Cahn,75,3,0.00029594850499162635,0.24478447346058754,5,0.0030082999728620052,70,12
nystrom,16,fixed_5,Allen-Cahn,75,4,0.00024356989210693917,0.24478447346058754,5,0.0020398999331519008,70,12
nystrom,16,fixed_5,Allen-Cahn,76,0,0.0007442140002419873,0.1198920810829619,5,0.0020324999932199717,74,12
nystrom,16,fixed_5,Allen-Cahn,76,1,0.0006351723451553436,0.1198920810829619,5,0.002792099956423044,74,12
nystrom,16,fixed_5,Allen-Cahn,76,2,0.0006178153048921521,0.1198920810829619,5,0.003063199925236404,74,12
nystrom,16,fixed_5,Allen-Cahn,76,3,0.0008250115149440693,0.1198920810829619,5,0.003882799996063113,74,12
nystrom,16,fixed_5,Allen-Cahn,76,4,0.0007782574119084302,0.1198920810829619,5,0.0030005000298842788,74,12
nystrom,16,fixed_5,Allen-Cahn,77,0,0.001941673921728802,0.39049687523095344,5,0.0026088999584317207,78,12
nystrom,16,fixed_5,Allen-Cahn,77,1,0.001602920287516285,0.39049687523095344,5,0.0031595000764355063,78,12
nystrom,16,fixed_5,Allen-Cahn,77,2,0.001993019018425782,0.39049687523095344,5,0.002385700005106628,78,12
nystrom,16,fixed_5,Allen-Cahn,77,3,0.0022602777361820457,0.39049687523095344,5,0.0030128001235425472,78,12
nystrom,16,fixed_5,Allen-Cahn,77,4,0.002123069507373145,0.39049687523095344,5,0.0020430999575182796,78,12
nystrom,16,fixed_5,Allen-Cahn,78,0,0.0008742837799283244,0.28167797695039015,5,0.0019380999729037285,76,12
nystrom,16,fixed_5,Allen-Cahn,78,1,0.0006231672876167694,0.28167797695039015,5,0.002908300026319921,76,12
nystrom,16,fixed_5,Allen-Cahn,78,2,0.0006888002938967337,0.28167797695039015,5,0.0025890000397339463,76,12
nystrom,16,fixed_5,Allen-Cahn,78,3,0.0008952290536808954,0.28167797695039015,5,0.002431900007650256,76,12
nystrom,16,fixed_5,Allen-Cahn,78,4,0.0008829225541815298,0.28167797695039015,5,0.0029501999961212277,76,12
nystrom,16,fixed_5,Allen-Cahn,79,0,0.0009483937730064898,0.46672331054507077,5,0.0027974999975413084,76,12
nystrom,16,fixed_5,Allen-Cahn,79,1,0.0007958538661830474,0.46672331054507077,5,0.003879199968650937,76,12
nystrom,16,fixed_5,Allen-Cahn,79,2,0.0008912467974554501,0.46672331054507077,5,0.00279000005684793,76,12
nystrom,16,fixed_5,Allen-Cahn,79,3,0.0008876259361100235,0.46672331054507077,5,0.004019699990749359,76,12
nystrom,16,fixed_5,Allen-Cahn,79,4,0.0008432806634325523,0.46672331054507077,5,0.0026369999395683408,76,12
nystrom,16,fixed_5,Allen-Cahn,80,0,0.00039364757572008213,0.36626326604464865,5,0.00341189990285784,72,12
nystrom,16,fixed_5,Allen-Cahn,80,1,0.0003554220902320771,0.36626326604464865,5,0.0036965999752283096,72,12
nystrom,16,fixed_5,Allen-Cahn,80,2,0.00027221868533321955,0.36626326604464865,5,0.0037974000442773104,72,12
nystrom,16,fixed_5,Allen-Cahn,80,3,0.000353776016698779,0.36626326604464865,5,0.0031346000032499433,72,12
nystrom,16,fixed_5,Allen-Cahn,80,4,0.0002763390084035596,0.36626326604464865,5,0.0036231999984011054,72,12
nystrom,16,fixed_5,Allen-Cahn,82,0,0.004366923458611606,0.15552413475285662,5,0.002753000007942319,80,12
nystrom,16,fixed_5,Allen-Cahn,82,1,0.003563788219588991,0.15552413475285662,5,0.003927599987946451,80,12
nystrom,16,fixed_5,Allen-Cahn,82,2,0.0035535644458458025,0.15552413475285662,5,0.00220620003528893,80,12
nystrom,16,fixed_5,Allen-Cahn,82,3,0.003433516337198601,0.15552413475285662,5,0.004103300045244396,80,12
nystrom,16,fixed_5,Allen-Cahn,82,4,0.0036989412595023804,0.15552413475285662,5,0.0027030999772250652,80,12
nystrom,16,fixed_5,Allen-Cahn,83,0,0.00430594650555645,0.21819187736901235,5,0.0029989000177010894,72,12
nystrom,16,fixed_5,Allen-Cahn,83,1,0.002277019688576178,0.21819187736901235,5,0.002746600075624883,72,12
nystrom,16,fixed_5,Allen-Cahn,83,2,0.001499308687550775,0.21819187736901235,5,0.0020260000601410866,72,12
nystrom,16,fixed_5,Allen-Cahn,83,3,0.003891347963598696,0.21819187736901235,5,0.002145599923096597,72,12
nystrom,16,fixed_5,Allen-Cahn,83,4,0.004017833844745896,0.21819187736901235,5,0.002710399916395545,72,12
nystrom,16,fixed_5,Allen-Cahn,84,0,0.035290491450435724,0.2785667026014691,5,0.0018872000509873033,78,12
nystrom,16,fixed_5,Allen-Cahn,84,1,0.034782852191234545,0.2785667026014691,5,0.002417100011371076,78,12
nystrom,16,fixed_5,Allen-Cahn,84,2,0.035239386142496804,0.2785667026014691,5,0.002246999996714294,78,12
nystrom,16,fixed_5,Allen-Cahn,84,3,0.03359615543878564,0.2785667026014691,5,0.001666199997998774,78,12
nystrom,16,fixed_5,Allen-Cahn,84,4,0.035336768890806794,0.2785667026014691,5,0.0029713999247178435,78,12
nystrom,16,fixed_5,Burgers,55,0,0.00707750224100767,0.0789616526557739,5,0.0032330999383702874,114,12
nystrom,16,fixed_5,Burgers,55,1,0.006526004832701615,0.0789616526557739,5,0.0038723000325262547,114,12
nystrom,16,fixed_5,Burgers,55,2,0.007910307287788097,0.0789616526557739,5,0.004660099977627397,114,12
nystrom,16,fixed_5,Burgers,55,3,0.006931408583803857,0.0789616526557739,5,0.005406699958257377,114,12
nystrom,16,fixed_5,Burgers,55,4,0.006072961859498352,0.0789616526557739,5,0.0037726000882685184,114,12
nystrom,16,fixed_5,Burgers,56,0,0.028213357349105038,0.09228635643654069,5,0.0046518000308424234,110,12
nystrom,16,fixed_5,Burgers,56,1,0.0289908845085711,0.09228635643654069,5,0.007085899938829243,110,12
nystrom,16,fixed_5,Burgers,56,2,0.02836516799044555,0.09228635643654069,5,0.004890499985776842,110,12
nystrom,16,fixed_5,Burgers,56,3,0.028977960699095556,0.09228635643654069,5,0.0033873000647872686,110,12
nystrom,16,fixed_5,Burgers,56,4,0.0283086349476427,0.09228635643654069,5,0.004516499931924045,110,12
nystrom,16,fixed_5,Burgers,58,0,0.008732849926292339,0.014205395893809295,5,0.004850200028158724,122,12
nystrom,16,fixed_5,Burgers,58,1,0.008718997125618761,0.014205395893809295,5,0.006019799970090389,122,12
nystrom,16,fixed_5,Burgers,58,2,0.0087160353631372,0.014205395893809295,5,0.005794299999251962,122,12
nystrom,16,fixed_5,Burgers,58,3,0.009149053411155487,0.014205395893809295,5,0.0041995999636128545,122,12
nystrom,16,fixed_5,Burgers,58,4,0.008753912475844531,0.014205395893809295,5,0.003963799914345145,122,12
nystrom,16,fixed_5,Burgers,59,0,0.05128277540400065,0.021715011005310245,5,0.008004599949344993,128,12
nystrom,16,fixed_5,Burgers,59,1,0.05077536040614022,0.021715011005310245,5,0.00587310001719743,128,12
nystrom,16,fixed_5,Burgers,59,2,0.05059232057405502,0.021715011005310245,5,0.0076024000300094485,128,12
nystrom,16,fixed_5,Burgers,59,3,0.05156605195132714,0.021715011005310245,5,0.007302700076252222,128,12
nystrom,16,fixed_5,Burgers,59,4,0.0519879266159303,0.021715011005310245,5,0.006647299975156784,128,12
nystrom,16,fixed_5,Burgers,60,0,0.005564889959540746,0.09673677812460832,5,0.004996600095182657,124,12
nystrom,16,fixed_5,Burgers,60,1,0.005791917508211421,0.09673677812460832,5,0.004550499957986176,124,12
nystrom,16,fixed_5,Burgers,60,2,0.0053876315600875895,0.09673677812460832,5,0.0064437000546604395,124,12
nystrom,16,fixed_5,Burgers,60,3,0.005491478377098129,0.09673677812460832,5,0.005715699982829392,124,12
nystrom,16,fixed_5,Burgers,60,4,0.0059772546042845,0.09673677812460832,5,0.005737499915994704,124,12
nystrom,16,fixed_5,Burgers,62,0,0.014477517490137327,0.07110291928182814,5,0.006616700091399252,116,12
nystrom,16,fixed_5,Burgers,62,1,0.014597601610856574,0.07110291928182814,5,0.00674430001527071,116,12
nystrom,16,fixed_5,Burgers,62,2,0.012883243687542064,0.07110291928182814,5,0.0058515999699011445,116,12
nystrom,16,fixed_5,Burgers,62,3,0.013176310530300073,0.07110291928182814,5,0.005750900018028915,116,12
nystrom,16,fixed_5,Burgers,62,4,0.013208773062001676,0.07110291928182814,5,0.008764299913309515,116,12
nystrom,16,fixed_5,Burgers,64,0,0.03959113582400893,0.06994578374212969,5,0.004887299961410463,122,12
nystrom,16,fixed_5,Burgers,64,1,0.03997290667153945,0.06994578374212969,5,0.005198700004257262,122,12
nystrom,16,fixed_5,Burgers,64,2,0.04036149729602538,0.06994578374212969,5,0.005375899956561625,122,12
nystrom,16,fixed_5,Burgers,64,3,0.04071720998519879,0.06994578374212969,5,0.005601000157184899,122,12
nystrom,16,fixed_5,Burgers,64,4,0.04055119490529632,0.06994578374212969,5,0.005333899985998869,122,12
nystrom,16,fixed_5,Burgers,65,0,0.014246808944569304,0.10054054391634194,5,0.00812489993404597,128,12
nystrom,16,fixed_5,Burgers,65,1,0.014363272614619064,0.10054054391634194,5,0.006477899965830147,128,12
nystrom,16,fixed_5,Burgers,65,2,0.014018529783026331,0.10054054391634194,5,0.01025419996585697,128,12
nystrom,16,fixed_5,Burgers,65,3,0.014503094752008065,0.10054054391634194,5,0.0059850000543519855,128,12
nystrom,16,fixed_5,Burgers,65,4,0.014085953491352093,0.10054054391634194,5,0.007762799970805645,128,12
nystrom,16,fixed_5,Burgers,66,0,0.019054002152244197,0.08431587631193634,5,0.004627999966032803,122,12
nystrom,16,fixed_5,Burgers,66,1,0.018954192025460982,0.08431587631193634,5,0.004570299992337823,122,12
nystrom,16,fixed_5,Burgers,66,2,0.01892884207597537,0.08431587631193634,5,0.005667500081472099,122,12
nystrom,16,fixed_5,Burgers,66,3,0.018951993765431732,0.08431587631193634,5,0.0037650999147444963,122,12
nystrom,16,fixed_5,Burgers,66,4,0.01929922978925817,0.08431587631193634,5,0.005883099976927042,122,12
nystrom,16,fixed_5,Burgers,67,0,0.07392257404529755,0.04202628008946151,5,0.003946600016206503,118,12
nystrom,16,fixed_5,Burgers,67,1,0.0728248437819412,0.04202628008946151,5,0.00424950011074543,118,12
nystrom,16,fixed_5,Burgers,67,2,0.07472953968990453,0.04202628008946151,5,0.004692099988460541,118,12
nystrom,16,fixed_5,Burgers,67,3,0.07406690765083149,0.04202628008946151,5,0.0058160999324172735,118,12
nystrom,16,fixed_5,Burgers,67,4,0.07389440371841616,0.04202628008946151,5,0.007201600004918873,118,12
nystrom,16,fixed_5,Burgers,68,0,0.010221364796179414,0.20705105792545012,5,0.003725999966263771,120,12
nystrom,16,fixed_5,Burgers,68,1,0.009868852924431433,0.20705105792545012,5,0.004806400160305202,120,12
nystrom,16,fixed_5,Burgers,68,2,0.010454809463192384,0.20705105792545012,5,0.006184800062328577,120,12
nystrom,16,fixed_5,Burgers,68,3,0.010214599977269406,0.20705105792545012,5,0.0056986999697983265,120,12
nystrom,16,fixed_5,Burgers,68,4,0.00995470362755039,0.20705105792545012,5,0.005303399986587465,120,12
nystrom,16,fixed_5,Burgers,69,0,0.01675796084513786,0.05510791338425962,5,0.004528000019490719,116,12
nystrom,16,fixed_5,Burgers,69,1,0.0176645899849796,0.05510791338425962,5,0.004133300157263875,116,12
nystrom,16,fixed_5,Burgers,69,2,0.017195668573981013,0.05510791338425962,5,0.005733399884775281,116,12
nystrom,16,fixed_5,Burgers,69,3,0.01613352400504247,0.05510791338425962,5,0.004541900008916855,116,12
nystrom,16,fixed_5,Burgers,69,4,0.017110040819729267,0.05510791338425962,5,0.0030463000293821096,116,12
nystrom,16,adaptive,Allen-Cahn,75,0,0.00044059582433487624,0.24478447346058754,4,0.003230100031942129,70,10
nystrom,16,adaptive,Allen-Cahn,75,1,0.00035574823781402257,0.24478447346058754,4,0.0034034999553114176,70,10
nystrom,16,adaptive,Allen-Cahn,75,2,0.0003979021476935486,0.24478447346058754,4,0.0029631999786943197,70,10
nystrom,16,adaptive,Allen-Cahn,75,3,0.000414373633347458,0.24478447346058754,4,0.0025629999581724405,70,10
nystrom,16,adaptive,Allen-Cahn,75,4,0.0002969033596111473,0.24478447346058754,4,0.00199259992223233,70,10
nystrom,16,adaptive,Allen-Cahn,76,0,0.0007442140002419873,0.1198920810829619,5,0.0020324999932199717,74,12
nystrom,16,adaptive,Allen-Cahn,76,1,0.0006351723451553436,0.1198920810829619,5,0.002792099956423044,74,12
nystrom,16,adaptive,Allen-Cahn,76,2,0.0006178153048921521,0.1198920810829619,5,0.003063199925236404,74,12
nystrom,16,adaptive,Allen-Cahn,76,3,0.0008250115149440693,0.1198920810829619,5,0.003882799996063113,74,12
nystrom,16,adaptive,Allen-Cahn,76,4,0.0007782574119084302,0.1198920810829619,5,0.0030005000298842788,74,12
nystrom,16,adaptive,Allen-Cahn,77,0,0.001941673921728802,0.39049687523095344,5,0.0026088999584317207,78,12
nystrom,16,adaptive,Allen-Cahn,77,1,0.001602920287516285,0.39049687523095344,5,0.0031595000764355063,78,12
nystrom,16,adaptive,Allen-Cahn,77,2,0.001993019018425782,0.39049687523095344,5,0.002385700005106628,78,12
nystrom,16,adaptive,Allen-Cahn,77,3,0.0022602777361820457,0.39049687523095344,5,0.0030128001235425472,78,12
nystrom,16,adaptive,Allen-Cahn,77,4,0.002123069507373145,0.39049687523095344,5,0.0020430999575182796,78,12
nystrom,16,adaptive,Allen-Cahn,78,0,0.0008742837799283244,0.28167797695039015,5,0.0019380999729037285,76,12
nystrom,16,adaptive,Allen-Cahn,78,1,0.0006231672876167694,0.28167797695039015,5,0.002908300026319921,76,12
nystrom,16,adaptive,Allen-Cahn,78,2,0.0006888002938967337,0.28167797695039015,5,0.0025890000397339463,76,12
nystrom,16,adaptive,Allen-Cahn,78,3,0.0008952290536808954,0.28167797695039015,5,0.002431900007650256,76,12
nystrom,16,adaptive,Allen-Cahn,78,4,0.0008829225541815298,0.28167797695039015,5,0.0029501999961212277,76,12
nystrom,16,adaptive,Allen-Cahn,79,0,0.0009483937730064898,0.46672331054507077,5,0.0027974999975413084,76,12
nystrom,16,adaptive,Allen-Cahn,79,1,0.0007958538661830474,0.46672331054507077,5,0.003879199968650937,76,12
nystrom,16,adaptive,Allen-Cahn,79,2,0.0008912467974554501,0.46672331054507077,5,0.00279000005684793,76,12
nystrom,16,adaptive,Allen-Cahn,79,3,0.0008876259361100235,0.46672331054507077,5,0.004019699990749359,76,12
nystrom,16,adaptive,Allen-Cahn,79,4,0.0008432806634325523,0.46672331054507077,5,0.0026369999395683408,76,12
nystrom,16,adaptive,Allen-Cahn,80,0,0.00039364757572008213,0.36626326604464865,5,0.00341189990285784,72,12
nystrom,16,adaptive,Allen-Cahn,80,1,0.0003554220902320771,0.36626326604464865,5,0.0036965999752283096,72,12
nystrom,16,adaptive,Allen-Cahn,80,2,0.00027221868533321955,0.36626326604464865,5,0.0037974000442773104,72,12
nystrom,16,adaptive,Allen-Cahn,80,3,0.000353776016698779,0.36626326604464865,5,0.0031346000032499433,72,12
nystrom,16,adaptive,Allen-Cahn,80,4,0.0002763390084035596,0.36626326604464865,5,0.0036231999984011054,72,12
nystrom,16,adaptive,Allen-Cahn,82,0,0.004366923458611606,0.15552413475285662,5,0.002753000007942319,80,12
nystrom,16,adaptive,Allen-Cahn,82,1,0.003563788219588991,0.15552413475285662,5,0.003927599987946451,80,12
nystrom,16,adaptive,Allen-Cahn,82,2,0.0035535644458458025,0.15552413475285662,5,0.00220620003528893,80,12
nystrom,16,adaptive,Allen-Cahn,82,3,0.003433516337198601,0.15552413475285662,5,0.004103300045244396,80,12
nystrom,16,adaptive,Allen-Cahn,82,4,0.0036989412595023804,0.15552413475285662,5,0.0027030999772250652,80,12
nystrom,16,adaptive,Allen-Cahn,83,0,0.00430594650555645,0.21819187736901235,5,0.0029989000177010894,72,12
nystrom,16,adaptive,Allen-Cahn,83,1,0.002277019688576178,0.21819187736901235,5,0.002746600075624883,72,12
nystrom,16,adaptive,Allen-Cahn,83,2,0.001499308687550775,0.21819187736901235,5,0.0020260000601410866,72,12
nystrom,16,adaptive,Allen-Cahn,83,3,0.003891347963598696,0.21819187736901235,5,0.002145599923096597,72,12
nystrom,16,adaptive,Allen-Cahn,83,4,0.004017833844745896,0.21819187736901235,5,0.002710399916395545,72,12
nystrom,16,adaptive,Allen-Cahn,84,0,0.035290491450435724,0.2785667026014691,5,0.0018872000509873033,78,12
nystrom,16,adaptive,Allen-Cahn,84,1,0.034782852191234545,0.2785667026014691,5,0.002417100011371076,78,12
nystrom,16,adaptive,Allen-Cahn,84,2,0.035239386142496804,0.2785667026014691,5,0.002246999996714294,78,12
nystrom,16,adaptive,Allen-Cahn,84,3,0.03359615543878564,0.2785667026014691,5,0.001666199997998774,78,12
nystrom,16,adaptive,Allen-Cahn,84,4,0.035336768890806794,0.2785667026014691,5,0.0029713999247178435,78,12
nystrom,16,adaptive,Burgers,55,0,0.00707750224100767,0.0789616526557739,5,0.0032330999383702874,114,12
nystrom,16,adaptive,Burgers,55,1,0.006526004832701615,0.0789616526557739,5,0.0038723000325262547,114,12
nystrom,16,adaptive,Burgers,55,2,0.007910307287788097,0.0789616526557739,5,0.004660099977627397,114,12
nystrom,16,adaptive,Burgers,55,3,0.006931408583803857,0.0789616526557739,5,0.005406699958257377,114,12
nystrom,16,adaptive,Burgers,55,4,0.006072961859498352,0.0789616526557739,5,0.0037726000882685184,114,12
nystrom,16,adaptive,Burgers,56,0,0.028213357349105038,0.09228635643654069,5,0.0046518000308424234,110,12
nystrom,16,adaptive,Burgers,56,1,0.0289908845085711,0.09228635643654069,5,0.007085899938829243,110,12
nystrom,16,adaptive,Burgers,56,2,0.02836516799044555,0.09228635643654069,5,0.004890499985776842,110,12
nystrom,16,adaptive,Burgers,56,3,0.028977960699095556,0.09228635643654069,5,0.0033873000647872686,110,12
nystrom,16,adaptive,Burgers,56,4,0.0283086349476427,0.09228635643654069,5,0.004516499931924045,110,12
nystrom,16,adaptive,Burgers,58,0,0.008732849926292339,0.014205395893809295,5,0.004850200028158724,122,12
nystrom,16,adaptive,Burgers,58,1,0.008718997125618761,0.014205395893809295,5,0.006019799970090389,122,12
nystrom,16,adaptive,Burgers,58,2,0.0087160353631372,0.014205395893809295,5,0.005794299999251962,122,12
nystrom,16,adaptive,Burgers,58,3,0.009149053411155487,0.014205395893809295,5,0.0041995999636128545,122,12
nystrom,16,adaptive,Burgers,58,4,0.008753912475844531,0.014205395893809295,5,0.003963799914345145,122,12
nystrom,16,adaptive,Burgers,59,0,0.05128277540400065,0.021715011005310245,5,0.008004599949344993,128,12
nystrom,16,adaptive,Burgers,59,1,0.05077536040614022,0.021715011005310245,5,0.00587310001719743,128,12
nystrom,16,adaptive,Burgers,59,2,0.05059232057405502,0.021715011005310245,5,0.0076024000300094485,128,12
nystrom,16,adaptive,Burgers,59,3,0.05156605195132714,0.021715011005310245,5,0.007302700076252222,128,12
nystrom,16,adaptive,Burgers,59,4,0.0519879266159303,0.021715011005310245,5,0.006647299975156784,128,12
nystrom,16,adaptive,Burgers,60,0,0.005564889959540746,0.09673677812460832,5,0.004996600095182657,124,12
nystrom,16,adaptive,Burgers,60,1,0.005791917508211421,0.09673677812460832,5,0.004550499957986176,124,12
nystrom,16,adaptive,Burgers,60,2,0.0053876315600875895,0.09673677812460832,5,0.0064437000546604395,124,12
nystrom,16,adaptive,Burgers,60,3,0.005491478377098129,0.09673677812460832,5,0.005715699982829392,124,12
nystrom,16,adaptive,Burgers,60,4,0.0059772546042845,0.09673677812460832,5,0.005737499915994704,124,12
nystrom,16,adaptive,Burgers,62,0,0.014477517490137327,0.07110291928182814,5,0.006616700091399252,116,12
nystrom,16,adaptive,Burgers,62,1,0.014597601610856574,0.07110291928182814,5,0.00674430001527071,116,12
nystrom,16,adaptive,Burgers,62,2,0.012883243687542064,0.07110291928182814,5,0.0058515999699011445,116,12
nystrom,16,adaptive,Burgers,62,3,0.013176310530300073,0.07110291928182814,5,0.005750900018028915,116,12
nystrom,16,adaptive,Burgers,62,4,0.013208773062001676,0.07110291928182814,5,0.008764299913309515,116,12
nystrom,16,adaptive,Burgers,64,0,0.03959113582400893,0.06994578374212969,5,0.004887299961410463,122,12
nystrom,16,adaptive,Burgers,64,1,0.03997290667153945,0.06994578374212969,5,0.005198700004257262,122,12
nystrom,16,adaptive,Burgers,64,2,0.04036149729602538,0.06994578374212969,5,0.005375899956561625,122,12
nystrom,16,adaptive,Burgers,64,3,0.04071720998519879,0.06994578374212969,5,0.005601000157184899,122,12
nystrom,16,adaptive,Burgers,64,4,0.04055119490529632,0.06994578374212969,5,0.005333899985998869,122,12
nystrom,16,adaptive,Burgers,65,0,0.014246808944569304,0.10054054391634194,5,0.00812489993404597,128,12
nystrom,16,adaptive,Burgers,65,1,0.014363272614619064,0.10054054391634194,5,0.006477899965830147,128,12
nystrom,16,adaptive,Burgers,65,2,0.014018529783026331,0.10054054391634194,5,0.01025419996585697,128,12
nystrom,16,adaptive,Burgers,65,3,0.014503094752008065,0.10054054391634194,5,0.0059850000543519855,128,12
nystrom,16,adaptive,Burgers,65,4,0.014085953491352093,0.10054054391634194,5,0.007762799970805645,128,12
nystrom,16,adaptive,Burgers,66,0,0.019054002152244197,0.08431587631193634,5,0.004627999966032803,122,12
nystrom,16,adaptive,Burgers,66,1,0.018954192025460982,0.08431587631193634,5,0.004570299992337823,122,12
nystrom,16,adaptive,Burgers,66,2,0.01892884207597537,0.08431587631193634,5,0.005667500081472099,122,12
nystrom,16,adaptive,Burgers,66,3,0.018951993765431732,0.08431587631193634,5,0.0037650999147444963,122,12
nystrom,16,adaptive,Burgers,66,4,0.01929922978925817,0.08431587631193634,5,0.005883099976927042,122,12
nystrom,16,adaptive,Burgers,67,0,0.07392257404529755,0.04202628008946151,5,0.003946600016206503,118,12
nystrom,16,adaptive,Burgers,67,1,0.0728248437819412,0.04202628008946151,5,0.00424950011074543,118,12
nystrom,16,adaptive,Burgers,67,2,0.07472953968990453,0.04202628008946151,5,0.004692099988460541,118,12
nystrom,16,adaptive,Burgers,67,3,0.07406690765083149,0.04202628008946151,5,0.0058160999324172735,118,12
nystrom,16,adaptive,Burgers,67,4,0.07389440371841616,0.04202628008946151,5,0.007201600004918873,118,12
nystrom,16,adaptive,Burgers,68,0,0.010221364796179414,0.20705105792545012,5,0.003725999966263771,120,12
nystrom,16,adaptive,Burgers,68,1,0.009868852924431433,0.20705105792545012,5,0.004806400160305202,120,12
nystrom,16,adaptive,Burgers,68,2,0.010454809463192384,0.20705105792545012,5,0.006184800062328577,120,12
nystrom,16,adaptive,Burgers,68,3,0.010214599977269406,0.20705105792545012,5,0.0056986999697983265,120,12
nystrom,16,adaptive,Burgers,68,4,0.00995470362755039,0.20705105792545012,5,0.005303399986587465,120,12
nystrom,16,adaptive,Burgers,69,0,0.01675796084513786,0.05510791338425962,5,0.004528000019490719,116,12
nystrom,16,adaptive,Burgers,69,1,0.0176645899849796,0.05510791338425962,5,0.004133300157263875,116,12
nystrom,16,adaptive,Burgers,69,2,0.017195668573981013,0.05510791338425962,5,0.005733399884775281,116,12
nystrom,16,adaptive,Burgers,69,3,0.01613352400504247,0.05510791338425962,5,0.004541900008916855,116,12
nystrom,16,adaptive,Burgers,69,4,0.017110040819729267,0.05510791338425962,5,0.0030463000293821096,116,12
nystrom,24,fixed_0,Allen-Cahn,75,0,0.0016478256462796122,0.24478447346058754,0,0.002280700020492077,78,2
nystrom,24,fixed_0,Allen-Cahn,75,1,0.0016478256462796122,0.24478447346058754,0,0.0032253999961540103,78,2
nystrom,24,fixed_0,Allen-Cahn,75,2,0.0016478256462796122,0.24478447346058754,0,0.0033264999510720372,78,2
nystrom,24,fixed_0,Allen-Cahn,75,3,0.0016478256462796122,0.24478447346058754,0,0.0030312000308185816,78,2
nystrom,24,fixed_0,Allen-Cahn,75,4,0.0016478256462796122,0.24478447346058754,0,0.003150500007905066,78,2
nystrom,24,fixed_0,Allen-Cahn,76,0,0.0029112783478400343,0.1198920810829619,0,0.001410100026987493,82,2
nystrom,24,fixed_0,Allen-Cahn,76,1,0.0029112783478400343,0.1198920810829619,0,0.0028894999995827675,82,2
nystrom,24,fixed_0,Allen-Cahn,76,2,0.0029112783478400343,0.1198920810829619,0,0.0026859999634325504,82,2
nystrom,24,fixed_0,Allen-Cahn,76,3,0.0029112783478400343,0.1198920810829619,0,0.0024047999177128077,82,2
nystrom,24,fixed_0,Allen-Cahn,76,4,0.0029112783478400343,0.1198920810829619,0,0.0025960999773815274,82,2
nystrom,24,fixed_0,Allen-Cahn,77,0,0.009332942350835987,0.39049687523095344,0,0.002827899996191263,86,2
nystrom,24,fixed_0,Allen-Cahn,77,1,0.009332942350835987,0.39049687523095344,0,0.0027972999960184097,86,2
nystrom,24,fixed_0,Allen-Cahn,77,2,0.009332942350835987,0.39049687523095344,0,0.001884999917820096,86,2
nystrom,24,fixed_0,Allen-Cahn,77,3,0.009332942350835987,0.39049687523095344,0,0.00399750005453825,86,2
nystrom,24,fixed_0,Allen-Cahn,77,4,0.009332942350835987,0.39049687523095344,0,0.0020137999672442675,86,2
nystrom,24,fixed_0,Allen-Cahn,78,0,0.0014656584046046973,0.28167797695039015,0,0.002522700000554323,84,2
nystrom,24,fixed_0,Allen-Cahn,78,1,0.0014656584046046973,0.28167797695039015,0,0.002509400015696883,84,2
nystrom,24,fixed_0,Allen-Cahn,78,2,0.0014656584046046973,0.28167797695039015,0,0.0025753999361768365,84,2
nystrom,24,fixed_0,Allen-Cahn,78,3,0.0014656584046046973,0.28167797695039015,0,0.001612599939107895,84,2
nystrom,24,fixed_0,Allen-Cahn,78,4,0.0014656584046046973,0.28167797695039015,0,0.0023251998936757445,84,2
nystrom,24,fixed_0,Allen-Cahn,79,0,0.002874415417360489,0.46672331054507077,0,0.0026412999723106623,84,2
nystrom,24,fixed_0,Allen-Cahn,79,1,0.002874415417360489,0.46672331054507077,0,0.003167600021697581,84,2
nystrom,24,fixed_0,Allen-Cahn,79,2,0.002874415417360489,0.46672331054507077,0,0.003643200034275651,84,2
nystrom,24,fixed_0,Allen-Cahn,79,3,0.002874415417360489,0.46672331054507077,0,0.004756100010126829,84,2
nystrom,24,fixed_0,Allen-Cahn,79,4,0.002874415417360489,0.46672331054507077,0,0.0034820999717339873,84,2
nystrom,24,fixed_0,Allen-Cahn,80,0,0.0070305010990798274,0.36626326604464865,0,0.003365500015206635,80,2
nystrom,24,fixed_0,Allen-Cahn,80,1,0.0070305010990798274,0.36626326604464865,0,0.002445399994030595,80,2
nystrom,24,fixed_0,Allen-Cahn,80,2,0.0070305010990798274,0.36626326604464865,0,0.002739400020800531,80,2
nystrom,24,fixed_0,Allen-Cahn,80,3,0.0070305010990798274,0.36626326604464865,0,0.003132799989543855,80,2
nystrom,24,fixed_0,Allen-Cahn,80,4,0.0070305010990798274,0.36626326604464865,0,0.005562399979680777,80,2
nystrom,24,fixed_0,Allen-Cahn,82,0,0.00922279983554665,0.15552413475285662,0,0.003010299988090992,88,2
nystrom,24,fixed_0,Allen-Cahn,82,1,0.00922279983554665,0.15552413475285662,0,0.0023778999457135797,88,2
nystrom,24,fixed_0,Allen-Cahn,82,2,0.00922279983554665,0.15552413475285662,0,0.0016456000739708543,88,2
nystrom,24,fixed_0,Allen-Cahn,82,3,0.00922279983554665,0.15552413475285662,0,0.001851300010457635,88,2
nystrom,24,fixed_0,Allen-Cahn,82,4,0.00922279983554665,0.15552413475285662,0,0.0020326999947428703,88,2
nystrom,24,fixed_0,Allen-Cahn,83,0,0.01294269891373847,0.21819187736901235,0,0.0021561000030487776,80,2
nystrom,24,fixed_0,Allen-Cahn,83,1,0.01294269891373847,0.21819187736901235,0,0.0019357000710442662,80,2
nystrom,24,fixed_0,Allen-Cahn,83,2,0.01294269891373847,0.21819187736901235,0,0.0023713000118732452,80,2
nystrom,24,fixed_0,Allen-Cahn,83,3,0.01294269891373847,0.21819187736901235,0,0.002246500109322369,80,2
nystrom,24,fixed_0,Allen-Cahn,83,4,0.01294269891373847,0.21819187736901235,0,0.0023575000232085586,80,2
nystrom,24,fixed_0,Allen-Cahn,84,0,0.0541163837140787,0.2785667026014691,0,0.0027528000064194202,86,2
nystrom,24,fixed_0,Allen-Cahn,84,1,0.0541163837140787,0.2785667026014691,0,0.0027143999468535185,86,2
nystrom,24,fixed_0,Allen-Cahn,84,2,0.0541163837140787,0.2785667026014691,0,0.002524100011214614,86,2
nystrom,24,fixed_0,Allen-Cahn,84,3,0.0541163837140787,0.2785667026014691,0,0.0018483999883756042,86,2
nystrom,24,fixed_0,Allen-Cahn,84,4,0.0541163837140787,0.2785667026014691,0,0.0029624999733641744,86,2
nystrom,24,fixed_0,Burgers,55,0,0.010072710497280481,0.0789616526557739,0,0.006117900018580258,122,2
nystrom,24,fixed_0,Burgers,55,1,0.010072710497280481,0.0789616526557739,0,0.004509799997322261,122,2
nystrom,24,fixed_0,Burgers,55,2,0.010072710497280481,0.0789616526557739,0,0.005800599930807948,122,2
nystrom,24,fixed_0,Burgers,55,3,0.010072710497280481,0.0789616526557739,0,0.00545400008559227,122,2
nystrom,24,fixed_0,Burgers,55,4,0.010072710497280481,0.0789616526557739,0,0.006728300009854138,122,2
nystrom,24,fixed_0,Burgers,56,0,0.03212017968931063,0.09228635643654069,0,0.005468699964694679,118,2
nystrom,24,fixed_0,Burgers,56,1,0.03212017968931063,0.09228635643654069,0,0.006192700006067753,118,2
nystrom,24,fixed_0,Burgers,56,2,0.03212017968931063,0.09228635643654069,0,0.004568499978631735,118,2
nystrom,24,fixed_0,Burgers,56,3,0.03212017968931063,0.09228635643654069,0,0.005194199969992042,118,2
nystrom,24,fixed_0,Burgers,56,4,0.03212017968931063,0.09228635643654069,0,0.004617600003257394,118,2
nystrom,24,fixed_0,Burgers,58,0,0.010509167972881582,0.014205395893809295,0,0.004307399969547987,130,2
nystrom,24,fixed_0,Burgers,58,1,0.010509167972881582,0.014205395893809295,0,0.005512300063855946,130,2
nystrom,24,fixed_0,Burgers,58,2,0.010509167972881582,0.014205395893809295,0,0.005146299954503775,130,2
nystrom,24,fixed_0,Burgers,58,3,0.010509167972881582,0.014205395893809295,0,0.005266099935397506,130,2
nystrom,24,fixed_0,Burgers,58,4,0.010509167972881582,0.014205395893809295,0,0.00447439996059984,130,2
nystrom,24,fixed_0,Burgers,59,0,0.0599441488213702,0.021715011005310245,0,0.007474099984392524,136,2
nystrom,24,fixed_0,Burgers,59,1,0.0599441488213702,0.021715011005310245,0,0.0070099999429658055,136,2
nystrom,24,fixed_0,Burgers,59,2,0.0599441488213702,0.021715011005310245,0,0.006913099903613329,136,2
nystrom,24,fixed_0,Burgers,59,3,0.0599441488213702,0.021715011005310245,0,0.007001099991612136,136,2
nystrom,24,fixed_0,Burgers,59,4,0.0599441488213702,0.021715011005310245,0,0.007404100033454597,136,2
nystrom,24,fixed_0,Burgers,60,0,0.008626625357286847,0.09673677812460832,0,0.005692899925634265,132,2
nystrom,24,fixed_0,Burgers,60,1,0.008626625357286847,0.09673677812460832,0,0.005429700016975403,132,2
nystrom,24,fixed_0,Burgers,60,2,0.008626625357286847,0.09673677812460832,0,0.00497959996573627,132,2
nystrom,24,fixed_0,Burgers,60,3,0.008626625357286847,0.09673677812460832,0,0.00533219997305423,132,2
nystrom,24,fixed_0,Burgers,60,4,0.008626625357286847,0.09673677812460832,0,0.00478099996689707,132,2
nystrom,24,fixed_0,Burgers,62,0,0.019904348631842532,0.07110291928182814,0,0.006309599964879453,124,2
nystrom,24,fixed_0,Burgers,62,1,0.019904348631842532,0.07110291928182814,0,0.007249100017361343,124,2
nystrom,24,fixed_0,Burgers,62,2,0.019904348631842532,0.07110291928182814,0,0.00641219993121922,124,2
nystrom,24,fixed_0,Burgers,62,3,0.019904348631842532,0.07110291928182814,0,0.006561999907717109,124,2
nystrom,24,fixed_0,Burgers,62,4,0.019904348631842532,0.07110291928182814,0,0.005889200139790773,124,2
nystrom,24,fixed_0,Burgers,64,0,0.047850171755864784,0.06994578374212969,0,0.004254799918271601,130,2
nystrom,24,fixed_0,Burgers,64,1,0.047850171755864784,0.06994578374212969,0,0.004709800006821752,130,2
nystrom,24,fixed_0,Burgers,64,2,0.047850171755864784,0.06994578374212969,0,0.005593100097030401,130,2
nystrom,24,fixed_0,Burgers,64,3,0.047850171755864784,0.06994578374212969,0,0.0040487999795004725,130,2
nystrom,24,fixed_0,Burgers,64,4,0.047850171755864784,0.06994578374212969,0,0.005266600055620074,130,2
nystrom,24,fixed_0,Burgers,65,0,0.018898221195743272,0.10054054391634194,0,0.0068419999442994595,136,2
nystrom,24,fixed_0,Burgers,65,1,0.018898221195743272,0.10054054391634194,0,0.007788800052367151,136,2
nystrom,24,fixed_0,Burgers,65,2,0.018898221195743272,0.10054054391634194,0,0.007121699978597462,136,2
nystrom,24,fixed_0,Burgers,65,3,0.018898221195743272,0.10054054391634194,0,0.0072110999608412385,136,2
nystrom,24,fixed_0,Burgers,65,4,0.018898221195743272,0.10054054391634194,0,0.007252700044773519,136,2
nystrom,24,fixed_0,Burgers,66,0,0.022436324952560146,0.08431587631193634,0,0.004921599989756942,130,2
nystrom,24,fixed_0,Burgers,66,1,0.022436324952560146,0.08431587631193634,0,0.004146500024944544,130,2
nystrom,24,fixed_0,Burgers,66,2,0.022436324952560146,0.08431587631193634,0,0.005252600065432489,130,2
nystrom,24,fixed_0,Burgers,66,3,0.022436324952560146,0.08431587631193634,0,0.005015700007788837,130,2
nystrom,24,fixed_0,Burgers,66,4,0.022436324952560146,0.08431587631193634,0,0.005501899984665215,130,2
nystrom,24,fixed_0,Burgers,67,0,0.0820673815922296,0.04202628008946151,0,0.0054753998992964625,126,2
nystrom,24,fixed_0,Burgers,67,1,0.0820673815922296,0.04202628008946151,0,0.006394800031557679,126,2
nystrom,24,fixed_0,Burgers,67,2,0.0820673815922296,0.04202628008946151,0,0.005905000027269125,126,2
nystrom,24,fixed_0,Burgers,67,3,0.0820673815922296,0.04202628008946151,0,0.00429219997022301,126,2
nystrom,24,fixed_0,Burgers,67,4,0.0820673815922296,0.04202628008946151,0,0.007016699993982911,126,2
nystrom,24,fixed_0,Burgers,68,0,0.01358726894184347,0.20705105792545012,0,0.0046805000165477395,128,2
nystrom,24,fixed_0,Burgers,68,1,0.01358726894184347,0.20705105792545012,0,0.0031645999988541007,128,2
nystrom,24,fixed_0,Burgers,68,2,0.01358726894184347,0.20705105792545012,0,0.004451499902643263,128,2
nystrom,24,fixed_0,Burgers,68,3,0.01358726894184347,0.20705105792545012,0,0.004624699940904975,128,2
nystrom,24,fixed_0,Burgers,68,4,0.01358726894184347,0.20705105792545012,0,0.003819799982011318,128,2
nystrom,24,fixed_0,Burgers,69,0,0.019567153664671055,0.05510791338425962,0,0.004214300191961229,124,2
nystrom,24,fixed_0,Burgers,69,1,0.019567153664671055,0.05510791338425962,0,0.0034449000377207994,124,2
nystrom,24,fixed_0,Burgers,69,2,0.019567153664671055,0.05510791338425962,0,0.003902499913237989,124,2
nystrom,24,fixed_0,Burgers,69,3,0.019567153664671055,0.05510791338425962,0,0.005027999985031784,124,2
nystrom,24,fixed_0,Burgers,69,4,0.019567153664671055,0.05510791338425962,0,0.0039833999471738935,124,2
nystrom,24,fixed_1,Allen-Cahn,75,0,6.898746677550915e-05,0.24478447346058754,1,0.002405800041742623,78,4
nystrom,24,fixed_1,Allen-Cahn,75,1,6.521903099628617e-05,0.24478447346058754,1,0.003355400054715574,78,4
nystrom,24,fixed_1,Allen-Cahn,75,2,0.00011436402070135741,0.24478447346058754,1,0.0034306999295949936,78,4
nystrom,24,fixed_1,Allen-Cahn,75,3,0.00022782252923952083,0.24478447346058754,1,0.003094600047916174,78,4
nystrom,24,fixed_1,Allen-Cahn,75,4,6.346781446978416e-05,0.24478447346058754,1,0.0032091999892145395,78,4
nystrom,24,fixed_1,Allen-Cahn,76,0,0.0013306444781370139,0.1198920810829619,1,0.001457100035622716,82,4
nystrom,24,fixed_1,Allen-Cahn,76,1,0.0002286357624609674,0.1198920810829619,1,0.0029511000029742718,82,4
nystrom,24,fixed_1,Allen-Cahn,76,2,0.0004436322774513745,0.1198920810829619,1,0.0027342999819666147,82,4
nystrom,24,fixed_1,Allen-Cahn,76,3,0.0004667729215502061,0.1198920810829619,1,0.002463199896737933,82,4
nystrom,24,fixed_1,Allen-Cahn,76,4,0.001088246288895957,0.1198920810829619,1,0.002680499921552837,82,4
nystrom,24,fixed_1,Allen-Cahn,77,0,0.007318520686151827,0.39049687523095344,1,0.0029136999510228634,86,4
nystrom,24,fixed_1,Allen-Cahn,77,1,0.00803283999352989,0.39049687523095344,1,0.0028820999432355165,86,4
nystrom,24,fixed_1,Allen-Cahn,77,2,0.0069666163101023545,0.39049687523095344,1,0.0019314999226480722,86,4
nystrom,24,fixed_1,Allen-Cahn,77,3,0.00804521357825354,0.39049687523095344,1,0.004128900007344782,86,4
nystrom,24,fixed_1,Allen-Cahn,77,4,0.006641329875321314,0.39049687523095344,1,0.002111000008881092,86,4
nystrom,24,fixed_1,Allen-Cahn,78,0,0.0013594525213424446,0.28167797695039015,1,0.002598599996417761,84,4
nystrom,24,fixed_1,Allen-Cahn,78,1,0.000961549829205254,0.28167797695039015,1,0.002583900117315352,84,4
nystrom,24,fixed_1,Allen-Cahn,78,2,0.0008373063370561134,0.28167797695039015,1,0.0026566999731585383,84,4
nystrom,24,fixed_1,Allen-Cahn,78,3,0.0009197263834522756,0.28167797695039015,1,0.001658199937082827,84,4
nystrom,24,fixed_1,Allen-Cahn,78,4,0.0011114382345602863,0.28167797695039015,1,0.0024144999915733933,84,4
nystrom,24,fixed_1,Allen-Cahn,79,0,0.0009574281050941312,0.46672331054507077,1,0.0027275000466033816,84,4
nystrom,24,fixed_1,Allen-Cahn,79,1,0.001420122886946415,0.46672331054507077,1,0.003269999986514449,84,4
nystrom,24,fixed_1,Allen-Cahn,79,2,0.0014526485610380606,0.46672331054507077,1,0.00377359997946769,84,4
nystrom,24,fixed_1,Allen-Cahn,79,3,0.0011981535588941857,0.46672331054507077,1,0.00483610003720969,84,4
nystrom,24,fixed_1,Allen-Cahn,79,4,0.0009007454694096702,0.46672331054507077,1,0.0035861999494954944,84,4
nystrom,24,fixed_1,Allen-Cahn,80,0,0.0003296990584207647,0.36626326604464865,1,0.0034754000371322036,80,4
nystrom,24,fixed_1,Allen-Cahn,80,1,0.0003487140546261547,0.36626326604464865,1,0.002558200038038194,80,4
nystrom,24,fixed_1,Allen-Cahn,80,2,0.0001354906339263244,0.36626326604464865,1,0.002801500027999282,80,4
nystrom,24,fixed_1,Allen-Cahn,80,3,0.00020256342195504017,0.36626326604464865,1,0.0032390999840572476,80,4
nystrom,24,fixed_1,Allen-Cahn,80,4,0.00037830254938784214,0.36626326604464865,1,0.005731599987484515,80,4
nystrom,24,fixed_1,Allen-Cahn,82,0,0.007415630143608892,0.15552413475285662,1,0.0030718999914824963,88,4
nystrom,24,fixed_1,Allen-Cahn,82,1,0.0076898847682002214,0.15552413475285662,1,0.0024219000479206443,88,4
nystrom,24,fixed_1,Allen-Cahn,82,2,0.0051255751044813405,0.15552413475285662,1,0.0016923000803217292,88,4
nystrom,24,fixed_1,Allen-Cahn,82,3,0.006605466453458274,0.15552413475285662,1,0.0018971000099554658,88,4
nystrom,24,fixed_1,Allen-Cahn,82,4,0.005960904348307811,0.15552413475285662,1,0.0020794000010937452,88,4
nystrom,24,fixed_1,Allen-Cahn,83,0,0.0019262005903401265,0.21819187736901235,1,0.0022060000337660313,80,4
nystrom,24,fixed_1,Allen-Cahn,83,1,0.004415008315972802,0.21819187736901235,1,0.0019825000781565905,80,4
nystrom,24,fixed_1,Allen-Cahn,83,2,0.0012702314425821228,0.21819187736901235,1,0.002458800096064806,80,4
nystrom,24,fixed_1,Allen-Cahn,83,3,0.0017012951429774554,0.21819187736901235,1,0.002337500103749335,80,4
nystrom,24,fixed_1,Allen-Cahn,83,4,0.004746692866226371,0.21819187736901235,1,0.002435999922454357,80,4
nystrom,24,fixed_1,Allen-Cahn,84,0,0.032079068680433226,0.2785667026014691,1,0.0028346000472083688,86,4
nystrom,24,fixed_1,Allen-Cahn,84,1,0.037258317325496754,0.2785667026014691,1,0.002799100009724498,86,4
nystrom,24,fixed_1,Allen-Cahn,84,2,0.03840441056716514,0.2785667026014691,1,0.002602800028398633,86,4
nystrom,24,fixed_1,Allen-Cahn,84,3,0.04152799070826462,0.2785667026014691,1,0.0019248999888077378,86,4
nystrom,24,fixed_1,Allen-Cahn,84,4,0.038569944595241795,0.2785667026014691,1,0.003049299935810268,86,4
nystrom,24,fixed_1,Burgers,55,0,0.008547927926960198,0.0789616526557739,1,0.006232700077816844,122,4
nystrom,24,fixed_1,Burgers,55,1,0.009283538189859013,0.0789616526557739,1,0.004571700002998114,122,4
nystrom,24,fixed_1,Burgers,55,2,0.009031622489305204,0.0789616526557739,1,0.005956799956038594,122,4
nystrom,24,fixed_1,Burgers,55,3,0.009128229129674387,0.0789616526557739,1,0.0055201000068336725,122,4
nystrom,24,fixed_1,Burgers,55,4,0.009476244954656243,0.0789616526557739,1,0.006792799918912351,122,4
nystrom,24,fixed_1,Burgers,56,0,0.03111978692837893,0.09228635643654069,1,0.005587299936451018,118,4
nystrom,24,fixed_1,Burgers,56,1,0.030912312809184165,0.09228635643654069,1,0.006415499956347048,118,4
nystrom,24,fixed_1,Burgers,56,2,0.030901759342849458,0.09228635643654069,1,0.004620800027623773,118,4
nystrom,24,fixed_1,Burgers,56,3,0.031273524367383294,0.09228635643654069,1,0.005276900017634034,118,4
nystrom,24,fixed_1,Burgers,56,4,0.03100632523069973,0.09228635643654069,1,0.004707599990069866,118,4
nystrom,24,fixed_1,Burgers,58,0,0.009772246093199793,0.014205395893809295,1,0.004391699912957847,130,4
nystrom,24,fixed_1,Burgers,58,1,0.009979866997691565,0.014205395893809295,1,0.005601500044576824,130,4
nystrom,24,fixed_1,Burgers,58,2,0.010035741193066768,0.014205395893809295,1,0.005229300004430115,130,4
nystrom,24,fixed_1,Burgers,58,3,0.010134694316749229,0.014205395893809295,1,0.005346399964764714,130,4
nystrom,24,fixed_1,Burgers,58,4,0.009898680149912603,0.014205395893809295,1,0.004522699979133904,130,4
nystrom,24,fixed_1,Burgers,59,0,0.05609655927259227,0.021715011005310245,1,0.0075801999773830175,136,4
nystrom,24,fixed_1,Burgers,59,1,0.05629928221962495,0.021715011005310245,1,0.0071066999807953835,136,4
nystrom,24,fixed_1,Burgers,59,2,0.05742811956224696,0.021715011005310245,1,0.007019099895842373,136,4
nystrom,24,fixed_1,Burgers,59,3,0.057665987486596945,0.021715011005310245,1,0.00706279999576509,136,4
nystrom,24,fixed_1,Burgers,59,4,0.054811718047777847,0.021715011005310245,1,0.007515500066801906,136,4
nystrom,24,fixed_1,Burgers,60,0,0.00794606059265408,0.09673677812460832,1,0.005781100015155971,132,4
nystrom,24,fixed_1,Burgers,60,1,0.00743988682090277,0.09673677812460832,1,0.005480900057591498,132,4
nystrom,24,fixed_1,Burgers,60,2,0.006656900817607271,0.09673677812460832,1,0.005066199926659465,132,4
nystrom,24,fixed_1,Burgers,60,3,0.007342318654687103,0.09673677812460832,1,0.005416500032879412,132,4
nystrom,24,fixed_1,Burgers,60,4,0.007949975373334082,0.09673677812460832,1,0.004872599965892732,132,4
nystrom,24,fixed_1,Burgers,62,0,0.017321031083604613,0.07110291928182814,1,0.006442699930630624,124,4
nystrom,24,fixed_1,Burgers,62,1,0.018173005132552194,0.07110291928182814,1,0.007395399967208505,124,4
nystrom,24,fixed_1,Burgers,62,2,0.015443682190148337,0.07110291928182814,1,0.006521299947053194,124,4
nystrom,24,fixed_1,Burgers,62,3,0.017055429632023705,0.07110291928182814,1,0.006625099922530353,124,4
nystrom,24,fixed_1,Burgers,62,4,0.01623678239968613,0.07110291928182814,1,0.006000500055961311,124,4
nystrom,24,fixed_1,Burgers,64,0,0.04177020171254732,0.06994578374212969,1,0.004298899904824793,130,4
nystrom,24,fixed_1,Burgers,64,1,0.04431693909838413,0.06994578374212969,1,0.004803500021807849,130,4
nystrom,24,fixed_1,Burgers,64,2,0.044202381678110296,0.06994578374212969,1,0.005684700096026063,130,4
nystrom,24,fixed_1,Burgers,64,3,0.042860535388889606,0.06994578374212969,1,0.004094199975952506,130,4
nystrom,24,fixed_1,Burgers,64,4,0.04241967833785661,0.06994578374212969,1,0.005345900077372789,130,4
nystrom,24,fixed_1,Burgers,65,0,0.01670447366721472,0.10054054391634194,1,0.006957000005058944,136,4
nystrom,24,fixed_1,Burgers,65,1,0.016496375809145657,0.10054054391634194,1,0.007915500085800886,136,4
nystrom,24,fixed_1,Burgers,65,2,0.015856713987539964,0.10054054391634194,1,0.007226299960166216,136,4
nystrom,24,fixed_1,Burgers,65,3,0.01710250797159962,0.10054054391634194,1,0.007273699971847236,136,4
nystrom,24,fixed_1,Burgers,65,4,0.015985738078977955,0.10054054391634194,1,0.007357299909926951,136,4
nystrom,24,fixed_1,Burgers,66,0,0.021598544396421834,0.08431587631193634,1,0.005008399952203035,130,4
nystrom,24,fixed_1,Burgers,66,1,0.020699068584497226,0.08431587631193634,1,0.004194099921733141,130,4
nystrom,24,fixed_1,Burgers,66,2,0.020898658918831903,0.08431587631193634,1,0.0053014000877738,130,4
nystrom,24,fixed_1,Burgers,66,3,0.0212731622803287,0.08431587631193634,1,0.0050645999144762754,130,4
nystrom,24,fixed_1,Burgers,66,4,0.020913812393868463,0.08431587631193634,1,0.005589899956248701,130,4
nystrom,24,fixed_1,Burgers,67,0,0.07813048455087587,0.04202628008946151,1,0.005586799932643771,126,4
nystrom,24,fixed_1,Burgers,67,1,0.07735957156482282,0.04202628008946151,1,0.006498600007034838,126,4
nystrom,24,fixed_1,Burgers,67,2,0.07766413432243043,0.04202628008946151,1,0.006006999989040196,126,4
nystrom,24,fixed_1,Burgers,67,3,0.07969442664195674,0.04202628008946151,1,0.004354799981229007,126,4
nystrom,24,fixed_1,Burgers,67,4,0.07674213519443177,0.04202628008946151,1,0.007165899965912104,126,4
nystrom,24,fixed_1,Burgers,68,0,0.011955011056077106,0.20705105792545012,1,0.004760099924169481,128,4
nystrom,24,fixed_1,Burgers,68,1,0.012170944346905067,0.20705105792545012,1,0.0034613999305292964,128,4
nystrom,24,fixed_1,Burgers,68,2,0.012134856169576665,0.20705105792545012,1,0.004534799954853952,128,4
nystrom,24,fixed_1,Burgers,68,3,0.012670550166491532,0.20705105792545012,1,0.004712800029665232,128,4
nystrom,24,fixed_1,Burgers,68,4,0.012157052248520817,0.20705105792545012,1,0.0039049999322742224,128,4
nystrom,24,fixed_1,Burgers,69,0,0.018426965976076286,0.05510791338425962,1,0.004320600186474621,124,4
nystrom,24,fixed_1,Burgers,69,1,0.01878631642802771,0.05510791338425962,1,0.003496000077575445,124,4
nystrom,24,fixed_1,Burgers,69,2,0.01860117547567517,0.05510791338425962,1,0.0039941999129951,124,4
nystrom,24,fixed_1,Burgers,69,3,0.018461356996940955,0.05510791338425962,1,0.005122200003825128,124,4
nystrom,24,fixed_1,Burgers,69,4,0.018969012032898143,0.05510791338425962,1,0.004075899953022599,124,4
nystrom,24,fixed_3,Allen-Cahn,75,0,9.545387861301599e-08,0.24478447346058754,3,0.0026080000679939985,78,8
nystrom,24,fixed_3,Allen-Cahn,75,1,3.545022784336655e-08,0.24478447346058754,3,0.003549200017005205,78,8
nystrom,24,fixed_3,Allen-Cahn,75,2,6.917909692388262e-08,0.24478447346058754,3,0.0036131999222561717,78,8
nystrom,24,fixed_3,Allen-Cahn,75,3,8.878051194633915e-08,0.24478447346058754,3,0.0032673999667167664,78,8
nystrom,24,fixed_3,Allen-Cahn,75,4,8.264875983411669e-08,0.24478447346058754,3,0.0033100000582635403,78,8
nystrom,24,fixed_3,Allen-Cahn,76,0,1.1325983515208507e-05,0.1198920810829619,3,0.0015313000185415149,82,8
nystrom,24,fixed_3,Allen-Cahn,76,1,9.060491520200508e-06,0.1198920810829619,3,0.0030539999715983868,82,8
nystrom,24,fixed_3,Allen-Cahn,76,2,8.113438871997033e-06,0.1198920810829619,3,0.0028137998888269067,82,8
nystrom,24,fixed_3,Allen-Cahn,76,3,3.6786267795129836e-06,0.1198920810829619,3,0.0025407999055460095,82,8
nystrom,24,fixed_3,Allen-Cahn,76,4,9.060788004957593e-06,0.1198920810829619,3,0.002830099896527827,82,8
nystrom,24,fixed_3,Allen-Cahn,77,0,0.0018173122531429553,0.39049687523095344,3,0.003065899945795536,86,8
nystrom,24,fixed_3,Allen-Cahn,77,1,0.0018927120375316125,0.39049687523095344,3,0.003064200049266219,86,8
nystrom,24,fixed_3,Allen-Cahn,77,2,0.0008737684095498855,0.39049687523095344,3,0.0020090999314561486,86,8
nystrom,24,fixed_3,Allen-Cahn,77,3,0.0014740442600473397,0.39049687523095344,3,0.004355300101451576,86,8
nystrom,24,fixed_3,Allen-Cahn,77,4,0.001632512541680341,0.39049687523095344,3,0.0022748999763280153,86,8
nystrom,24,fixed_3,Allen-Cahn,78,0,3.925937913442146e-05,0.28167797695039015,3,0.0027197999879717827,84,8
nystrom,24,fixed_3,Allen-Cahn,78,1,8.176277495794597e-06,0.28167797695039015,3,0.0027171000838279724,84,8
nystrom,24,fixed_3,Allen-Cahn,78,2,1.165022792353e-05,0.28167797695039015,3,0.0028334999224171042,84,8
nystrom,24,fixed_3,Allen-Cahn,78,3,2.9955055117640927e-05,0.28167797695039015,3,0.0017353999428451061,84,8
nystrom,24,fixed_3,Allen-Cahn,78,4,4.3834172933646184e-05,0.28167797695039015,3,0.002526500029489398,84,8
nystrom,24,fixed_3,Allen-Cahn,79,0,1.6599628496160356e-05,0.46672331054507077,3,0.0028427999932318926,84,8
nystrom,24,fixed_3,Allen-Cahn,79,1,1.4742576928374025e-05,0.46672331054507077,3,0.0034562001237645745,84,8
nystrom,24,fixed_3,Allen-Cahn,79,2,2.728171191982559e-05,0.46672331054507077,3,0.004182100063189864,84,8
nystrom,24,fixed_3,Allen-Cahn,79,3,2.241420956464144e-05,0.46672331054507077,3,0.004990000044927001,84,8
nystrom,24,fixed_3,Allen-Cahn,79,4,2.9664652678225003e-05,0.46672331054507077,3,0.0037251999601721764,84,8
nystrom,24,fixed_3,Allen-Cahn,80,0,1.4437534637975174e-06,0.36626326604464865,3,0.0036708000116050243,80,8
nystrom,24,fixed_3,Allen-Cahn,80,1,6.282443650769789e-07,0.36626326604464865,3,0.0027529000071808696,80,8
nystrom,24,fixed_3,Allen-Cahn,80,2,2.6925755139273035e-07,0.36626326604464865,3,0.0029057000065222383,80,8
nystrom,24,fixed_3,Allen-Cahn,80,3,2.033761119139332e-07,0.36626326604464865,3,0.003487000009045005,80,8
nystrom,24,fixed_3,Allen-Cahn,80,4,6.292784022988722e-06,0.36626326604464865,3,0.006037999992258847,80,8
nystrom,24,fixed_3,Allen-Cahn,82,0,0.0012019102896864207,0.15552413475285662,3,0.003173000062815845,88,8
nystrom,24,fixed_3,Allen-Cahn,82,1,0.0012861503509875483,0.15552413475285662,3,0.002496000030077994,88,8
nystrom,24,fixed_3,Allen-Cahn,82,2,0.0013254985403598606,0.15552413475285662,3,0.0017710999818518758,88,8
nystrom,24,fixed_3,Allen-Cahn,82,3,0.0010705946152517033,0.15552413475285662,3,0.0019833999685943127,88,8
nystrom,24,fixed_3,Allen-Cahn,82,4,0.0003123124182345513,0.15552413475285662,3,0.002157599898055196,88,8
nystrom,24,fixed_3,Allen-Cahn,83,0,1.7925769007698265e-05,0.21819187736901235,3,0.002286700066179037,80,8
nystrom,24,fixed_3,Allen-Cahn,83,1,1.597600141471684e-05,0.21819187736901235,3,0.002060100086964667,80,8
nystrom,24,fixed_3,Allen-Cahn,83,2,3.215439490710799e-05,0.21819187736901235,3,0.002613099990412593,80,8
nystrom,24,fixed_3,Allen-Cahn,83,3,1.4579891304760345e-05,0.21819187736901235,3,0.0024868000764399767,80,8
nystrom,24,fixed_3,Allen-Cahn,83,4,2.107292139371249e-05,0.21819187736901235,3,0.002583599998615682,80,8
nystrom,24,fixed_3,Allen-Cahn,84,0,0.019776550838273073,0.2785667026014691,3,0.0029836000176146626,86,8
nystrom,24,fixed_3,Allen-Cahn,84,1,0.023073023622572297,0.2785667026014691,3,0.0029525000136345625,86,8
nystrom,24,fixed_3,Allen-Cahn,84,2,0.024895188247935143,0.2785667026014691,3,0.002746000071056187,86,8
nystrom,24,fixed_3,Allen-Cahn,84,3,0.0210655551204216,0.2785667026014691,3,0.00200589990708977,86,8
nystrom,24,fixed_3,Allen-Cahn,84,4,0.014324450988472539,0.2785667026014691,3,0.0032016999321058393,86,8
nystrom,24,fixed_3,Burgers,55,0,0.007181252886924092,0.0789616526557739,3,0.006451599998399615,122,8
nystrom,24,fixed_3,Burgers,55,1,0.007638026426426734,0.0789616526557739,3,0.004673999967053533,122,8
nystrom,24,fixed_3,Burgers,55,2,0.007396973644162584,0.0789616526557739,3,0.006177399889566004,122,8
nystrom,24,fixed_3,Burgers,55,3,0.0077754197823087495,0.0789616526557739,3,0.00563470006454736,122,8
nystrom,24,fixed_3,Burgers,55,4,0.00831617703315497,0.0789616526557739,3,0.006899499916471541,122,8
nystrom,24,fixed_3,Burgers,56,0,0.02354680732746223,0.09228635643654069,3,0.005745399976149201,118,8
nystrom,24,fixed_3,Burgers,56,1,0.025224080292037456,0.09228635643654069,3,0.006575800012797117,118,8
nystrom,24,fixed_3,Burgers,56,2,0.02696105491212329,0.09228635643654069,3,0.004708799999207258,118,8
nystrom,24,fixed_3,Burgers,56,3,0.02609593238349024,0.09228635643654069,3,0.0054183000465855,118,8
nystrom,24,fixed_3,Burgers,56,4,0.02701367872125569,0.09228635643654069,3,0.004910199902951717,118,8
nystrom,24,fixed_3,Burgers,58,0,0.00859220871689283,0.014205395893809295,3,0.00453959999140352,130,8
nystrom,24,fixed_3,Burgers,58,1,0.009017497338801408,0.014205395893809295,3,0.0057591000804677606,130,8
nystrom,24,fixed_3,Burgers,58,2,0.008396000449206402,0.014205395893809295,3,0.005373799940571189,130,8
nystrom,24,fixed_3,Burgers,58,3,0.009262356349169188,0.014205395893809295,3,0.005492799915373325,130,8
nystrom,24,fixed_3,Burgers,58,4,0.008622275473742499,0.014205395893809295,3,0.0046039000153541565,130,8
nystrom,24,fixed_3,Burgers,59,0,0.050910083848086145,0.021715011005310245,3,0.007763399975374341,136,8
nystrom,24,fixed_3,Burgers,59,1,0.048113818024778016,0.021715011005310245,3,0.007247700006701052,136,8
nystrom,24,fixed_3,Burgers,59,2,0.0477169219408891,0.021715011005310245,3,0.0072107999585568905,136,8
nystrom,24,fixed_3,Burgers,59,3,0.04948271833590805,0.021715011005310245,3,0.007165799965150654,136,8
nystrom,24,fixed_3,Burgers,59,4,0.04863824065180118,0.021715011005310245,3,0.007698200060985982,136,8
nystrom,24,fixed_3,Burgers,60,0,0.006698509947849894,0.09673677812460832,3,0.005939899943768978,132,8
nystrom,24,fixed_3,Burgers,60,1,0.006174994462512328,0.09673677812460832,3,0.005560199962928891,132,8
nystrom,24,fixed_3,Burgers,60,2,0.005746252629307926,0.09673677812460832,3,0.0051917999517172575,132,8
nystrom,24,fixed_3,Burgers,60,3,0.006629014987541445,0.09673677812460832,3,0.00556189997587353,132,8
nystrom,24,fixed_3,Burgers,60,4,0.006572831594686112,0.09673677812460832,3,0.0050342000322416425,132,8
nystrom,24,fixed_3,Burgers,62,0,0.015373015624837364,0.07110291928182814,3,0.006651199888437986,124,8
nystrom,24,fixed_3,Burgers,62,1,0.016229905095948523,0.07110291928182814,3,0.007582499994896352,124,8
nystrom,24,fixed_3,Burgers,62,2,0.014207801218775153,0.07110291928182814,3,0.006715099909342825,124,8
nystrom,24,fixed_3,Burgers,62,3,0.015040482435075062,0.07110291928182814,3,0.0067295999033376575,124,8
nystrom,24,fixed_3,Burgers,62,4,0.014677077465172755,0.07110291928182814,3,0.006195600028149784,124,8
nystrom,24,fixed_3,Burgers,64,0,0.03659824248871001,0.06994578374212969,3,0.004369999980553985,130,8
nystrom,24,fixed_3,Burgers,64,1,0.0403685367175448,0.06994578374212969,3,0.004967299988493323,130,8
nystrom,24,fixed_3,Burgers,64,2,0.040060998694236585,0.06994578374212969,3,0.005843900027684867,130,8
nystrom,24,fixed_3,Burgers,64,3,0.03856176811212996,0.06994578374212969,3,0.004166200058534741,130,8
nystrom,24,fixed_3,Burgers,64,4,0.03718051117172155,0.06994578374212969,3,0.005489100003615022,130,8
nystrom,24,fixed_3,Burgers,65,0,0.01509554694074962,0.10054054391634194,3,0.0071619999362155795,136,8
nystrom,24,fixed_3,Burgers,65,1,0.01464439354131851,0.10054054391634194,3,0.00811810011509806,136,8
nystrom,24,fixed_3,Burgers,65,2,0.0145360342057212,0.10054054391634194,3,0.0074130999855697155,136,8
nystrom,24,fixed_3,Burgers,65,3,0.016332908541316346,0.10054054391634194,3,0.007377699948847294,136,8
nystrom,24,fixed_3,Burgers,65,4,0.01411297876522494,0.10054054391634194,3,0.007504899986088276,136,8
nystrom,24,fixed_3,Burgers,66,0,0.020682883350991246,0.08431587631193634,3,0.005146599956788123,130,8
nystrom,24,fixed_3,Burgers,66,1,0.019086286865492172,0.08431587631193634,3,0.004270999925211072,130,8
nystrom,24,fixed_3,Burgers,66,2,0.01969798756628591,0.08431587631193634,3,0.00538119999691844,130,8
nystrom,24,fixed_3,Burgers,66,3,0.019610182316501606,0.08431587631193634,3,0.005157999927178025,130,8
nystrom,24,fixed_3,Burgers,66,4,0.019998195973755965,0.08431587631193634,3,0.0057342000072821975,130,8
nystrom,24,fixed_3,Burgers,67,0,0.0731630071328242,0.04202628008946151,3,0.005746499984525144,126,8
nystrom,24,fixed_3,Burgers,67,1,0.07188586100488986,0.04202628008946151,3,0.006682700011879206,126,8
nystrom,24,fixed_3,Burgers,67,2,0.0742543443157506,0.04202628008946151,3,0.006161099998280406,126,8
nystrom,24,fixed_3,Burgers,67,3,0.07505029006127227,0.04202628008946151,3,0.004457800067029893,126,8
nystrom,24,fixed_3,Burgers,67,4,0.07345486319376426,0.04202628008946151,3,0.007374700042419136,126,8
nystrom,24,fixed_3,Burgers,68,0,0.009887046899830219,0.20705105792545012,3,0.00490249996073544,128,8
nystrom,24,fixed_3,Burgers,68,1,0.010337967656853627,0.20705105792545012,3,0.0036326999543234706,128,8
nystrom,24,fixed_3,Burgers,68,2,0.00935900864621074,0.20705105792545012,3,0.004680499900132418,128,8
nystrom,24,fixed_3,Burgers,68,3,0.01036581771381583,0.20705105792545012,3,0.004864700022153556,128,8
nystrom,24,fixed_3,Burgers,68,4,0.010235713643941909,0.20705105792545012,3,0.004063499975018203,128,8
nystrom,24,fixed_3,Burgers,69,0,0.014717883323210737,0.05510791338425962,3,0.004484400153160095,124,8
nystrom,24,fixed_3,Burgers,69,1,0.015907054173997244,0.05510791338425962,3,0.0035804000217467546,124,8
nystrom,24,fixed_3,Burgers,69,2,0.016042815490595955,0.05510791338425962,3,0.004147199913859367,124,8
nystrom,24,fixed_3,Burgers,69,3,0.01499520887508511,0.05510791338425962,3,0.005281200050376356,124,8
nystrom,24,fixed_3,Burgers,69,4,0.015282438228097803,0.05510791338425962,3,0.00424040004145354,124,8
nystrom,24,fixed_5,Allen-Cahn,75,0,4.081662937752628e-12,0.24478447346058754,5,0.002803900046274066,78,12
nystrom,24,fixed_5,Allen-Cahn,75,1,2.9700488934808006e-12,0.24478447346058754,5,0.0037371000507846475,78,12
nystrom,24,fixed_5,Allen-Cahn,75,2,2.2921653936147765e-12,0.24478447346058754,5,0.0037987999385222793,78,12
nystrom,24,fixed_5,Allen-Cahn,75,3,3.5703779251418134e-12,0.24478447346058754,5,0.0034380999859422445,78,12
nystrom,24,fixed_5,Allen-Cahn,75,4,1.1541253823990189e-11,0.24478447346058754,5,0.0034100000048056245,78,12
nystrom,24,fixed_5,Allen-Cahn,76,0,7.834167022504848e-09,0.1198920810829619,5,0.0016030999831855297,82,12
nystrom,24,fixed_5,Allen-Cahn,76,1,1.5004653553406603e-09,0.1198920810829619,5,0.003169400035403669,82,12
nystrom,24,fixed_5,Allen-Cahn,76,2,7.184872437290725e-09,0.1198920810829619,5,0.002893199911341071,82,12
nystrom,24,fixed_5,Allen-Cahn,76,3,3.900930700823666e-09,0.1198920810829619,5,0.0026184999151155353,82,12
nystrom,24,fixed_5,Allen-Cahn,76,4,1.8038050037823924e-08,0.1198920810829619,5,0.0029819998890161514,82,12
nystrom,24,fixed_5,Allen-Cahn,77,0,0.0001427563388169683,0.39049687523095344,5,0.0032173999352380633,86,12
nystrom,24,fixed_5,Allen-Cahn,77,1,0.00010529486027713791,0.39049687523095344,5,0.0031911999685689807,86,12
nystrom,24,fixed_5,Allen-Cahn,77,2,7.101726464109655e-05,0.39049687523095344,5,0.002083699917420745,86,12
nystrom,24,fixed_5,Allen-Cahn,77,3,1.846792882211566e-05,0.39049687523095344,5,0.004579300060868263,86,12
nystrom,24,fixed_5,Allen-Cahn,77,4,7.013952161070767e-05,0.39049687523095344,5,0.002433900022879243,86,12
nystrom,24,fixed_5,Allen-Cahn,78,0,1.9172163757611977e-08,0.28167797695039015,5,0.0027939999708905816,84,12
nystrom,24,fixed_5,Allen-Cahn,78,1,7.885718318428861e-09,0.28167797695039015,5,0.0028531000716611743,84,12
nystrom,24,fixed_5,Allen-Cahn,78,2,4.728777155373228e-09,0.28167797695039015,5,0.0029793999856337905,84,12
nystrom,24,fixed_5,Allen-Cahn,78,3,7.975772085935395e-09,0.28167797695039015,5,0.0018333999905735254,84,12
nystrom,24,fixed_5,Allen-Cahn,78,4,7.488043086228058e-09,0.28167797695039015,5,0.0026011000154539943,84,12
nystrom,24,fixed_5,Allen-Cahn,79,0,1.7490759400078552e-07,0.46672331054507077,5,0.002979899989441037,84,12
nystrom,24,fixed_5,Allen-Cahn,79,1,1.3739606045961665e-07,0.46672331054507077,5,0.0036487001925706863,84,12
nystrom,24,fixed_5,Allen-Cahn,79,2,2.4917774290889195e-07,0.46672331054507077,5,0.0044790999963879585,84,12
nystrom,24,fixed_5,Allen-Cahn,79,3,2.876669401398647e-07,0.46672331054507077,5,0.005113800056278706,84,12
nystrom,24,fixed_5,Allen-Cahn,79,4,5.122458505014825e-07,0.46672331054507077,5,0.003867599996738136,84,12
nystrom,24,fixed_5,Allen-Cahn,80,0,1.4869611801447015e-09,0.36626326604464865,5,0.0040256999200209975,80,12
nystrom,24,fixed_5,Allen-Cahn,80,1,2.037143409665079e-09,0.36626326604464865,5,0.0029375000158324838,80,12
nystrom,24,fixed_5,Allen-Cahn,80,2,6.370469960573277e-10,0.36626326604464865,5,0.0030094999819993973,80,12
nystrom,24,fixed_5,Allen-Cahn,80,3,1.830269736942253e-11,0.36626326604464865,5,0.003676299937069416,80,12
nystrom,24,fixed_5,Allen-Cahn,80,4,5.643827402567148e-09,0.36626326604464865,5,0.0063442999962717295,80,12
nystrom,24,fixed_5,Allen-Cahn,82,0,0.00015814634184712582,0.15552413475285662,5,0.0032697999849915504,88,12
nystrom,24,fixed_5,Allen-Cahn,82,1,8.631553878361617e-05,0.15552413475285662,5,0.0025679999962449074,88,12
nystrom,24,fixed_5,Allen-Cahn,82,2,4.1846431213526595e-05,0.15552413475285662,5,0.0018475999822840095,88,12
nystrom,24,fixed_5,Allen-Cahn,82,3,9.179067024729458e-05,0.15552413475285662,5,0.00205660006031394,88,12
nystrom,24,fixed_5,Allen-Cahn,82,4,2.547012429139731e-05,0.15552413475285662,5,0.002233100007288158,88,12
nystrom,24,fixed_5,Allen-Cahn,83,0,1.681314092697878e-07,0.21819187736901235,5,0.002364100073464215,80,12
nystrom,24,fixed_5,Allen-Cahn,83,1,2.998469402449451e-08,0.21819187736901235,5,0.00213520007673651,80,12
nystrom,24,fixed_5,Allen-Cahn,83,2,3.067176742723986e-07,0.21819187736901235,5,0.0027646999806165695,80,12
nystrom,24,fixed_5,Allen-Cahn,83,3,1.3803535902290113e-07,0.21819187736901235,5,0.002619100036099553,80,12
nystrom,24,fixed_5,Allen-Cahn,83,4,5.7608921554360824e-08,0.21819187736901235,5,0.0027523000026121736,80,12
nystrom,24,fixed_5,Allen-Cahn,84,0,0.001645731365853387,0.2785667026014691,5,0.003129500080831349,86,12
nystrom,24,fixed_5,Allen-Cahn,84,1,0.0010117349595156174,0.2785667026014691,5,0.003122400026768446,86,12
nystrom,24,fixed_5,Allen-Cahn,84,2,0.001600039983774853,0.2785667026014691,5,0.002899400074966252,86,12
nystrom,24,fixed_5,Allen-Cahn,84,3,0.0009799564701120057,0.2785667026014691,5,0.0020810000132769346,86,12
nystrom,24,fixed_5,Allen-Cahn,84,4,0.0011033269930824745,0.2785667026014691,5,0.003353099920786917,86,12
nystrom,24,fixed_5,Burgers,55,0,0.005854576572151961,0.0789616526557739,5,0.006653700023889542,122,12
nystrom,24,fixed_5,Burgers,55,1,0.0058166287509966354,0.0789616526557739,5,0.004776500049047172,122,12
nystrom,24,fixed_5,Burgers,55,2,0.005965583760020725,0.0789616526557739,5,0.006380599923431873,122,12
nystrom,24,fixed_5,Burgers,55,3,0.0064496686975168355,0.0789616526557739,5,0.005744800087995827,122,12
nystrom,24,fixed_5,Burgers,55,4,0.007006854271228886,0.0789616526557739,5,0.007006499916315079,122,12
nystrom,24,fixed_5,Burgers,56,0,0.019574018820215856,0.09228635643654069,5,0.005882599973119795,118,12
nystrom,24,fixed_5,Burgers,56,1,0.02207283292601758,0.09228635643654069,5,0.006850800011307001,118,12
nystrom,24,fixed_5,Burgers,56,2,0.022221189537175067,0.09228635643654069,5,0.004795099957846105,118,12
nystrom,24,fixed_5,Burgers,56,3,0.020668228442642485,0.09228635643654069,5,0.005552200018428266,118,12
nystrom,24,fixed_5,Burgers,56,4,0.02141178896754281,0.09228635643654069,5,0.005053199944086373,118,12
nystrom,24,fixed_5,Burgers,58,0,0.007198528423363577,0.014205395893809295,5,0.0046860999427735806,130,12
nystrom,24,fixed_5,Burgers,58,1,0.007633206772337777,0.014205395893809295,5,0.005916199996136129,130,12
nystrom,24,fixed_5,Burgers,58,2,0.007509267560582741,0.014205395893809295,5,0.0054842999670654535,130,12
nystrom,24,fixed_5,Burgers,58,3,0.0069391821651433845,0.014205395893809295,5,0.005632799933664501,130,12
nystrom,24,fixed_5,Burgers,58,4,0.006712253976822954,0.014205395893809295,5,0.00468340003862977,130,12
nystrom,24,fixed_5,Burgers,59,0,0.047598054771043674,0.021715011005310245,5,0.007967200013808906,136,12
nystrom,24,fixed_5,Burgers,59,1,0.04357897543547836,0.021715011005310245,5,0.007348299957811832,136,12
nystrom,24,fixed_5,Burgers,59,2,0.04380906110540895,0.021715011005310245,5,0.007377399946562946,136,12
nystrom,24,fixed_5,Burgers,59,3,0.045134826516290624,0.021715011005310245,5,0.007266400032676756,136,12
nystrom,24,fixed_5,Burgers,59,4,0.04498575387274053,0.021715011005310245,5,0.007938899914734066,136,12
nystrom,24,fixed_5,Burgers,60,0,0.005633222891604983,0.09673677812460832,5,0.006096599972806871,132,12
nystrom,24,fixed_5,Burgers,60,1,0.0047353774750915085,0.09673677812460832,5,0.005652699968777597,132,12
nystrom,24,fixed_5,Burgers,60,2,0.004669596600532932,0.09673677812460832,5,0.0052680999506264925,132,12
nystrom,24,fixed_5,Burgers,60,3,0.004877357292219822,0.09673677812460832,5,0.005723300040699542,132,12
nystrom,24,fixed_5,Burgers,60,4,0.005206096960255564,0.09673677812460832,5,0.005206700065173209,132,12
nystrom,24,fixed_5,Burgers,62,0,0.012830346080444113,0.07110291928182814,5,0.006990999914705753,124,12
nystrom,24,fixed_5,Burgers,62,1,0.012021876211684504,0.07110291928182814,5,0.007807499961927533,124,12
nystrom,24,fixed_5,Burgers,62,2,0.009060443386852949,0.07110291928182814,5,0.006931399926543236,124,12
nystrom,24,fixed_5,Burgers,62,3,0.013495217467193935,0.07110291928182814,5,0.006833699997514486,124,12
nystrom,24,fixed_5,Burgers,62,4,0.012584088451678226,0.07110291928182814,5,0.0063896001083776355,124,12
nystrom,24,fixed_5,Burgers,64,0,0.027268189604328866,0.06994578374212969,5,0.004441399942152202,130,12
nystrom,24,fixed_5,Burgers,64,1,0.03333897909160016,0.06994578374212969,5,0.0051238000160083175,130,12
nystrom,24,fixed_5,Burgers,64,2,0.03401501863492179,0.06994578374212969,5,0.006001500063575804,130,12
nystrom,24,fixed_5,Burgers,64,3,0.03035049521046899,0.06994578374212969,5,0.004238200024701655,130,12
nystrom,24,fixed_5,Burgers,64,4,0.030163469757809497,0.06994578374212969,5,0.005626500002108514,130,12
nystrom,24,fixed_5,Burgers,65,0,0.013855182944123632,0.10054054391634194,5,0.007361199939623475,136,12
nystrom,24,fixed_5,Burgers,65,1,0.013596245183237746,0.10054054391634194,5,0.008323300047777593,136,12
nystrom,24,fixed_5,Burgers,65,2,0.013304618860313625,0.10054054391634194,5,0.00759759999345988,136,12
nystrom,24,fixed_5,Burgers,65,3,0.015013194109131954,0.10054054391634194,5,0.007481000036932528,136,12
nystrom,24,fixed_5,Burgers,65,4,0.012972823870366086,0.10054054391634194,5,0.007704999879933894,136,12
nystrom,24,fixed_5,Burgers,66,0,0.018539254760035005,0.08431587631193634,5,0.005281299934722483,130,12
nystrom,24,fixed_5,Burgers,66,1,0.016801462468170637,0.08431587631193634,5,0.004347499925643206,130,12
nystrom,24,fixed_5,Burgers,66,2,0.01685205878513003,0.08431587631193634,5,0.005462000030092895,130,12
nystrom,24,fixed_5,Burgers,66,3,0.01735595399075061,0.08431587631193634,5,0.005240999977104366,130,12
nystrom,24,fixed_5,Burgers,66,4,0.01791655105948994,0.08431587631193634,5,0.005810100003145635,130,12
nystrom,24,fixed_5,Burgers,67,0,0.05977905703075311,0.04202628008946151,5,0.005855700001120567,126,12
nystrom,24,fixed_5,Burgers,67,1,0.062203811587026446,0.04202628008946151,5,0.00686580000910908,126,12
nystrom,24,fixed_5,Burgers,67,2,0.06169736210222753,0.04202628008946151,5,0.006298199994489551,126,12
nystrom,24,fixed_5,Burgers,67,3,0.0651460542303787,0.04202628008946151,5,0.004561700043268502,126,12
nystrom,24,fixed_5,Burgers,67,4,0.060258746741846884,0.04202628008946151,5,0.007578200078569353,126,12
nystrom,24,fixed_5,Burgers,68,0,0.007648217054706607,0.20705105792545012,5,0.005042199976742268,128,12
nystrom,24,fixed_5,Burgers,68,1,0.008031678734418572,0.20705105792545012,5,0.003788099973462522,128,12
nystrom,24,fixed_5,Burgers,68,2,0.007649719311856984,0.20705105792545012,5,0.004821199923753738,128,12
nystrom,24,fixed_5,Burgers,68,3,0.008409198242762662,0.20705105792545012,5,0.005020199925638735,128,12
nystrom,24,fixed_5,Burgers,68,4,0.007971326532141259,0.20705105792545012,5,0.0042088000336661935,128,12
nystrom,24,fixed_5,Burgers,69,0,0.009430805351527217,0.05510791338425962,5,0.004641700186766684,124,12
nystrom,24,fixed_5,Burgers,69,1,0.011258515632297617,0.05510791338425962,5,0.003662100061774254,124,12
nystrom,24,fixed_5,Burgers,69,2,0.013083404212391578,0.05510791338425962,5,0.004292599973268807,124,12
nystrom,24,fixed_5,Burgers,69,3,0.01000748833979485,0.05510791338425962,5,0.005441299988888204,124,12
nystrom,24,fixed_5,Burgers,69,4,0.010417399474609408,0.05510791338425962,5,0.004402099992148578,124,12
nystrom,24,adaptive,Allen-Cahn,75,0,6.898746677550915e-05,0.24478447346058754,1,0.002405800041742623,78,4
nystrom,24,adaptive,Allen-Cahn,75,1,6.521903099628617e-05,0.24478447346058754,1,0.003355400054715574,78,4
nystrom,24,adaptive,Allen-Cahn,75,2,0.00011436402070135741,0.24478447346058754,1,0.0034306999295949936,78,4
nystrom,24,adaptive,Allen-Cahn,75,3,0.00022782252923952083,0.24478447346058754,1,0.003094600047916174,78,4
nystrom,24,adaptive,Allen-Cahn,75,4,6.346781446978416e-05,0.24478447346058754,1,0.0032091999892145395,78,4
nystrom,24,adaptive,Allen-Cahn,76,0,0.00012272884098253863,0.1198920810829619,2,0.0014946999726817012,82,6
nystrom,24,adaptive,Allen-Cahn,76,1,0.0002286357624609674,0.1198920810829619,1,0.0029511000029742718,82,4
nystrom,24,adaptive,Allen-Cahn,76,2,0.0001777289729708492,0.1198920810829619,2,0.0027746999403461814,82,6
nystrom,24,adaptive,Allen-Cahn,76,3,0.0004667729215502061,0.1198920810829619,1,0.002463199896737933,82,4
nystrom,24,adaptive,Allen-Cahn,76,4,9.108549153937568e-05,0.1198920810829619,2,0.002755699912086129,82,6
nystrom,24,adaptive,Allen-Cahn,77,0,0.0001427563388169683,0.39049687523095344,5,0.0032173999352380633,86,12
nystrom,24,adaptive,Allen-Cahn,77,1,0.00031232650400219456,0.39049687523095344,4,0.003116799984127283,86,10
nystrom,24,adaptive,Allen-Cahn,77,2,0.00023164461280239195,0.39049687523095344,4,0.0020463999826461077,86,10
nystrom,24,adaptive,Allen-Cahn,77,3,0.00018703953293462163,0.39049687523095344,4,0.004467000020667911,86,10
nystrom,24,adaptive,Allen-Cahn,77,4,0.00036252715821791486,0.39049687523095344,4,0.0023575000232085586,86,10
nystrom,24,adaptive,Allen-Cahn,78,0,9.167570674288082e-05,0.28167797695039015,2,0.002666899934411049,84,6
nystrom,24,adaptive,Allen-Cahn,78,1,6.821556140765039e-05,0.28167797695039015,2,0.0026512000476941466,84,6
nystrom,24,adaptive,Allen-Cahn,78,2,9.059215665860767e-05,0.28167797695039015,2,0.0027309999568387866,84,6
nystrom,24,adaptive,Allen-Cahn,78,3,2.9955055117640927e-05,0.28167797695039015,3,0.0017353999428451061,84,8
nystrom,24,adaptive,Allen-Cahn,78,4,4.3834172933646184e-05,0.28167797695039015,3,0.002526500029489398,84,8
nystrom,24,adaptive,Allen-Cahn,79,0,1.6599628496160356e-05,0.46672331054507077,3,0.0028427999932318926,84,8
nystrom,24,adaptive,Allen-Cahn,79,1,0.00012820187260856433,0.46672331054507077,2,0.0033578001894056797,84,6
nystrom,24,adaptive,Allen-Cahn,79,2,0.00011156963056960273,0.46672331054507077,2,0.0038831999991089106,84,6
nystrom,24,adaptive,Allen-Cahn,79,3,0.0001868575174155157,0.46672331054507077,2,0.004912000033073127,84,6
nystrom,24,adaptive,Allen-Cahn,79,4,0.00020009569528146292,0.46672331054507077,2,0.003658299916423857,84,6
nystrom,24,adaptive,Allen-Cahn,80,0,0.0003296990584207647,0.36626326604464865,1,0.0034754000371322036,80,4
nystrom,24,adaptive,Allen-Cahn,80,1,0.0003487140546261547,0.36626326604464865,1,0.002558200038038194,80,4
nystrom,24,adaptive,Allen-Cahn,80,2,0.0001354906339263244,0.36626326604464865,1,0.002801500027999282,80,4
nystrom,24,adaptive,Allen-Cahn,80,3,0.00020256342195504017,0.36626326604464865,1,0.0032390999840572476,80,4
nystrom,24,adaptive,Allen-Cahn,80,4,0.00037830254938784214,0.36626326604464865,1,0.005731599987484515,80,4
nystrom,24,adaptive,Allen-Cahn,82,0,0.0003654997263224959,0.15552413475285662,4,0.0032208000775426626,88,10
nystrom,24,adaptive,Allen-Cahn,82,1,0.0004507760237384511,0.15552413475285662,4,0.002532099955715239,88,10
nystrom,24,adaptive,Allen-Cahn,82,2,0.0002720808670429323,0.15552413475285662,4,0.0018094000406563282,88,10
nystrom,24,adaptive,Allen-Cahn,82,3,0.0003322451340351531,0.15552413475285662,4,0.0020198000129312277,88,10
nystrom,24,adaptive,Allen-Cahn,82,4,0.0003123124182345513,0.15552413475285662,3,0.002157599898055196,88,8
nystrom,24,adaptive,Allen-Cahn,83,0,0.000279489214525427,0.21819187736901235,2,0.0022478000028058887,80,6
nystrom,24,adaptive,Allen-Cahn,83,1,0.0003810045786298171,0.21819187736901235,2,0.0020219000289216638,80,6
nystrom,24,adaptive,Allen-Cahn,83,2,0.00017709168675505554,0.21819187736901235,2,0.0025368999922648072,80,6
nystrom,24,adaptive,Allen-Cahn,83,3,0.00015742633822169377,0.21819187736901235,2,0.002419100026600063,80,6
nystrom,24,adaptive,Allen-Cahn,83,4,0.00033522760759084976,0.21819187736901235,2,0.0025098000187426805,80,6
nystrom,24,adaptive,Allen-Cahn,84,0,0.001645731365853387,0.2785667026014691,5,0.003129500080831349,86,12
nystrom,24,adaptive,Allen-Cahn,84,1,0.0010117349595156174,0.2785667026014691,5,0.003122400026768446,86,12
nystrom,24,adaptive,Allen-Cahn,84,2,0.001600039983774853,0.2785667026014691,5,0.002899400074966252,86,12
nystrom,24,adaptive,Allen-Cahn,84,3,0.0009799564701120057,0.2785667026014691,5,0.0020810000132769346,86,12
nystrom,24,adaptive,Allen-Cahn,84,4,0.0011033269930824745,0.2785667026014691,5,0.003353099920786917,86,12
nystrom,24,adaptive,Burgers,55,0,0.005854576572151961,0.0789616526557739,5,0.006653700023889542,122,12
nystrom,24,adaptive,Burgers,55,1,0.0058166287509966354,0.0789616526557739,5,0.004776500049047172,122,12
nystrom,24,adaptive,Burgers,55,2,0.005965583760020725,0.0789616526557739,5,0.006380599923431873,122,12
nystrom,24,adaptive,Burgers,55,3,0.0064496686975168355,0.0789616526557739,5,0.005744800087995827,122,12
nystrom,24,adaptive,Burgers,55,4,0.007006854271228886,0.0789616526557739,5,0.007006499916315079,122,12
nystrom,24,adaptive,Burgers,56,0,0.019574018820215856,0.09228635643654069,5,0.005882599973119795,118,12
nystrom,24,adaptive,Burgers,56,1,0.02207283292601758,0.09228635643654069,5,0.006850800011307001,118,12
nystrom,24,adaptive,Burgers,56,2,0.022221189537175067,0.09228635643654069,5,0.004795099957846105,118,12
nystrom,24,adaptive,Burgers,56,3,0.020668228442642485,0.09228635643654069,5,0.005552200018428266,118,12
nystrom,24,adaptive,Burgers,56,4,0.02141178896754281,0.09228635643654069,5,0.005053199944086373,118,12
nystrom,24,adaptive,Burgers,58,0,0.007198528423363577,0.014205395893809295,5,0.0046860999427735806,130,12
nystrom,24,adaptive,Burgers,58,1,0.007633206772337777,0.014205395893809295,5,0.005916199996136129,130,12
nystrom,24,adaptive,Burgers,58,2,0.007509267560582741,0.014205395893809295,5,0.0054842999670654535,130,12
nystrom,24,adaptive,Burgers,58,3,0.0069391821651433845,0.014205395893809295,5,0.005632799933664501,130,12
nystrom,24,adaptive,Burgers,58,4,0.006712253976822954,0.014205395893809295,5,0.00468340003862977,130,12
nystrom,24,adaptive,Burgers,59,0,0.047598054771043674,0.021715011005310245,5,0.007967200013808906,136,12
nystrom,24,adaptive,Burgers,59,1,0.04357897543547836,0.021715011005310245,5,0.007348299957811832,136,12
nystrom,24,adaptive,Burgers,59,2,0.04380906110540895,0.021715011005310245,5,0.007377399946562946,136,12
nystrom,24,adaptive,Burgers,59,3,0.045134826516290624,0.021715011005310245,5,0.007266400032676756,136,12
nystrom,24,adaptive,Burgers,59,4,0.04498575387274053,0.021715011005310245,5,0.007938899914734066,136,12
nystrom,24,adaptive,Burgers,60,0,0.005633222891604983,0.09673677812460832,5,0.006096599972806871,132,12
nystrom,24,adaptive,Burgers,60,1,0.0047353774750915085,0.09673677812460832,5,0.005652699968777597,132,12
nystrom,24,adaptive,Burgers,60,2,0.004669596600532932,0.09673677812460832,5,0.0052680999506264925,132,12
nystrom,24,adaptive,Burgers,60,3,0.004877357292219822,0.09673677812460832,5,0.005723300040699542,132,12
nystrom,24,adaptive,Burgers,60,4,0.005206096960255564,0.09673677812460832,5,0.005206700065173209,132,12
nystrom,24,adaptive,Burgers,62,0,0.012830346080444113,0.07110291928182814,5,0.006990999914705753,124,12
nystrom,24,adaptive,Burgers,62,1,0.012021876211684504,0.07110291928182814,5,0.007807499961927533,124,12
nystrom,24,adaptive,Burgers,62,2,0.009060443386852949,0.07110291928182814,5,0.006931399926543236,124,12
nystrom,24,adaptive,Burgers,62,3,0.013495217467193935,0.07110291928182814,5,0.006833699997514486,124,12
nystrom,24,adaptive,Burgers,62,4,0.012584088451678226,0.07110291928182814,5,0.0063896001083776355,124,12
nystrom,24,adaptive,Burgers,64,0,0.027268189604328866,0.06994578374212969,5,0.004441399942152202,130,12
nystrom,24,adaptive,Burgers,64,1,0.03333897909160016,0.06994578374212969,5,0.0051238000160083175,130,12
nystrom,24,adaptive,Burgers,64,2,0.03401501863492179,0.06994578374212969,5,0.006001500063575804,130,12
nystrom,24,adaptive,Burgers,64,3,0.03035049521046899,0.06994578374212969,5,0.004238200024701655,130,12
nystrom,24,adaptive,Burgers,64,4,0.030163469757809497,0.06994578374212969,5,0.005626500002108514,130,12
nystrom,24,adaptive,Burgers,65,0,0.013855182944123632,0.10054054391634194,5,0.007361199939623475,136,12
nystrom,24,adaptive,Burgers,65,1,0.013596245183237746,0.10054054391634194,5,0.008323300047777593,136,12
nystrom,24,adaptive,Burgers,65,2,0.013304618860313625,0.10054054391634194,5,0.00759759999345988,136,12
nystrom,24,adaptive,Burgers,65,3,0.015013194109131954,0.10054054391634194,5,0.007481000036932528,136,12
nystrom,24,adaptive,Burgers,65,4,0.012972823870366086,0.10054054391634194,5,0.007704999879933894,136,12
nystrom,24,adaptive,Burgers,66,0,0.018539254760035005,0.08431587631193634,5,0.005281299934722483,130,12
nystrom,24,adaptive,Burgers,66,1,0.016801462468170637,0.08431587631193634,5,0.004347499925643206,130,12
nystrom,24,adaptive,Burgers,66,2,0.01685205878513003,0.08431587631193634,5,0.005462000030092895,130,12
nystrom,24,adaptive,Burgers,66,3,0.01735595399075061,0.08431587631193634,5,0.005240999977104366,130,12
nystrom,24,adaptive,Burgers,66,4,0.01791655105948994,0.08431587631193634,5,0.005810100003145635,130,12
nystrom,24,adaptive,Burgers,67,0,0.05977905703075311,0.04202628008946151,5,0.005855700001120567,126,12
nystrom,24,adaptive,Burgers,67,1,0.062203811587026446,0.04202628008946151,5,0.00686580000910908,126,12
nystrom,24,adaptive,Burgers,67,2,0.06169736210222753,0.04202628008946151,5,0.006298199994489551,126,12
nystrom,24,adaptive,Burgers,67,3,0.0651460542303787,0.04202628008946151,5,0.004561700043268502,126,12
nystrom,24,adaptive,Burgers,67,4,0.060258746741846884,0.04202628008946151,5,0.007578200078569353,126,12
nystrom,24,adaptive,Burgers,68,0,0.007648217054706607,0.20705105792545012,5,0.005042199976742268,128,12
nystrom,24,adaptive,Burgers,68,1,0.008031678734418572,0.20705105792545012,5,0.003788099973462522,128,12
nystrom,24,adaptive,Burgers,68,2,0.007649719311856984,0.20705105792545012,5,0.004821199923753738,128,12
nystrom,24,adaptive,Burgers,68,3,0.008409198242762662,0.20705105792545012,5,0.005020199925638735,128,12
nystrom,24,adaptive,Burgers,68,4,0.007971326532141259,0.20705105792545012,5,0.0042088000336661935,128,12
nystrom,24,adaptive,Burgers,69,0,0.009430805351527217,0.05510791338425962,5,0.004641700186766684,124,12
nystrom,24,adaptive,Burgers,69,1,0.011258515632297617,0.05510791338425962,5,0.003662100061774254,124,12
nystrom,24,adaptive,Burgers,69,2,0.013083404212391578,0.05510791338425962,5,0.004292599973268807,124,12
nystrom,24,adaptive,Burgers,69,3,0.01000748833979485,0.05510791338425962,5,0.005441299988888204,124,12
nystrom,24,adaptive,Burgers,69,4,0.010417399474609408,0.05510791338425962,5,0.004402099992148578,124,12
nystrom,32,fixed_0,Allen-Cahn,75,0,0.0016478256462796122,0.24478447346058754,0,0.0030722999945282936,86,2
nystrom,32,fixed_0,Allen-Cahn,75,1,0.0016478256462796122,0.24478447346058754,0,0.0026373000582680106,86,2
nystrom,32,fixed_0,Allen-Cahn,75,2,0.0016478256462796122,0.24478447346058754,0,0.003138700034469366,86,2
nystrom,32,fixed_0,Allen-Cahn,75,3,0.0016478256462796122,0.24478447346058754,0,0.0029609999619424343,86,2
nystrom,32,fixed_0,Allen-Cahn,75,4,0.0016478256462796122,0.24478447346058754,0,0.002081400016322732,86,2
nystrom,32,fixed_0,Allen-Cahn,76,0,0.0029112783478400343,0.1198920810829619,0,0.0017056999495252967,90,2
nystrom,32,fixed_0,Allen-Cahn,76,1,0.0029112783478400343,0.1198920810829619,0,0.0015716999769210815,90,2
nystrom,32,fixed_0,Allen-Cahn,76,2,0.0029112783478400343,0.1198920810829619,0,0.001508600078523159,90,2
nystrom,32,fixed_0,Allen-Cahn,76,3,0.0029112783478400343,0.1198920810829619,0,0.001741299987770617,90,2
nystrom,32,fixed_0,Allen-Cahn,76,4,0.0029112783478400343,0.1198920810829619,0,0.0024133999831974506,90,2
nystrom,32,fixed_0,Allen-Cahn,77,0,0.009332942350835987,0.39049687523095344,0,0.0021246999967843294,94,2
nystrom,32,fixed_0,Allen-Cahn,77,1,0.009332942350835987,0.39049687523095344,0,0.002526499913074076,94,2
nystrom,32,fixed_0,Allen-Cahn,77,2,0.009332942350835987,0.39049687523095344,0,0.0030080999713391066,94,2
nystrom,32,fixed_0,Allen-Cahn,77,3,0.009332942350835987,0.39049687523095344,0,0.001879699993878603,94,2
nystrom,32,fixed_0,Allen-Cahn,77,4,0.009332942350835987,0.39049687523095344,0,0.0038381998892873526,94,2
nystrom,32,fixed_0,Allen-Cahn,78,0,0.0014656584046046973,0.28167797695039015,0,0.002154699992388487,92,2
nystrom,32,fixed_0,Allen-Cahn,78,1,0.0014656584046046973,0.28167797695039015,0,0.0023056999780237675,92,2
nystrom,32,fixed_0,Allen-Cahn,78,2,0.0014656584046046973,0.28167797695039015,0,0.002202900010161102,92,2
nystrom,32,fixed_0,Allen-Cahn,78,3,0.0014656584046046973,0.28167797695039015,0,0.002787400037050247,92,2
nystrom,32,fixed_0,Allen-Cahn,78,4,0.0014656584046046973,0.28167797695039015,0,0.002583299996331334,92,2
nystrom,32,fixed_0,Allen-Cahn,79,0,0.002874415417360489,0.46672331054507077,0,0.005689200013875961,92,2
nystrom,32,fixed_0,Allen-Cahn,79,1,0.002874415417360489,0.46672331054507077,0,0.004705299972556531,92,2
nystrom,32,fixed_0,Allen-Cahn,79,2,0.002874415417360489,0.46672331054507077,0,0.0033747999696061015,92,2
nystrom,32,fixed_0,Allen-Cahn,79,3,0.002874415417360489,0.46672331054507077,0,0.0035553999477997422,92,2
nystrom,32,fixed_0,Allen-Cahn,79,4,0.002874415417360489,0.46672331054507077,0,0.0030195999424904585,92,2
nystrom,32,fixed_0,Allen-Cahn,80,0,0.0070305010990798274,0.36626326604464865,0,0.0026033001486212015,88,2
nystrom,32,fixed_0,Allen-Cahn,80,1,0.0070305010990798274,0.36626326604464865,0,0.0018979000160470605,88,2
nystrom,32,fixed_0,Allen-Cahn,80,2,0.0070305010990798274,0.36626326604464865,0,0.002483299933373928,88,2
nystrom,32,fixed_0,Allen-Cahn,80,3,0.0070305010990798274,0.36626326604464865,0,0.0033120999578386545,88,2
nystrom,32,fixed_0,Allen-Cahn,80,4,0.0070305010990798274,0.36626326604464865,0,0.002493900014087558,88,2
nystrom,32,fixed_0,Allen-Cahn,82,0,0.00922279983554665,0.15552413475285662,0,0.0025334000820294023,96,2
nystrom,32,fixed_0,Allen-Cahn,82,1,0.00922279983554665,0.15552413475285662,0,0.0018232999136671424,96,2
nystrom,32,fixed_0,Allen-Cahn,82,2,0.00922279983554665,0.15552413475285662,0,0.002446700003929436,96,2
nystrom,32,fixed_0,Allen-Cahn,82,3,0.00922279983554665,0.15552413475285662,0,0.0017792999278753996,96,2
nystrom,32,fixed_0,Allen-Cahn,82,4,0.00922279983554665,0.15552413475285662,0,0.0018470999784767628,96,2
nystrom,32,fixed_0,Allen-Cahn,83,0,0.01294269891373847,0.21819187736901235,0,0.0025733000366017222,88,2
nystrom,32,fixed_0,Allen-Cahn,83,1,0.01294269891373847,0.21819187736901235,0,0.002099100034683943,88,2
nystrom,32,fixed_0,Allen-Cahn,83,2,0.01294269891373847,0.21819187736901235,0,0.0015090999659150839,88,2
nystrom,32,fixed_0,Allen-Cahn,83,3,0.01294269891373847,0.21819187736901235,0,0.0021155999274924397,88,2
nystrom,32,fixed_0,Allen-Cahn,83,4,0.01294269891373847,0.21819187736901235,0,0.002415599999949336,88,2
nystrom,32,fixed_0,Allen-Cahn,84,0,0.0541163837140787,0.2785667026014691,0,0.001677699969150126,94,2
nystrom,32,fixed_0,Allen-Cahn,84,1,0.0541163837140787,0.2785667026014691,0,0.002151799970306456,94,2
nystrom,32,fixed_0,Allen-Cahn,84,2,0.0541163837140787,0.2785667026014691,0,0.0017508999444544315,94,2
nystrom,32,fixed_0,Allen-Cahn,84,3,0.0541163837140787,0.2785667026014691,0,0.002103899954818189,94,2
nystrom,32,fixed_0,Allen-Cahn,84,4,0.0541163837140787,0.2785667026014691,0,0.0035821000346913934,94,2
nystrom,32,fixed_0,Burgers,55,0,0.010072710497280481,0.0789616526557739,0,0.0047348999651148915,130,2
nystrom,32,fixed_0,Burgers,55,1,0.010072710497280481,0.0789616526557739,0,0.006636700010858476,130,2
nystrom,32,fixed_0,Burgers,55,2,0.010072710497280481,0.0789616526557739,0,0.005311000044457614,130,2
nystrom,32,fixed_0,Burgers,55,3,0.010072710497280481,0.0789616526557739,0,0.0067683999659493566,130,2
nystrom,32,fixed_0,Burgers,55,4,0.010072710497280481,0.0789616526557739,0,0.00827640003990382,130,2
nystrom,32,fixed_0,Burgers,56,0,0.03212017968931063,0.09228635643654069,0,0.005332000087946653,126,2
nystrom,32,fixed_0,Burgers,56,1,0.03212017968931063,0.09228635643654069,0,0.004509199992753565,126,2
nystrom,32,fixed_0,Burgers,56,2,0.03212017968931063,0.09228635643654069,0,0.004584500100463629,126,2
nystrom,32,fixed_0,Burgers,56,3,0.03212017968931063,0.09228635643654069,0,0.004936199984513223,126,2
nystrom,32,fixed_0,Burgers,56,4,0.03212017968931063,0.09228635643654069,0,0.0028481000335887074,126,2
nystrom,32,fixed_0,Burgers,58,0,0.010509167972881582,0.014205395893809295,0,0.004603500012308359,138,2
nystrom,32,fixed_0,Burgers,58,1,0.010509167972881582,0.014205395893809295,0,0.005586300045251846,138,2
nystrom,32,fixed_0,Burgers,58,2,0.010509167972881582,0.014205395893809295,0,0.00443920015823096,138,2
nystrom,32,fixed_0,Burgers,58,3,0.010509167972881582,0.014205395893809295,0,0.004767399979755282,138,2
nystrom,32,fixed_0,Burgers,58,4,0.010509167972881582,0.014205395893809295,0,0.003737199935130775,138,2
nystrom,32,fixed_0,Burgers,59,0,0.0599441488213702,0.021715011005310245,0,0.009132100036367774,144,2
nystrom,32,fixed_0,Burgers,59,1,0.0599441488213702,0.021715011005310245,0,0.006951499963179231,144,2
nystrom,32,fixed_0,Burgers,59,2,0.0599441488213702,0.021715011005310245,0,0.0053945002146065235,144,2
nystrom,32,fixed_0,Burgers,59,3,0.0599441488213702,0.021715011005310245,0,0.005489700008183718,144,2
nystrom,32,fixed_0,Burgers,59,4,0.0599441488213702,0.021715011005310245,0,0.005842700018547475,144,2
nystrom,32,fixed_0,Burgers,60,0,0.008626625357286847,0.09673677812460832,0,0.004967399872839451,140,2
nystrom,32,fixed_0,Burgers,60,1,0.008626625357286847,0.09673677812460832,0,0.0055210000136867166,140,2
nystrom,32,fixed_0,Burgers,60,2,0.008626625357286847,0.09673677812460832,0,0.005273599992506206,140,2
nystrom,32,fixed_0,Burgers,60,3,0.008626625357286847,0.09673677812460832,0,0.005869399989023805,140,2
nystrom,32,fixed_0,Burgers,60,4,0.008626625357286847,0.09673677812460832,0,0.005765500012785196,140,2
nystrom,32,fixed_0,Burgers,62,0,0.019904348631842532,0.07110291928182814,0,0.00565669999923557,132,2
nystrom,32,fixed_0,Burgers,62,1,0.019904348631842532,0.07110291928182814,0,0.0072459999937564135,132,2
nystrom,32,fixed_0,Burgers,62,2,0.019904348631842532,0.07110291928182814,0,0.00626890012063086,132,2
nystrom,32,fixed_0,Burgers,62,3,0.019904348631842532,0.07110291928182814,0,0.006754099973477423,132,2
nystrom,32,fixed_0,Burgers,62,4,0.019904348631842532,0.07110291928182814,0,0.005673400009982288,132,2
nystrom,32,fixed_0,Burgers,64,0,0.047850171755864784,0.06994578374212969,0,0.004139700089581311,138,2
nystrom,32,fixed_0,Burgers,64,1,0.047850171755864784,0.06994578374212969,0,0.006560199894011021,138,2
nystrom,32,fixed_0,Burgers,64,2,0.047850171755864784,0.06994578374212969,0,0.004359100013971329,138,2
nystrom,32,fixed_0,Burgers,64,3,0.047850171755864784,0.06994578374212969,0,0.004554699989967048,138,2
nystrom,32,fixed_0,Burgers,64,4,0.047850171755864784,0.06994578374212969,0,0.005613000015728176,138,2
nystrom,32,fixed_0,Burgers,65,0,0.018898221195743272,0.10054054391634194,0,0.007672399980947375,144,2
nystrom,32,fixed_0,Burgers,65,1,0.018898221195743272,0.10054054391634194,0,0.007967900019139051,144,2
nystrom,32,fixed_0,Burgers,65,2,0.018898221195743272,0.10054054391634194,0,0.007731499965302646,144,2
nystrom,32,fixed_0,Burgers,65,3,0.018898221195743272,0.10054054391634194,0,0.006785800098441541,144,2
nystrom,32,fixed_0,Burgers,65,4,0.018898221195743272,0.10054054391634194,0,0.0073512999806553125,144,2
nystrom,32,fixed_0,Burgers,66,0,0.022436324952560146,0.08431587631193634,0,0.003783100051805377,138,2
nystrom,32,fixed_0,Burgers,66,1,0.022436324952560146,0.08431587631193634,0,0.0032638999400660396,138,2
nystrom,32,fixed_0,Burgers,66,2,0.022436324952560146,0.08431587631193634,0,0.003203200059942901,138,2
nystrom,32,fixed_0,Burgers,66,3,0.022436324952560146,0.08431587631193634,0,0.004786000004969537,138,2
nystrom,32,fixed_0,Burgers,66,4,0.022436324952560146,0.08431587631193634,0,0.005826199892908335,138,2
nystrom,32,fixed_0,Burgers,67,0,0.0820673815922296,0.04202628008946151,0,0.006455899914726615,134,2
nystrom,32,fixed_0,Burgers,67,1,0.0820673815922296,0.04202628008946151,0,0.005140800029039383,134,2
nystrom,32,fixed_0,Burgers,67,2,0.0820673815922296,0.04202628008946151,0,0.00489250011742115,134,2
nystrom,32,fixed_0,Burgers,67,3,0.0820673815922296,0.04202628008946151,0,0.005497699952684343,134,2
nystrom,32,fixed_0,Burgers,67,4,0.0820673815922296,0.04202628008946151,0,0.007238200050778687,134,2
nystrom,32,fixed_0,Burgers,68,0,0.01358726894184347,0.20705105792545012,0,0.005288099986501038,136,2
nystrom,32,fixed_0,Burgers,68,1,0.01358726894184347,0.20705105792545012,0,0.005227999994531274,136,2
nystrom,32,fixed_0,Burgers,68,2,0.01358726894184347,0.20705105792545012,0,0.004311799886636436,136,2
nystrom,32,fixed_0,Burgers,68,3,0.01358726894184347,0.20705105792545012,0,0.004678899887949228,136,2
nystrom,32,fixed_0,Burgers,68,4,0.01358726894184347,0.20705105792545012,0,0.004688699962571263,136,2
nystrom,32,fixed_0,Burgers,69,0,0.019567153664671055,0.05510791338425962,0,0.003315499983727932,132,2
nystrom,32,fixed_0,Burgers,69,1,0.019567153664671055,0.05510791338425962,0,0.005233600037172437,132,2
nystrom,32,fixed_0,Burgers,69,2,0.019567153664671055,0.05510791338425962,0,0.004990300047211349,132,2
nystrom,32,fixed_0,Burgers,69,3,0.019567153664671055,0.05510791338425962,0,0.004511600011028349,132,2
nystrom,32,fixed_0,Burgers,69,4,0.019567153664671055,0.05510791338425962,0,0.0061194999143481255,132,2
nystrom,32,fixed_1,Allen-Cahn,75,0,6.298814892801792e-05,0.24478447346058754,1,0.0031849000370129943,86,4
nystrom,32,fixed_1,Allen-Cahn,75,1,6.298581290413635e-05,0.24478447346058754,1,0.002702099969610572,86,4
nystrom,32,fixed_1,Allen-Cahn,75,2,6.298481543016255e-05,0.24478447346058754,1,0.0032347000669687986,86,4
nystrom,32,fixed_1,Allen-Cahn,75,3,6.298059906373069e-05,0.24478447346058754,1,0.0030611000256612897,86,4
nystrom,32,fixed_1,Allen-Cahn,75,4,6.298547518602358e-05,0.24478447346058754,1,0.002141100005246699,86,4
nystrom,32,fixed_1,Allen-Cahn,76,0,5.899062932142247e-05,0.1198920810829619,1,0.001796299940906465,90,4
nystrom,32,fixed_1,Allen-Cahn,76,1,5.87975293227638e-05,0.1198920810829619,1,0.0016175999771803617,90,4
nystrom,32,fixed_1,Allen-Cahn,76,2,5.880336365382952e-05,0.1198920810829619,1,0.0015546000795438886,90,4
nystrom,32,fixed_1,Allen-Cahn,76,3,5.8903760234587734e-05,0.1198920810829619,1,0.0017911999020725489,90,4
nystrom,32,fixed_1,Allen-Cahn,76,4,5.880642856561516e-05,0.1198920810829619,1,0.002466099918819964,90,4
nystrom,32,fixed_1,Allen-Cahn,77,0,0.0009530490513582772,0.39049687523095344,1,0.002176599926315248,94,4
nystrom,32,fixed_1,Allen-Cahn,77,1,0.0009532070232163446,0.39049687523095344,1,0.002602099906653166,94,4
nystrom,32,fixed_1,Allen-Cahn,77,2,0.0009529817950943381,0.39049687523095344,1,0.00315440003760159,94,4
nystrom,32,fixed_1,Allen-Cahn,77,3,0.0009530729789913988,0.39049687523095344,1,0.0019301000284031034,94,4
nystrom,32,fixed_1,Allen-Cahn,77,4,0.0009534042902052595,0.39049687523095344,1,0.004239099915139377,94,4
nystrom,32,fixed_1,Allen-Cahn,78,0,2.0713516457749108e-05,0.28167797695039015,1,0.0022143999813124537,92,4
nystrom,32,fixed_1,Allen-Cahn,78,1,2.0714685923763052e-05,0.28167797695039015,1,0.0023523999843746424,92,4
nystrom,32,fixed_1,Allen-Cahn,78,2,2.0419162434656307e-05,0.28167797695039015,1,0.0022824000334367156,92,4
nystrom,32,fixed_1,Allen-Cahn,78,3,2.0711951817996506e-05,0.28167797695039015,1,0.0028379999566823244,92,4
nystrom,32,fixed_1,Allen-Cahn,78,4,2.0720614875433065e-05,0.28167797695039015,1,0.0026317000156268477,92,4
nystrom,32,fixed_1,Allen-Cahn,79,0,0.00012099964747586033,0.46672331054507077,1,0.005860899924300611,92,4
nystrom,32,fixed_1,Allen-Cahn,79,1,0.00012095830489133385,0.46672331054507077,1,0.0049594000447541475,92,4
nystrom,32,fixed_1,Allen-Cahn,79,2,0.00012087255202816678,0.46672331054507077,1,0.003478999948129058,92,4
nystrom,32,fixed_1,Allen-Cahn,79,3,0.00012096029333811296,0.46672331054507077,1,0.003670100006274879,92,4
nystrom,32,fixed_1,Allen-Cahn,79,4,0.00012105633970737132,0.46672331054507077,1,0.003080399939790368,92,4
nystrom,32,fixed_1,Allen-Cahn,80,0,0.00015080228253664014,0.36626326604464865,1,0.0027107001515105367,88,4
nystrom,32,fixed_1,Allen-Cahn,80,1,0.00015081558672840013,0.36626326604464865,1,0.001955999992787838,88,4
nystrom,32,fixed_1,Allen-Cahn,80,2,0.00015082023254185537,0.36626326604464865,1,0.0025433999253436923,88,4
nystrom,32,fixed_1,Allen-Cahn,80,3,0.00015081782331726948,0.36626326604464865,1,0.0034223999828100204,88,4
nystrom,32,fixed_1,Allen-Cahn,80,4,0.00015069239497340225,0.36626326604464865,1,0.00255730003118515,88,4
nystrom,32,fixed_1,Allen-Cahn,82,0,0.0011015780398425186,0.15552413475285662,1,0.002658999990671873,96,4
nystrom,32,fixed_1,Allen-Cahn,82,1,0.0011015912761127068,0.15552413475285662,1,0.001907199970446527,96,4
nystrom,32,fixed_1,Allen-Cahn,82,2,0.0011016922258098095,0.15552413475285662,1,0.002526800031773746,96,4
nystrom,32,fixed_1,Allen-Cahn,82,3,0.0011015873065640552,0.15552413475285662,1,0.0018296999623999,96,4
nystrom,32,fixed_1,Allen-Cahn,82,4,0.0011010787793497572,0.15552413475285662,1,0.0018973000114783645,96,4
nystrom,32,fixed_1,Allen-Cahn,83,0,0.0012075853130189837,0.21819187736901235,1,0.002657799981534481,88,4
nystrom,32,fixed_1,Allen-Cahn,83,1,0.0012075662770987764,0.21819187736901235,1,0.002146800048649311,88,4
nystrom,32,fixed_1,Allen-Cahn,83,2,0.0012075810186081618,0.21819187736901235,1,0.0015943000325933099,88,4
nystrom,32,fixed_1,Allen-Cahn,83,3,0.0012075943680333607,0.21819187736901235,1,0.002162699936889112,88,4
nystrom,32,fixed_1,Allen-Cahn,83,4,0.0012075205250447131,0.21819187736901235,1,0.002495699911378324,88,4
nystrom,32,fixed_1,Allen-Cahn,84,0,0.0218403978437413,0.2785667026014691,1,0.001725599984638393,94,4
nystrom,32,fixed_1,Allen-Cahn,84,1,0.02183992674712859,0.2785667026014691,1,0.0021980999736115336,94,4
nystrom,32,fixed_1,Allen-Cahn,84,2,0.021840710569245678,0.2785667026014691,1,0.001803399994969368,94,4
nystrom,32,fixed_1,Allen-Cahn,84,3,0.021840915285895657,0.2785667026014691,1,0.002180199953727424,94,4
nystrom,32,fixed_1,Allen-Cahn,84,4,0.021850901628477856,0.2785667026014691,1,0.0036636999575421214,94,4
nystrom,32,fixed_1,Burgers,55,0,0.009048527067747352,0.0789616526557739,1,0.0048451999900862575,130,4
nystrom,32,fixed_1,Burgers,55,1,0.008738272716712427,0.0789616526557739,1,0.006748400046490133,130,4
nystrom,32,fixed_1,Burgers,55,2,0.008921035964552782,0.0789616526557739,1,0.005377499968744814,130,4
nystrom,32,fixed_1,Burgers,55,3,0.009179550733970235,0.0789616526557739,1,0.006885600043460727,130,4
nystrom,32,fixed_1,Burgers,55,4,0.009224823305243891,0.0789616526557739,1,0.008340799948200583,130,4
nystrom,32,fixed_1,Burgers,56,0,0.02635604257558768,0.09228635643654069,1,0.005410999990999699,126,4
nystrom,32,fixed_1,Burgers,56,1,0.024389939289475058,0.09228635643654069,1,0.004608900053426623,126,4
nystrom,32,fixed_1,Burgers,56,2,0.024464062060857113,0.09228635643654069,1,0.0046790000051259995,126,4
nystrom,32,fixed_1,Burgers,56,3,0.02535291845496805,0.09228635643654069,1,0.00503000000026077,126,4
nystrom,32,fixed_1,Burgers,56,4,0.023346051357373474,0.09228635643654069,1,0.002939700032584369,126,4
nystrom,32,fixed_1,Burgers,58,0,0.008135006288016569,0.014205395893809295,1,0.0046912000980228186,138,4
nystrom,32,fixed_1,Burgers,58,1,0.00910897746272039,0.014205395893809295,1,0.0056715999962762,138,4
nystrom,32,fixed_1,Burgers,58,2,0.00972188273658884,0.014205395893809295,1,0.004516800167039037,138,4
nystrom,32,fixed_1,Burgers,58,3,0.008349177632465789,0.014205395893809295,1,0.004815399996004999,138,4
nystrom,32,fixed_1,Burgers,58,4,0.009025808040740282,0.014205395893809295,1,0.003818499972112477,138,4
nystrom,32,fixed_1,Burgers,59,0,0.0517333741626382,0.021715011005310245,1,0.009241700056008995,144,4
nystrom,32,fixed_1,Burgers,59,1,0.053348983208089715,0.021715011005310245,1,0.007063600001856685,144,4
nystrom,32,fixed_1,Burgers,59,2,0.05361019409932096,0.021715011005310245,1,0.005442900117486715,144,4
nystrom,32,fixed_1,Burgers,59,3,0.05479409459584168,0.021715011005310245,1,0.005578099982813001,144,4
nystrom,32,fixed_1,Burgers,59,4,0.05356563819819967,0.021715011005310245,1,0.00592510006390512,144,4
nystrom,32,fixed_1,Burgers,60,0,0.0074119593274178585,0.09673677812460832,1,0.005088399979285896,140,4
nystrom,32,fixed_1,Burgers,60,1,0.006941505847877605,0.09673677812460832,1,0.005569900036789477,140,4
nystrom,32,fixed_1,Burgers,60,2,0.006698483312705065,0.09673677812460832,1,0.005324700032360852,140,4
nystrom,32,fixed_1,Burgers,60,3,0.006754195419962127,0.09673677812460832,1,0.005938200047239661,140,4
nystrom,32,fixed_1,Burgers,60,4,0.007359668850794476,0.09673677812460832,1,0.005857900017872453,140,4
nystrom,32,fixed_1,Burgers,62,0,0.01715895484011399,0.07110291928182814,1,0.005767100024968386,132,4
nystrom,32,fixed_1,Burgers,62,1,0.01619331535847818,0.07110291928182814,1,0.00731149991042912,132,4
nystrom,32,fixed_1,Burgers,62,2,0.017832024026565925,0.07110291928182814,1,0.006334300152957439,132,4
nystrom,32,fixed_1,Burgers,62,3,0.01794381954363367,0.07110291928182814,1,0.006838299916125834,132,4
nystrom,32,fixed_1,Burgers,62,4,0.018534015543048885,0.07110291928182814,1,0.0057833000319078565,132,4
nystrom,32,fixed_1,Burgers,64,0,0.043208190469276965,0.06994578374212969,1,0.004229900077916682,138,4
nystrom,32,fixed_1,Burgers,64,1,0.03939805266088916,0.06994578374212969,1,0.006609999923966825,138,4
nystrom,32,fixed_1,Burgers,64,2,0.04432961780209798,0.06994578374212969,1,0.004516400047577918,138,4
nystrom,32,fixed_1,Burgers,64,3,0.03947562136667519,0.06994578374212969,1,0.00460459990426898,138,4
nystrom,32,fixed_1,Burgers,64,4,0.04032498987440389,0.06994578374212969,1,0.00566280004568398,138,4
nystrom,32,fixed_1,Burgers,65,0,0.01766906298055951,0.10054054391634194,1,0.007903099991381168,144,4
nystrom,32,fixed_1,Burgers,65,1,0.01845061515521536,0.10054054391634194,1,0.00807640003040433,144,4
nystrom,32,fixed_1,Burgers,65,2,0.01764526701088331,0.10054054391634194,1,0.007851099944673479,144,4
nystrom,32,fixed_1,Burgers,65,3,0.017754641008521112,0.10054054391634194,1,0.006903000175952911,144,4
nystrom,32,fixed_1,Burgers,65,4,0.016961754754559993,0.10054054391634194,1,0.0074610000010579824,144,4
nystrom,32,fixed_1,Burgers,66,0,0.019942276859195675,0.08431587631193634,1,0.0038491999730467796,138,4
nystrom,32,fixed_1,Burgers,66,1,0.02119968678636844,0.08431587631193634,1,0.003383600036613643,138,4
nystrom,32,fixed_1,Burgers,66,2,0.02057248649724846,0.08431587631193634,1,0.0032503000693395734,138,4
nystrom,32,fixed_1,Burgers,66,3,0.019761067135835336,0.08431587631193634,1,0.00487599999178201,138,4
nystrom,32,fixed_1,Burgers,66,4,0.02150924011971912,0.08431587631193634,1,0.005910699954256415,138,4
nystrom,32,fixed_1,Burgers,67,0,0.07401337663618841,0.04202628008946151,1,0.006559799890965223,134,4
nystrom,32,fixed_1,Burgers,67,1,0.07582672106644085,0.04202628008946151,1,0.005210199975408614,134,4
nystrom,32,fixed_1,Burgers,67,2,0.07708070574761017,0.04202628008946151,1,0.0049621001817286015,134,4
nystrom,32,fixed_1,Burgers,67,3,0.06832631245468088,0.04202628008946151,1,0.00558120000641793,134,4
nystrom,32,fixed_1,Burgers,67,4,0.07831232036795518,0.04202628008946151,1,0.007466600043699145,134,4
nystrom,32,fixed_1,Burgers,68,0,0.011564532533850048,0.20705105792545012,1,0.00533529999665916,136,4
nystrom,32,fixed_1,Burgers,68,1,0.011923281667709056,0.20705105792545012,1,0.005314699956215918,136,4
nystrom,32,fixed_1,Burgers,68,2,0.01152340973451499,0.20705105792545012,1,0.0043941999319940805,136,4
nystrom,32,fixed_1,Burgers,68,3,0.011564115180844303,0.20705105792545012,1,0.004729199921712279,136,4
nystrom,32,fixed_1,Burgers,68,4,0.009865650836984596,0.20705105792545012,1,0.004777600057423115,136,4
nystrom,32,fixed_1,Burgers,69,0,0.015030917452708063,0.05510791338425962,1,0.0033647000091150403,132,4
nystrom,32,fixed_1,Burgers,69,1,0.01718854920520232,0.05510791338425962,1,0.005342100048437715,132,4
nystrom,32,fixed_1,Burgers,69,2,0.012204363952763293,0.05510791338425962,1,0.005082999938167632,132,4
nystrom,32,fixed_1,Burgers,69,3,0.014895365724738582,0.05510791338425962,1,0.004604400019161403,132,4
nystrom,32,fixed_1,Burgers,69,4,0.015982897938341695,0.05510791338425962,1,0.006186099955812097,132,4
nystrom,32,fixed_3,Allen-Cahn,75,0,2.4706825664392402e-08,0.24478447346058754,3,0.0033882000716403127,86,8
nystrom,32,fixed_3,Allen-Cahn,75,1,2.4699380435444723e-08,0.24478447346058754,3,0.002808899967931211,86,8
nystrom,32,fixed_3,Allen-Cahn,75,2,2.469682688276938e-08,0.24478447346058754,3,0.0034153000451624393,86,8
nystrom,32,fixed_3,Allen-Cahn,75,3,2.473149660244473e-08,0.24478447346058754,3,0.0032374999718740582,86,8
nystrom,32,fixed_3,Allen-Cahn,75,4,2.4701485895637104e-08,0.24478447346058754,3,0.0022421000758185983,86,8
nystrom,32,fixed_3,Allen-Cahn,76,0,6.169058937548534e-08,0.1198920810829619,3,0.0019069999689236283,90,8
nystrom,32,fixed_3,Allen-Cahn,76,1,6.146443610314546e-08,0.1198920810829619,3,0.0016964999958872795,90,8
nystrom,32,fixed_3,Allen-Cahn,76,2,6.15065006048375e-08,0.1198920810829619,3,0.0016324000898748636,90,8
nystrom,32,fixed_3,Allen-Cahn,76,3,6.170895125116187e-08,0.1198920810829619,3,0.0018898999551311135,90,8
nystrom,32,fixed_3,Allen-Cahn,76,4,6.149256382282515e-08,0.1198920810829619,3,0.0025517999893054366,90,8
nystrom,32,fixed_3,Allen-Cahn,77,0,5.582618195220582e-07,0.39049687523095344,3,0.00226089998614043,94,8
nystrom,32,fixed_3,Allen-Cahn,77,1,5.559282136604843e-07,0.39049687523095344,3,0.00273049995303154,94,8
nystrom,32,fixed_3,Allen-Cahn,77,2,5.59418390789322e-07,0.39049687523095344,3,0.0032825999660417438,94,8
nystrom,32,fixed_3,Allen-Cahn,77,3,5.585411685168082e-07,0.39049687523095344,3,0.002014599973335862,94,8
nystrom,32,fixed_3,Allen-Cahn,77,4,5.638095319516472e-07,0.39049687523095344,3,0.004487999947741628,94,8
nystrom,32,fixed_3,Allen-Cahn,78,0,5.3514386135949965e-09,0.28167797695039015,3,0.002291899989359081,92,8
nystrom,32,fixed_3,Allen-Cahn,78,1,5.352194396596385e-09,0.28167797695039015,3,0.002429199987091124,92,8
nystrom,32,fixed_3,Allen-Cahn,78,2,5.6501329473081685e-09,0.28167797695039015,3,0.00236180005595088,92,8
nystrom,32,fixed_3,Allen-Cahn,78,3,5.355220492456843e-09,0.28167797695039015,3,0.0029232000233605504,92,8
nystrom,32,fixed_3,Allen-Cahn,78,4,5.353513312030179e-09,0.28167797695039015,3,0.0027139000594615936,92,8
nystrom,32,fixed_3,Allen-Cahn,79,0,1.461378646907611e-08,0.46672331054507077,3,0.00619460002053529,92,8
nystrom,32,fixed_3,Allen-Cahn,79,1,1.4560060171801625e-08,0.46672331054507077,3,0.005244500003755093,92,8
nystrom,32,fixed_3,Allen-Cahn,79,2,1.4698300160135471e-08,0.46672331054507077,3,0.003603599965572357,92,8
nystrom,32,fixed_3,Allen-Cahn,79,3,1.4568802119477762e-08,0.46672331054507077,3,0.0038865000242367387,92,8
nystrom,32,fixed_3,Allen-Cahn,79,4,1.457771620114471e-08,0.46672331054507077,3,0.0031789999920874834,92,8
nystrom,32,fixed_3,Allen-Cahn,80,0,7.147616126126283e-08,0.36626326604464865,3,0.002841499983333051,88,8
nystrom,32,fixed_3,Allen-Cahn,80,1,7.147813162942007e-08,0.36626326604464865,3,0.002054499927908182,88,8
nystrom,32,fixed_3,Allen-Cahn,80,2,7.148578834522504e-08,0.36626326604464865,3,0.0026439999928697944,88,8
nystrom,32,fixed_3,Allen-Cahn,80,3,7.148642515622644e-08,0.36626326604464865,3,0.0036216999869793653,88,8
nystrom,32,fixed_3,Allen-Cahn,80,4,7.145926703999059e-08,0.36626326604464865,3,0.002666400047019124,88,8
nystrom,32,fixed_3,Allen-Cahn,82,0,7.426393768690594e-06,0.15552413475285662,3,0.0029084000270813704,96,8
nystrom,32,fixed_3,Allen-Cahn,82,1,7.4283099648545315e-06,0.15552413475285662,3,0.002050899900496006,96,8
nystrom,32,fixed_3,Allen-Cahn,82,2,7.431513657492726e-06,0.15552413475285662,3,0.0026635000249370933,96,8
nystrom,32,fixed_3,Allen-Cahn,82,3,7.428215377629207e-06,0.15552413475285662,3,0.0019131998997181654,96,8
nystrom,32,fixed_3,Allen-Cahn,82,4,7.41826098160728e-06,0.15552413475285662,3,0.0020061000250279903,96,8
nystrom,32,fixed_3,Allen-Cahn,83,0,7.85936861477992e-07,0.21819187736901235,3,0.002800600021146238,88,8
nystrom,32,fixed_3,Allen-Cahn,83,1,7.858977363187731e-07,0.21819187736901235,3,0.002224500058218837,88,8
nystrom,32,fixed_3,Allen-Cahn,83,2,7.859143330728427e-07,0.21819187736901235,3,0.001761400024406612,88,8
nystrom,32,fixed_3,Allen-Cahn,83,3,7.859846481477205e-07,0.21819187736901235,3,0.0022421999601647258,88,8
nystrom,32,fixed_3,Allen-Cahn,83,4,7.857923032696365e-07,0.21819187736901235,3,0.0026398999616503716,88,8
nystrom,32,fixed_3,Allen-Cahn,84,0,7.675806196699593e-05,0.2785667026014691,3,0.00183750013820827,94,8
nystrom,32,fixed_3,Allen-Cahn,84,1,7.672131381795961e-05,0.2785667026014691,3,0.0022754999808967113,94,8
nystrom,32,fixed_3,Allen-Cahn,84,2,7.677777014902732e-05,0.2785667026014691,3,0.0019400999881327152,94,8
nystrom,32,fixed_3,Allen-Cahn,84,3,7.677623050983907e-05,0.2785667026014691,3,0.0022875999566167593,94,8
nystrom,32,fixed_3,Allen-Cahn,84,4,7.682142253609936e-05,0.2785667026014691,3,0.00380319997202605,94,8
nystrom,32,fixed_3,Burgers,55,0,0.005524382211426161,0.0789616526557739,3,0.005037199938669801,130,8
nystrom,32,fixed_3,Burgers,55,1,0.004823741285196592,0.0789616526557739,3,0.006950800074264407,130,8
nystrom,32,fixed_3,Burgers,55,2,0.005304079326174936,0.0789616526557739,3,0.005483899964019656,130,8
nystrom,32,fixed_3,Burgers,55,3,0.004773122894211493,0.0789616526557739,3,0.007069100043736398,130,8
nystrom,32,fixed_3,Burgers,55,4,0.004774985617011818,0.0789616526557739,3,0.008446299936622381,130,8
nystrom,32,fixed_3,Burgers,56,0,0.011851316396240716,0.09228635643654069,3,0.005549499997869134,126,8
nystrom,32,fixed_3,Burgers,56,1,0.013086842590710066,0.09228635643654069,3,0.004738899995572865,126,8
nystrom,32,fixed_3,Burgers,56,2,0.01243250655713357,0.09228635643654069,3,0.0048553000669926405,126,8
nystrom,32,fixed_3,Burgers,56,3,0.010474617093516082,0.09228635643654069,3,0.0051784999668598175,126,8
nystrom,32,fixed_3,Burgers,56,4,0.011315425194779943,0.09228635643654069,3,0.003120000008493662,126,8
nystrom,32,fixed_3,Burgers,58,0,0.005435191853581597,0.014205395893809295,3,0.004846499999985099,138,8
nystrom,32,fixed_3,Burgers,58,1,0.005713976915704806,0.014205395893809295,3,0.005820400081574917,138,8
nystrom,32,fixed_3,Burgers,58,2,0.0059422318908662515,0.014205395893809295,3,0.004659100086428225,138,8
nystrom,32,fixed_3,Burgers,58,3,0.00529996629913471,0.014205395893809295,3,0.00489380001090467,138,8
nystrom,32,fixed_3,Burgers,58,4,0.00603670735847118,0.014205395893809295,3,0.003912799991667271,138,8
nystrom,32,fixed_3,Burgers,59,0,0.04577844263301572,0.021715011005310245,3,0.009418400004506111,144,8
nystrom,32,fixed_3,Burgers,59,1,0.04831949224467409,0.021715011005310245,3,0.00725529994815588,144,8
nystrom,32,fixed_3,Burgers,59,2,0.04802810850718116,0.021715011005310245,3,0.005521600134670734,144,8
nystrom,32,fixed_3,Burgers,59,3,0.04786863382213634,0.021715011005310245,3,0.00573530001565814,144,8
nystrom,32,fixed_3,Burgers,59,4,0.046986870327813006,0.021715011005310245,3,0.006062300060875714,144,8
nystrom,32,fixed_3,Burgers,60,0,0.006744931401051257,0.09673677812460832,3,0.005307299899868667,140,8
nystrom,32,fixed_3,Burgers,60,1,0.006328529787154073,0.09673677812460832,3,0.005651100073009729,140,8
nystrom,32,fixed_3,Burgers,60,2,0.0052639172206928745,0.09673677812460832,3,0.005405800067819655,140,8
nystrom,32,fixed_3,Burgers,60,3,0.005311743260554192,0.09673677812460832,3,0.006041600019671023,140,8
nystrom,32,fixed_3,Burgers,60,4,0.0058498706933713986,0.09673677812460832,3,0.006019899970851839,140,8
nystrom,32,fixed_3,Burgers,62,0,0.012861140767493406,0.07110291928182814,3,0.005958500085398555,132,8
nystrom,32,fixed_3,Burgers,62,1,0.011903435588813606,0.07110291928182814,3,0.007533399970270693,132,8
nystrom,32,fixed_3,Burgers,62,2,0.013325653021901581,0.07110291928182814,3,0.006440400145947933,132,8
nystrom,32,fixed_3,Burgers,62,3,0.011335050630546814,0.07110291928182814,3,0.006982099963352084,132,8
nystrom,32,fixed_3,Burgers,62,4,0.011590233925951349,0.07110291928182814,3,0.00597369996830821,132,8
nystrom,32,fixed_3,Burgers,64,0,0.0309800333990903,0.06994578374212969,3,0.004387900116853416,138,8
nystrom,32,fixed_3,Burgers,64,1,0.029339303075862924,0.06994578374212969,3,0.006697699893265963,138,8
nystrom,32,fixed_3,Burgers,64,2,0.029632217804069116,0.06994578374212969,3,0.004750999971292913,138,8
nystrom,32,fixed_3,Burgers,64,3,0.027740116011600584,0.06994578374212969,3,0.004698399920016527,138,8
nystrom,32,fixed_3,Burgers,64,4,0.023118463173075747,0.06994578374212969,3,0.005744399968534708,138,8
nystrom,32,fixed_3,Burgers,65,0,0.013006288964600873,0.10054054391634194,3,0.008125699940137565,144,8
nystrom,32,fixed_3,Burgers,65,1,0.015249203771162992,0.10054054391634194,3,0.0082601000322029,144,8
nystrom,32,fixed_3,Burgers,65,2,0.01156580495580623,0.10054054391634194,3,0.008058599894866347,144,8
nystrom,32,fixed_3,Burgers,65,3,0.013885524976363492,0.10054054391634194,3,0.007170300115831196,144,8
nystrom,32,fixed_3,Burgers,65,4,0.01279084763653933,0.10054054391634194,3,0.007646200014278293,144,8
nystrom,32,fixed_3,Burgers,66,0,0.015402863492453156,0.08431587631193634,3,0.004021799890324473,138,8
nystrom,32,fixed_3,Burgers,66,1,0.015120868500476446,0.08431587631193634,3,0.0036090000066906214,138,8
nystrom,32,fixed_3,Burgers,66,2,0.015319399006727442,0.08431587631193634,3,0.003414599923416972,138,8
nystrom,32,fixed_3,Burgers,66,3,0.014659908019663387,0.08431587631193634,3,0.005031700013205409,138,8
nystrom,32,fixed_3,Burgers,66,4,0.016106837761581838,0.08431587631193634,3,0.006063199951313436,138,8
nystrom,32,fixed_3,Burgers,67,0,0.055625026443844476,0.04202628008946151,3,0.006748399930074811,134,8
nystrom,32,fixed_3,Burgers,67,1,0.05907644245466821,0.04202628008946151,3,0.005324200028553605,134,8
nystrom,32,fixed_3,Burgers,67,2,0.05707734862528453,0.04202628008946151,3,0.005069900187663734,134,8
nystrom,32,fixed_3,Burgers,67,3,0.05353180377918618,0.04202628008946151,3,0.0057246999349445105,134,8
nystrom,32,fixed_3,Burgers,67,4,0.057916136777761584,0.04202628008946151,3,0.007631300017237663,134,8
nystrom,32,fixed_3,Burgers,68,0,0.008241146683752521,0.20705105792545012,3,0.005437499959953129,136,8
nystrom,32,fixed_3,Burgers,68,1,0.00922287309943148,0.20705105792545012,3,0.005499999970197678,136,8
nystrom,32,fixed_3,Burgers,68,2,0.007902285925897971,0.20705105792545012,3,0.0045328999403864145,136,8
nystrom,32,fixed_3,Burgers,68,3,0.007819126524296713,0.20705105792545012,3,0.0048087999457493424,136,8
nystrom,32,fixed_3,Burgers,68,4,0.007199955756275318,0.20705105792545012,3,0.004918299964629114,136,8
nystrom,32,fixed_3,Burgers,69,0,0.0063049034374953366,0.05510791338425962,3,0.0034452000400051475,132,8
nystrom,32,fixed_3,Burgers,69,1,0.008893178562485959,0.05510791338425962,3,0.005576199968345463,132,8
nystrom,32,fixed_3,Burgers,69,2,0.006594385037170598,0.05510791338425962,3,0.005242899991571903,132,8
nystrom,32,fixed_3,Burgers,69,3,0.007777049741939047,0.05510791338425962,3,0.004765399964526296,132,8
nystrom,32,fixed_3,Burgers,69,4,0.008232426951092242,0.05510791338425962,3,0.006292399950325489,132,8
nystrom,32,fixed_5,Allen-Cahn,75,0,4.595820338074739e-13,0.24478447346058754,5,0.003590599982999265,86,12
nystrom,32,fixed_5,Allen-Cahn,75,1,3.8777234102505614e-13,0.24478447346058754,5,0.0029102000407874584,86,12
nystrom,32,fixed_5,Allen-Cahn,75,2,4.883059109204411e-13,0.24478447346058754,5,0.0036208999808877707,86,12
nystrom,32,fixed_5,Allen-Cahn,75,3,4.883059109204411e-13,0.24478447346058754,5,0.0034115000162273645,86,12
nystrom,32,fixed_5,Allen-Cahn,75,4,4.768163600752542e-13,0.24478447346058754,5,0.002353199990466237,86,12
nystrom,32,fixed_5,Allen-Cahn,76,0,1.7703856241025535e-11,0.1198920810829619,5,0.0019842999754473567,90,12
nystrom,32,fixed_5,Allen-Cahn,76,1,1.7808303770471114e-11,0.1198920810829619,5,0.0017724999925121665,90,12
nystrom,32,fixed_5,Allen-Cahn,76,2,1.757851920569084e-11,0.1198920810829619,5,0.0017905000131577253,90,12
nystrom,32,fixed_5,Allen-Cahn,76,3,1.8093793684289027e-11,0.1198920810829619,5,0.001974599901586771,90,12
nystrom,32,fixed_5,Allen-Cahn,76,4,1.7620298217469073e-11,0.1198920810829619,5,0.002631500014103949,90,12
nystrom,32,fixed_5,Allen-Cahn,77,0,1.0731939635524355e-09,0.39049687523095344,5,0.0023601000430062413,94,12
nystrom,32,fixed_5,Allen-Cahn,77,1,1.0688063312669102e-09,0.39049687523095344,5,0.0028241999680176377,94,12
nystrom,32,fixed_5,Allen-Cahn,77,2,1.0761774306037277e-09,0.39049687523095344,5,0.0034197999630123377,94,12
nystrom,32,fixed_5,Allen-Cahn,77,3,1.0742478556210176e-09,0.39049687523095344,5,0.002099400036968291,94,12
nystrom,32,fixed_5,Allen-Cahn,77,4,1.1078433538072462e-09,0.39049687523095344,5,0.004725199891254306,94,12
nystrom,32,fixed_5,Allen-Cahn,78,0,2.0746984351821326e-13,0.28167797695039015,5,0.0023672999814152718,92,12
nystrom,32,fixed_5,Allen-Cahn,78,1,1.2448190611092797e-13,0.28167797695039015,5,0.0025049999821931124,92,12
nystrom,32,fixed_5,Allen-Cahn,78,2,1.9561442388860107e-13,0.28167797695039015,5,0.002440200070850551,92,12
nystrom,32,fixed_5,Allen-Cahn,78,3,1.9857827879600414e-13,0.28167797695039015,5,0.0030027999309822917,92,12
nystrom,32,fixed_5,Allen-Cahn,78,4,1.8375900425898889e-13,0.28167797695039015,5,0.002852100064046681,92,12
nystrom,32,fixed_5,Allen-Cahn,79,0,1.909867612320556e-12,0.46672331054507077,5,0.006511799991130829,92,12
nystrom,32,fixed_5,Allen-Cahn,79,1,1.536910632232207e-12,0.46672331054507077,5,0.005567500018514693,92,12
nystrom,32,fixed_5,Allen-Cahn,79,2,2.1844623119460433e-12,0.46672331054507077,5,0.0036995999980717897,92,12
nystrom,32,fixed_5,Allen-Cahn,79,3,1.143461510380762e-12,0.46672331054507077,5,0.004085300024598837,92,12
nystrom,32,fixed_5,Allen-Cahn,79,4,1.4426467801219648e-12,0.46672331054507077,5,0.0032751000253483653,92,12
nystrom,32,fixed_5,Allen-Cahn,80,0,7.154758897993662e-13,0.36626326604464865,5,0.002938999910838902,88,12
nystrom,32,fixed_5,Allen-Cahn,80,1,6.817623661962546e-13,0.36626326604464865,5,0.002163599943742156,88,12
nystrom,32,fixed_5,Allen-Cahn,80,2,3.071676594950158e-13,0.36626326604464865,5,0.0027421999257057905,88,12
nystrom,32,fixed_5,Allen-Cahn,80,3,2.6221629469086716e-14,0.36626326604464865,5,0.0039863999700173736,88,12
nystrom,32,fixed_5,Allen-Cahn,80,4,8.990272960829732e-14,0.36626326604464865,5,0.0027695000171661377,88,12
nystrom,32,fixed_5,Allen-Cahn,82,0,1.2085588199024196e-08,0.15552413475285662,5,0.0030655000591650605,96,12
nystrom,32,fixed_5,Allen-Cahn,82,1,1.2090904553131121e-08,0.15552413475285662,5,0.0021967999637126923,96,12
nystrom,32,fixed_5,Allen-Cahn,82,2,1.2100534705124233e-08,0.15552413475285662,5,0.002799500012770295,96,12
nystrom,32,fixed_5,Allen-Cahn,82,3,1.2090460673277665e-08,0.15552413475285662,5,0.0019895998993888497,96,12
nystrom,32,fixed_5,Allen-Cahn,82,4,1.2177300409435942e-08,0.15552413475285662,5,0.002089999965392053,96,12
nystrom,32,fixed_5,Allen-Cahn,83,0,7.27272984899207e-10,0.21819187736901235,5,0.0029531000182032585,88,12
nystrom,32,fixed_5,Allen-Cahn,83,1,7.267699673231176e-10,0.21819187736901235,5,0.0023114000214263797,88,12
nystrom,32,fixed_5,Allen-Cahn,83,2,7.269790869895817e-10,0.21819187736901235,5,0.0018975000130012631,88,12
nystrom,32,fixed_5,Allen-Cahn,83,3,7.268773530977884e-10,0.21819187736901235,5,0.0023180999560281634,88,12
nystrom,32,fixed_5,Allen-Cahn,83,4,7.267332300844145e-10,0.21819187736901235,5,0.0027799999807029963,88,12
nystrom,32,fixed_5,Allen-Cahn,84,0,1.3631054280860448e-07,0.2785667026014691,5,0.0019465999212116003,94,12
nystrom,32,fixed_5,Allen-Cahn,84,1,1.3674157076482083e-07,0.2785667026014691,5,0.0023509999737143517,94,12
nystrom,32,fixed_5,Allen-Cahn,84,2,1.361327151322655e-07,0.2785667026014691,5,0.002109199995175004,94,12
nystrom,32,fixed_5,Allen-Cahn,84,3,1.3642585813596694e-07,0.2785667026014691,5,0.0024526999332010746,94,12
nystrom,32,fixed_5,Allen-Cahn,84,4,1.366323329143463e-07,0.2785667026014691,5,0.003940399968996644,94,12
nystrom,32,fixed_5,Burgers,55,0,0.002288230083593899,0.0789616526557739,5,0.005225199973210692,130,12
nystrom,32,fixed_5,Burgers,55,1,0.0022999776834884563,0.0789616526557739,5,0.00714890006929636,130,12
nystrom,32,fixed_5,Burgers,55,2,0.002028733669520238,0.0789616526557739,5,0.005587100051343441,130,12
nystrom,32,fixed_5,Burgers,55,3,0.0022070719307213157,0.0789616526557739,5,0.007273999974131584,130,12
nystrom,32,fixed_5,Burgers,55,4,0.002255955751318471,0.0789616526557739,5,0.008548300014808774,130,12
nystrom,32,fixed_5,Burgers,56,0,0.004102758413405029,0.09228635643654069,5,0.0056865999940782785,126,12
nystrom,32,fixed_5,Burgers,56,1,0.004176981348941746,0.09228635643654069,5,0.004823400056920946,126,12
nystrom,32,fixed_5,Burgers,56,2,0.003546126264333156,0.09228635643654069,5,0.005011400091461837,126,12
nystrom,32,fixed_5,Burgers,56,3,0.0038359146650953843,0.09228635643654069,5,0.005329200066626072,126,12
nystrom,32,fixed_5,Burgers,56,4,0.0028947766663020846,0.09228635643654069,5,0.003331499989144504,126,12
nystrom,32,fixed_5,Burgers,58,0,0.0043250192247582045,0.014205395893809295,5,0.0049996000016108155,138,12
nystrom,32,fixed_5,Burgers,58,1,0.004197974580578087,0.014205395893809295,5,0.00596500001847744,138,12
nystrom,32,fixed_5,Burgers,58,2,0.0037196549894178634,0.014205395893809295,5,0.004814100102521479,138,12
nystrom,32,fixed_5,Burgers,58,3,0.003517206612942929,0.014205395893809295,5,0.00497230002656579,138,12
nystrom,32,fixed_5,Burgers,58,4,0.0039137315271129194,0.014205395893809295,5,0.004188999999314547,138,12
nystrom,32,fixed_5,Burgers,59,0,0.037584449203654245,0.021715011005310245,5,0.009606600040569901,144,12
nystrom,32,fixed_5,Burgers,59,1,0.039475847641715134,0.021715011005310245,5,0.0074742999859154224,144,12
nystrom,32,fixed_5,Burgers,59,2,0.03924611887617401,0.021715011005310245,5,0.005599600146524608,144,12
nystrom,32,fixed_5,Burgers,59,3,0.03994311221112544,0.021715011005310245,5,0.005979599896818399,144,12
nystrom,32,fixed_5,Burgers,59,4,0.04008344111064366,0.021715011005310245,5,0.006196600035764277,144,12
nystrom,32,fixed_5,Burgers,60,0,0.005564761730447933,0.09673677812460832,5,0.005470799980685115,140,12
nystrom,32,fixed_5,Burgers,60,1,0.004921944130213218,0.09673677812460832,5,0.005729599972255528,140,12
nystrom,32,fixed_5,Burgers,60,2,0.0038096881954589523,0.09673677812460832,5,0.005495100049301982,140,12
nystrom,32,fixed_5,Burgers,60,3,0.003858067369015801,0.09673677812460832,5,0.006188799976371229,140,12
nystrom,32,fixed_5,Burgers,60,4,0.00506776781240145,0.09673677812460832,5,0.0061781000113114715,140,12
nystrom,32,fixed_5,Burgers,62,0,0.007490571857735778,0.07110291928182814,5,0.006149500026367605,132,12
nystrom,32,fixed_5,Burgers,62,1,0.007808483542261387,0.07110291928182814,5,0.007740899920463562,132,12
nystrom,32,fixed_5,Burgers,62,2,0.008550596325861238,0.07110291928182814,5,0.006542100105434656,132,12
nystrom,32,fixed_5,Burgers,62,3,0.006298593382233208,0.07110291928182814,5,0.007129199919290841,132,12
nystrom,32,fixed_5,Burgers,62,4,0.0065439359792651705,0.07110291928182814,5,0.006140899960882962,132,12
nystrom,32,fixed_5,Burgers,64,0,0.014505442750091208,0.06994578374212969,5,0.004542200127616525,138,12
nystrom,32,fixed_5,Burgers,64,1,0.01607387085498193,0.06994578374212969,5,0.0068171999882906675,138,12
nystrom,32,fixed_5,Burgers,64,2,0.01509278495470199,0.06994578374212969,5,0.004831099999137223,138,12
nystrom,32,fixed_5,Burgers,64,3,0.014347890461870771,0.06994578374212969,5,0.00477949995547533,138,12
nystrom,32,fixed_5,Burgers,64,4,0.011649116638167627,0.06994578374212969,5,0.005997499916702509,138,12
nystrom,32,fixed_5,Burgers,65,0,0.00962264281472195,0.10054054391634194,5,0.008334900019690394,144,12
nystrom,32,fixed_5,Burgers,65,1,0.010263594582088304,0.10054054391634194,5,0.008418799960054457,144,12
nystrom,32,fixed_5,Burgers,65,2,0.009123234966317756,0.10054054391634194,5,0.008262299932539463,144,12
nystrom,32,fixed_5,Burgers,65,3,0.010296560691201362,0.10054054391634194,5,0.007557600154541433,144,12
nystrom,32,fixed_5,Burgers,65,4,0.009901815672836014,0.10054054391634194,5,0.00793099997099489,144,12
nystrom,32,fixed_5,Burgers,66,0,0.010745436241766491,0.08431587631193634,5,0.004170899977907538,138,12
nystrom,32,fixed_5,Burgers,66,1,0.011906330452963732,0.08431587631193634,5,0.0037623000098392367,138,12
nystrom,32,fixed_5,Burgers,66,2,0.011026090566922548,0.08431587631193634,5,0.0035143999848514795,138,12
nystrom,32,fixed_5,Burgers,66,3,0.010520054704500206,0.08431587631193634,5,0.00518269999884069,138,12
nystrom,32,fixed_5,Burgers,66,4,0.011767201545901718,0.08431587631193634,5,0.006208999897353351,138,12
nystrom,32,fixed_5,Burgers,67,0,0.040155105499304164,0.04202628008946151,5,0.006865200004540384,134,12
nystrom,32,fixed_5,Burgers,67,1,0.044109180542385155,0.04202628008946151,5,0.005433900048956275,134,12
nystrom,32,fixed_5,Burgers,67,2,0.044439929045342934,0.04202628008946151,5,0.005180500098504126,134,12
nystrom,32,fixed_5,Burgers,67,3,0.04055547423212268,0.04202628008946151,5,0.00605840003117919,134,12
nystrom,32,fixed_5,Burgers,67,4,0.04158029902043007,0.04202628008946151,5,0.007742200046777725,134,12
nystrom,32,fixed_5,Burgers,68,0,0.005925193585842134,0.20705105792545012,5,0.0056643999414518476,136,12
nystrom,32,fixed_5,Burgers,68,1,0.007045689617010419,0.20705105792545012,5,0.005651899962686002,136,12
nystrom,32,fixed_5,Burgers,68,2,0.004374404001075163,0.20705105792545012,5,0.004687199951149523,136,12
nystrom,32,fixed_5,Burgers,68,3,0.0057640345067438885,0.20705105792545012,5,0.004886799957603216,136,12
nystrom,32,fixed_5,Burgers,68,4,0.004643133819961462,0.20705105792545012,5,0.005081400042399764,136,12
nystrom,32,fixed_5,Burgers,69,0,0.0029392174326986187,0.05510791338425962,5,0.003527199965901673,132,12
nystrom,32,fixed_5,Burgers,69,1,0.0029628588050607083,0.05510791338425962,5,0.005729699973016977,132,12
nystrom,32,fixed_5,Burgers,69,2,0.002643639894490238,0.05510791338425962,5,0.00539750000461936,132,12
nystrom,32,fixed_5,Burgers,69,3,0.003916019720606245,0.05510791338425962,5,0.004927600035443902,132,12
nystrom,32,fixed_5,Burgers,69,4,0.003723588326151798,0.05510791338425962,5,0.006396599928848445,132,12
nystrom,32,adaptive,Allen-Cahn,75,0,6.298814892801792e-05,0.24478447346058754,1,0.0031849000370129943,86,4
nystrom,32,adaptive,Allen-Cahn,75,1,6.298581290413635e-05,0.24478447346058754,1,0.002702099969610572,86,4
nystrom,32,adaptive,Allen-Cahn,75,2,6.298481543016255e-05,0.24478447346058754,1,0.0032347000669687986,86,4
nystrom,32,adaptive,Allen-Cahn,75,3,6.298059906373069e-05,0.24478447346058754,1,0.0030611000256612897,86,4
nystrom,32,adaptive,Allen-Cahn,75,4,6.298547518602358e-05,0.24478447346058754,1,0.002141100005246699,86,4
nystrom,32,adaptive,Allen-Cahn,76,0,5.899062932142247e-05,0.1198920810829619,1,0.001796299940906465,90,4
nystrom,32,adaptive,Allen-Cahn,76,1,5.87975293227638e-05,0.1198920810829619,1,0.0016175999771803617,90,4
nystrom,32,adaptive,Allen-Cahn,76,2,5.880336365382952e-05,0.1198920810829619,1,0.0015546000795438886,90,4
nystrom,32,adaptive,Allen-Cahn,76,3,5.8903760234587734e-05,0.1198920810829619,1,0.0017911999020725489,90,4
nystrom,32,adaptive,Allen-Cahn,76,4,5.880642856561516e-05,0.1198920810829619,1,0.002466099918819964,90,4
nystrom,32,adaptive,Allen-Cahn,77,0,3.334470123232807e-05,0.39049687523095344,2,0.002219499903731048,94,6
nystrom,32,adaptive,Allen-Cahn,77,1,3.3369375183880584e-05,0.39049687523095344,2,0.0026694999542087317,94,6
nystrom,32,adaptive,Allen-Cahn,77,2,3.335416254991005e-05,0.39049687523095344,2,0.0032209999626502395,94,6
nystrom,32,adaptive,Allen-Cahn,77,3,3.334935800038025e-05,0.39049687523095344,2,0.001972600002773106,94,6
nystrom,32,adaptive,Allen-Cahn,77,4,3.3249689076937145e-05,0.39049687523095344,2,0.00437069998588413,94,6
nystrom,32,adaptive,Allen-Cahn,78,0,2.0713516457749108e-05,0.28167797695039015,1,0.0022143999813124537,92,4
nystrom,32,adaptive,Allen-Cahn,78,1,2.0714685923763052e-05,0.28167797695039015,1,0.0023523999843746424,92,4
nystrom,32,adaptive,Allen-Cahn,78,2,2.0419162434656307e-05,0.28167797695039015,1,0.0022824000334367156,92,4
nystrom,32,adaptive,Allen-Cahn,78,3,2.0711951817996506e-05,0.28167797695039015,1,0.0028379999566823244,92,4
nystrom,32,adaptive,Allen-Cahn,78,4,2.0720614875433065e-05,0.28167797695039015,1,0.0026317000156268477,92,4
nystrom,32,adaptive,Allen-Cahn,79,0,0.00012099964747586033,0.46672331054507077,1,0.005860899924300611,92,4
nystrom,32,adaptive,Allen-Cahn,79,1,0.00012095830489133385,0.46672331054507077,1,0.0049594000447541475,92,4
nystrom,32,adaptive,Allen-Cahn,79,2,0.00012087255202816678,0.46672331054507077,1,0.003478999948129058,92,4
nystrom,32,adaptive,Allen-Cahn,79,3,0.00012096029333811296,0.46672331054507077,1,0.003670100006274879,92,4
nystrom,32,adaptive,Allen-Cahn,79,4,0.00012105633970737132,0.46672331054507077,1,0.003080399939790368,92,4
nystrom,32,adaptive,Allen-Cahn,80,0,0.00015080228253664014,0.36626326604464865,1,0.0027107001515105367,88,4
nystrom,32,adaptive,Allen-Cahn,80,1,0.00015081558672840013,0.36626326604464865,1,0.001955999992787838,88,4
nystrom,32,adaptive,Allen-Cahn,80,2,0.00015082023254185537,0.36626326604464865,1,0.0025433999253436923,88,4
nystrom,32,adaptive,Allen-Cahn,80,3,0.00015081782331726948,0.36626326604464865,1,0.0034223999828100204,88,4
nystrom,32,adaptive,Allen-Cahn,80,4,0.00015069239497340225,0.36626326604464865,1,0.00255730003118515,88,4
nystrom,32,adaptive,Allen-Cahn,82,0,0.0011015780398425186,0.15552413475285662,1,0.002658999990671873,96,4
nystrom,32,adaptive,Allen-Cahn,82,1,0.0011015912761127068,0.15552413475285662,1,0.001907199970446527,96,4
nystrom,32,adaptive,Allen-Cahn,82,2,0.0011016922258098095,0.15552413475285662,1,0.002526800031773746,96,4
nystrom,32,adaptive,Allen-Cahn,82,3,0.0011015873065640552,0.15552413475285662,1,0.0018296999623999,96,4
nystrom,32,adaptive,Allen-Cahn,82,4,0.0011010787793497572,0.15552413475285662,1,0.0018973000114783645,96,4
nystrom,32,adaptive,Allen-Cahn,83,0,5.399293435228222e-05,0.21819187736901235,2,0.002729700063355267,88,6
nystrom,32,adaptive,Allen-Cahn,83,1,5.399206813340866e-05,0.21819187736901235,2,0.002186400000937283,88,6
nystrom,32,adaptive,Allen-Cahn,83,2,5.399436898666864e-05,0.21819187736901235,2,0.0016699000261723995,88,6
nystrom,32,adaptive,Allen-Cahn,83,3,5.3992344451136594e-05,0.21819187736901235,2,0.0022032998967915773,88,6
nystrom,32,adaptive,Allen-Cahn,83,4,5.3992011753051014e-05,0.21819187736901235,2,0.00256759999319911,88,6
nystrom,32,adaptive,Allen-Cahn,84,0,7.675806196699593e-05,0.2785667026014691,3,0.00183750013820827,94,8
nystrom,32,adaptive,Allen-Cahn,84,1,7.672131381795961e-05,0.2785667026014691,3,0.0022754999808967113,94,8
nystrom,32,adaptive,Allen-Cahn,84,2,7.677777014902732e-05,0.2785667026014691,3,0.0019400999881327152,94,8
nystrom,32,adaptive,Allen-Cahn,84,3,7.677623050983907e-05,0.2785667026014691,3,0.0022875999566167593,94,8
nystrom,32,adaptive,Allen-Cahn,84,4,7.682142253609936e-05,0.2785667026014691,3,0.00380319997202605,94,8
nystrom,32,adaptive,Burgers,55,0,0.002288230083593899,0.0789616526557739,5,0.005225199973210692,130,12
nystrom,32,adaptive,Burgers,55,1,0.0022999776834884563,0.0789616526557739,5,0.00714890006929636,130,12
nystrom,32,adaptive,Burgers,55,2,0.002028733669520238,0.0789616526557739,5,0.005587100051343441,130,12
nystrom,32,adaptive,Burgers,55,3,0.0022070719307213157,0.0789616526557739,5,0.007273999974131584,130,12
nystrom,32,adaptive,Burgers,55,4,0.002255955751318471,0.0789616526557739,5,0.008548300014808774,130,12
nystrom,32,adaptive,Burgers,56,0,0.004102758413405029,0.09228635643654069,5,0.0056865999940782785,126,12
nystrom,32,adaptive,Burgers,56,1,0.004176981348941746,0.09228635643654069,5,0.004823400056920946,126,12
nystrom,32,adaptive,Burgers,56,2,0.003546126264333156,0.09228635643654069,5,0.005011400091461837,126,12
nystrom,32,adaptive,Burgers,56,3,0.0038359146650953843,0.09228635643654069,5,0.005329200066626072,126,12
nystrom,32,adaptive,Burgers,56,4,0.0028947766663020846,0.09228635643654069,5,0.003331499989144504,126,12
nystrom,32,adaptive,Burgers,58,0,0.0043250192247582045,0.014205395893809295,5,0.0049996000016108155,138,12
nystrom,32,adaptive,Burgers,58,1,0.004197974580578087,0.014205395893809295,5,0.00596500001847744,138,12
nystrom,32,adaptive,Burgers,58,2,0.0037196549894178634,0.014205395893809295,5,0.004814100102521479,138,12
nystrom,32,adaptive,Burgers,58,3,0.003517206612942929,0.014205395893809295,5,0.00497230002656579,138,12
nystrom,32,adaptive,Burgers,58,4,0.0039137315271129194,0.014205395893809295,5,0.004188999999314547,138,12
nystrom,32,adaptive,Burgers,59,0,0.037584449203654245,0.021715011005310245,5,0.009606600040569901,144,12
nystrom,32,adaptive,Burgers,59,1,0.039475847641715134,0.021715011005310245,5,0.0074742999859154224,144,12
nystrom,32,adaptive,Burgers,59,2,0.03924611887617401,0.021715011005310245,5,0.005599600146524608,144,12
nystrom,32,adaptive,Burgers,59,3,0.03994311221112544,0.021715011005310245,5,0.005979599896818399,144,12
nystrom,32,adaptive,Burgers,59,4,0.04008344111064366,0.021715011005310245,5,0.006196600035764277,144,12
nystrom,32,adaptive,Burgers,60,0,0.005564761730447933,0.09673677812460832,5,0.005470799980685115,140,12
nystrom,32,adaptive,Burgers,60,1,0.004921944130213218,0.09673677812460832,5,0.005729599972255528,140,12
nystrom,32,adaptive,Burgers,60,2,0.0038096881954589523,0.09673677812460832,5,0.005495100049301982,140,12
nystrom,32,adaptive,Burgers,60,3,0.003858067369015801,0.09673677812460832,5,0.006188799976371229,140,12
nystrom,32,adaptive,Burgers,60,4,0.00506776781240145,0.09673677812460832,5,0.0061781000113114715,140,12
nystrom,32,adaptive,Burgers,62,0,0.007490571857735778,0.07110291928182814,5,0.006149500026367605,132,12
nystrom,32,adaptive,Burgers,62,1,0.007808483542261387,0.07110291928182814,5,0.007740899920463562,132,12
nystrom,32,adaptive,Burgers,62,2,0.008550596325861238,0.07110291928182814,5,0.006542100105434656,132,12
nystrom,32,adaptive,Burgers,62,3,0.006298593382233208,0.07110291928182814,5,0.007129199919290841,132,12
nystrom,32,adaptive,Burgers,62,4,0.0065439359792651705,0.07110291928182814,5,0.006140899960882962,132,12
nystrom,32,adaptive,Burgers,64,0,0.014505442750091208,0.06994578374212969,5,0.004542200127616525,138,12
nystrom,32,adaptive,Burgers,64,1,0.01607387085498193,0.06994578374212969,5,0.0068171999882906675,138,12
nystrom,32,adaptive,Burgers,64,2,0.01509278495470199,0.06994578374212969,5,0.004831099999137223,138,12
nystrom,32,adaptive,Burgers,64,3,0.014347890461870771,0.06994578374212969,5,0.00477949995547533,138,12
nystrom,32,adaptive,Burgers,64,4,0.011649116638167627,0.06994578374212969,5,0.005997499916702509,138,12
nystrom,32,adaptive,Burgers,65,0,0.00962264281472195,0.10054054391634194,5,0.008334900019690394,144,12
nystrom,32,adaptive,Burgers,65,1,0.010263594582088304,0.10054054391634194,5,0.008418799960054457,144,12
nystrom,32,adaptive,Burgers,65,2,0.009123234966317756,0.10054054391634194,5,0.008262299932539463,144,12
nystrom,32,adaptive,Burgers,65,3,0.010296560691201362,0.10054054391634194,5,0.007557600154541433,144,12
nystrom,32,adaptive,Burgers,65,4,0.009901815672836014,0.10054054391634194,5,0.00793099997099489,144,12
nystrom,32,adaptive,Burgers,66,0,0.010745436241766491,0.08431587631193634,5,0.004170899977907538,138,12
nystrom,32,adaptive,Burgers,66,1,0.011906330452963732,0.08431587631193634,5,0.0037623000098392367,138,12
nystrom,32,adaptive,Burgers,66,2,0.011026090566922548,0.08431587631193634,5,0.0035143999848514795,138,12
nystrom,32,adaptive,Burgers,66,3,0.010520054704500206,0.08431587631193634,5,0.00518269999884069,138,12
nystrom,32,adaptive,Burgers,66,4,0.011767201545901718,0.08431587631193634,5,0.006208999897353351,138,12
nystrom,32,adaptive,Burgers,67,0,0.040155105499304164,0.04202628008946151,5,0.006865200004540384,134,12
nystrom,32,adaptive,Burgers,67,1,0.044109180542385155,0.04202628008946151,5,0.005433900048956275,134,12
nystrom,32,adaptive,Burgers,67,2,0.044439929045342934,0.04202628008946151,5,0.005180500098504126,134,12
nystrom,32,adaptive,Burgers,67,3,0.04055547423212268,0.04202628008946151,5,0.00605840003117919,134,12
nystrom,32,adaptive,Burgers,67,4,0.04158029902043007,0.04202628008946151,5,0.007742200046777725,134,12
nystrom,32,adaptive,Burgers,68,0,0.005925193585842134,0.20705105792545012,5,0.0056643999414518476,136,12
nystrom,32,adaptive,Burgers,68,1,0.007045689617010419,0.20705105792545012,5,0.005651899962686002,136,12
nystrom,32,adaptive,Burgers,68,2,0.004374404001075163,0.20705105792545012,5,0.004687199951149523,136,12
nystrom,32,adaptive,Burgers,68,3,0.0057640345067438885,0.20705105792545012,5,0.004886799957603216,136,12
nystrom,32,adaptive,Burgers,68,4,0.004643133819961462,0.20705105792545012,5,0.005081400042399764,136,12
nystrom,32,adaptive,Burgers,69,0,0.0029392174326986187,0.05510791338425962,5,0.003527199965901673,132,12
nystrom,32,adaptive,Burgers,69,1,0.0029628588050607083,0.05510791338425962,5,0.005729699973016977,132,12
nystrom,32,adaptive,Burgers,69,2,0.002643639894490238,0.05510791338425962,5,0.00539750000461936,132,12
nystrom,32,adaptive,Burgers,69,3,0.003916019720606245,0.05510791338425962,5,0.004927600035443902,132,12
nystrom,32,adaptive,Burgers,69,4,0.003723588326151798,0.05510791338425962,5,0.006396599928848445,132,12
recycled_ritz,4,fixed_0,Allen-Cahn,75,,0.0016478256462796122,0.24478447346058754,0,0.0028575999895110726,54,2
recycled_ritz,4,fixed_0,Allen-Cahn,76,,0.0029112783478400343,0.1198920810829619,0,0.0024560000747442245,58,2
recycled_ritz,4,fixed_0,Allen-Cahn,77,,0.009332942350835987,0.39049687523095344,0,0.002651799935847521,62,2
recycled_ritz,4,fixed_0,Allen-Cahn,78,,0.0014656584046046973,0.28167797695039015,0,0.0014666999923065305,60,2
recycled_ritz,4,fixed_0,Allen-Cahn,79,,0.002874415417360489,0.46672331054507077,0,0.00263440003618598,60,2
recycled_ritz,4,fixed_0,Allen-Cahn,80,,0.0070305010990798274,0.36626326604464865,0,0.0021823999704793096,56,2
recycled_ritz,4,fixed_0,Allen-Cahn,82,,0.00922279983554665,0.15552413475285662,0,0.002190799918025732,64,2
recycled_ritz,4,fixed_0,Allen-Cahn,83,,0.01294269891373847,0.21819187736901235,0,0.0020080000394955277,56,2
recycled_ritz,4,fixed_0,Allen-Cahn,84,,0.0541163837140787,0.2785667026014691,0,0.0018281000666320324,62,2
recycled_ritz,4,fixed_0,Burgers,55,,0.010072710497280481,0.0789616526557739,0,0.004079399979673326,98,2
recycled_ritz,4,fixed_0,Burgers,56,,0.03212017968931063,0.09228635643654069,0,0.002841399982571602,94,2
recycled_ritz,4,fixed_0,Burgers,58,,0.010509167972881582,0.014205395893809295,0,0.0036585000343620777,106,2
recycled_ritz,4,fixed_0,Burgers,59,,0.0599441488213702,0.021715011005310245,0,0.004948599962517619,112,2
recycled_ritz,4,fixed_0,Burgers,60,,0.008626625357286847,0.09673677812460832,0,0.004771200008690357,108,2
recycled_ritz,4,fixed_0,Burgers,62,,0.019904348631842532,0.07110291928182814,0,0.006862199981696904,100,2
recycled_ritz,4,fixed_0,Burgers,64,,0.047850171755864784,0.06994578374212969,0,0.0053703999146819115,106,2
recycled_ritz,4,fixed_0,Burgers,65,,0.018898221195743272,0.10054054391634194,0,0.006575800012797117,112,2
recycled_ritz,4,fixed_0,Burgers,66,,0.022436324952560146,0.08431587631193634,0,0.005053500062786043,106,2
recycled_ritz,4,fixed_0,Burgers,67,,0.0820673815922296,0.04202628008946151,0,0.005227699992246926,102,2
recycled_ritz,4,fixed_0,Burgers,68,,0.01358726894184347,0.20705105792545012,0,0.003945400123484433,104,2
recycled_ritz,4,fixed_0,Burgers,69,,0.019567153664671055,0.05510791338425962,0,0.006863299990072846,100,2
recycled_ritz,4,fixed_1,Allen-Cahn,75,,0.0015474340699408997,0.24478447346058754,1,0.0029218000127002597,54,4
recycled_ritz,4,fixed_1,Allen-Cahn,76,,0.0029018259957120634,0.1198920810829619,1,0.002540100016631186,58,4
recycled_ritz,4,fixed_1,Allen-Cahn,77,,0.009260079322516634,0.39049687523095344,1,0.0027344999834895134,62,4
recycled_ritz,4,fixed_1,Allen-Cahn,78,,0.0014342257156188026,0.28167797695039015,1,0.001512399991042912,60,4
recycled_ritz,4,fixed_1,Allen-Cahn,79,,0.002652648588140793,0.46672331054507077,1,0.0028050000546500087,60,4
recycled_ritz,4,fixed_1,Allen-Cahn,80,,0.00693493580039904,0.36626326604464865,1,0.002292299992404878,56,4
recycled_ritz,4,fixed_1,Allen-Cahn,82,,0.008591294903933363,0.15552413475285662,1,0.0022381999297067523,64,4
recycled_ritz,4,fixed_1,Allen-Cahn,83,,0.012849185830620443,0.21819187736901235,1,0.0020697000436484814,56,4
recycled_ritz,4,fixed_1,Allen-Cahn,84,,0.054017706074292515,0.2785667026014691,1,0.0018760000821202993,62,4
recycled_ritz,4,fixed_1,Burgers,55,,0.009584585605385349,0.0789616526557739,1,0.004190899897366762,98,4
recycled_ritz,4,fixed_1,Burgers,56,,0.03200401182745853,0.09228635643654069,1,0.002891100011765957,94,4
recycled_ritz,4,fixed_1,Burgers,58,,0.010213297675448544,0.014205395893809295,1,0.0037061000475659966,106,4
recycled_ritz,4,fixed_1,Burgers,59,,0.058556711605658104,0.021715011005310245,1,0.005017200019210577,112,4
recycled_ritz,4,fixed_1,Burgers,60,,0.0076514102434992156,0.09673677812460832,1,0.004829199984669685,108,4
recycled_ritz,4,fixed_1,Burgers,62,,0.019359586966919518,0.07110291928182814,1,0.007041399949230254,100,4
recycled_ritz,4,fixed_1,Burgers,64,,0.04765146377945327,0.06994578374212969,1,0.005459400010295212,106,4
recycled_ritz,4,fixed_1,Burgers,65,,0.01831704767732149,0.10054054391634194,1,0.0066386000253260136,112,4
recycled_ritz,4,fixed_1,Burgers,66,,0.022174353066347647,0.08431587631193634,1,0.0051398000214248896,106,4
recycled_ritz,4,fixed_1,Burgers,67,,0.08142304235779563,0.04202628008946151,1,0.005291100009344518,102,4
recycled_ritz,4,fixed_1,Burgers,68,,0.013182758814130975,0.20705105792545012,1,0.004033900098875165,104,4
recycled_ritz,4,fixed_1,Burgers,69,,0.019492965447148066,0.05510791338425962,1,0.006965699954889715,100,4
recycled_ritz,4,fixed_3,Allen-Cahn,75,,0.0015107385210967278,0.24478447346058754,3,0.00303569994866848,54,8
recycled_ritz,4,fixed_3,Allen-Cahn,76,,0.0028627747533062444,0.1198920810829619,3,0.00268909998703748,58,8
recycled_ritz,4,fixed_3,Allen-Cahn,77,,0.009158085424412862,0.39049687523095344,3,0.0028811999363824725,62,8
recycled_ritz,4,fixed_3,Allen-Cahn,78,,0.0013966822670969247,0.28167797695039015,3,0.001589899999089539,60,8
recycled_ritz,4,fixed_3,Allen-Cahn,79,,0.002560708668392132,0.46672331054507077,3,0.0030478000408038497,60,8
recycled_ritz,4,fixed_3,Allen-Cahn,80,,0.006588695145493138,0.36626326604464865,3,0.002465000026859343,56,8
recycled_ritz,4,fixed_3,Allen-Cahn,82,,0.008213892410255557,0.15552413475285662,3,0.002315299934707582,64,8
recycled_ritz,4,fixed_3,Allen-Cahn,83,,0.012732817741315268,0.21819187736901235,3,0.002168899984098971,56,8
recycled_ritz,4,fixed_3,Allen-Cahn,84,,0.053680002878187354,0.2785667026014691,3,0.0019543999806046486,62,8
recycled_ritz,4,fixed_3,Burgers,55,,0.008075630771155909,0.0789616526557739,3,0.004389199893921614,98,8
recycled_ritz,4,fixed_3,Burgers,56,,0.03150853308924671,0.09228635643654069,3,0.0029700000304728746,94,8
recycled_ritz,4,fixed_3,Burgers,58,,0.009880724443940864,0.014205395893809295,3,0.003786599962040782,106,8
recycled_ritz,4,fixed_3,Burgers,59,,0.05768866781931341,0.021715011005310245,3,0.005164099973626435,112,8
recycled_ritz,4,fixed_3,Burgers,60,,0.007058903968839944,0.09673677812460832,3,0.0049452000530436635,108,8
recycled_ritz,4,fixed_3,Burgers,62,,0.01892263074806302,0.07110291928182814,3,0.007422799943014979,100,8
recycled_ritz,4,fixed_3,Burgers,64,,0.046236806613723154,0.06994578374212969,3,0.0055945999920368195,106,8
recycled_ritz,4,fixed_3,Burgers,65,,0.017769046070500637,0.10054054391634194,3,0.006742099998518825,112,8
recycled_ritz,4,fixed_3,Burgers,66,,0.02201574601599629,0.08431587631193634,3,0.005293000023812056,106,8
recycled_ritz,4,fixed_3,Burgers,67,,0.07929778270605937,0.04202628008946151,3,0.0053931999718770385,102,8
recycled_ritz,4,fixed_3,Burgers,68,,0.012630322843900092,0.20705105792545012,3,0.004199700080789626,104,8
recycled_ritz,4,fixed_3,Burgers,69,,0.019234805160293116,0.05510791338425962,3,0.007147399941459298,100,8
recycled_ritz,4,fixed_5,Allen-Cahn,75,,0.0014197352760977604,0.24478447346058754,5,0.003134200000204146,54,12
recycled_ritz,4,fixed_5,Allen-Cahn,76,,0.0028381832185732925,0.1198920810829619,5,0.0028198000509291887,58,12
recycled_ritz,4,fixed_5,Allen-Cahn,77,,0.008993621373637219,0.39049687523095344,5,0.0030266999965533614,62,12
recycled_ritz,4,fixed_5,Allen-Cahn,78,,0.0013001924705853775,0.28167797695039015,5,0.0016657999949529767,60,12
recycled_ritz,4,fixed_5,Allen-Cahn,79,,0.0025022544377563552,0.46672331054507077,5,0.0033854999346658587,60,12
recycled_ritz,4,fixed_5,Allen-Cahn,80,,0.006443877147819361,0.36626326604464865,5,0.002638600068166852,56,12
recycled_ritz,4,fixed_5,Allen-Cahn,82,,0.00813193955020351,0.15552413475285662,5,0.002390099922195077,64,12
recycled_ritz,4,fixed_5,Allen-Cahn,83,,0.011641772461454413,0.21819187736901235,5,0.0023407000117003918,56,12
recycled_ritz,4,fixed_5,Allen-Cahn,84,,0.05260587622620597,0.2785667026014691,5,0.002030799980275333,62,12
recycled_ritz,4,fixed_5,Burgers,55,,0.007218084236236024,0.0789616526557739,5,0.004581899964250624,98,12
recycled_ritz,4,fixed_5,Burgers,56,,0.030556339878830517,0.09228635643654069,5,0.003048399928957224,94,12
recycled_ritz,4,fixed_5,Burgers,58,,0.009678103500307607,0.014205395893809295,5,0.003864099970087409,106,12
recycled_ritz,4,fixed_5,Burgers,59,,0.05717086872825616,0.021715011005310245,5,0.00530560000333935,112,12
recycled_ritz,4,fixed_5,Burgers,60,,0.006755468517852697,0.09673677812460832,5,0.005054899957031012,108,12
recycled_ritz,4,fixed_5,Burgers,62,,0.01775644580400087,0.07110291928182814,5,0.007570500019937754,100,12
recycled_ritz,4,fixed_5,Burgers,64,,0.0450445566995908,0.06994578374212969,5,0.005674499901942909,106,12
recycled_ritz,4,fixed_5,Burgers,65,,0.017435188375508934,0.10054054391634194,5,0.00684489996638149,112,12
recycled_ritz,4,fixed_5,Burgers,66,,0.021746185471503053,0.08431587631193634,5,0.005443900008685887,106,12
recycled_ritz,4,fixed_5,Burgers,67,,0.07848250575190226,0.04202628008946151,5,0.00549540005158633,102,12
recycled_ritz,4,fixed_5,Burgers,68,,0.012291388851042294,0.20705105792545012,5,0.0043517000740394,104,12
recycled_ritz,4,fixed_5,Burgers,69,,0.018972940962607775,0.05510791338425962,5,0.007327200029976666,100,12
recycled_ritz,4,adaptive,Allen-Cahn,75,,0.0014197352760977604,0.24478447346058754,5,0.003134200000204146,54,12
recycled_ritz,4,adaptive,Allen-Cahn,76,,0.0028381832185732925,0.1198920810829619,5,0.0028198000509291887,58,12
recycled_ritz,4,adaptive,Allen-Cahn,77,,0.008993621373637219,0.39049687523095344,5,0.0030266999965533614,62,12
recycled_ritz,4,adaptive,Allen-Cahn,78,,0.0013001924705853775,0.28167797695039015,5,0.0016657999949529767,60,12
recycled_ritz,4,adaptive,Allen-Cahn,79,,0.0025022544377563552,0.46672331054507077,5,0.0033854999346658587,60,12
recycled_ritz,4,adaptive,Allen-Cahn,80,,0.006443877147819361,0.36626326604464865,5,0.002638600068166852,56,12
recycled_ritz,4,adaptive,Allen-Cahn,82,,0.00813193955020351,0.15552413475285662,5,0.002390099922195077,64,12
recycled_ritz,4,adaptive,Allen-Cahn,83,,0.011641772461454413,0.21819187736901235,5,0.0023407000117003918,56,12
recycled_ritz,4,adaptive,Allen-Cahn,84,,0.05260587622620597,0.2785667026014691,5,0.002030799980275333,62,12
recycled_ritz,4,adaptive,Burgers,55,,0.007218084236236024,0.0789616526557739,5,0.004581899964250624,98,12
recycled_ritz,4,adaptive,Burgers,56,,0.030556339878830517,0.09228635643654069,5,0.003048399928957224,94,12
recycled_ritz,4,adaptive,Burgers,58,,0.009678103500307607,0.014205395893809295,5,0.003864099970087409,106,12
recycled_ritz,4,adaptive,Burgers,59,,0.05717086872825616,0.021715011005310245,5,0.00530560000333935,112,12
recycled_ritz,4,adaptive,Burgers,60,,0.006755468517852697,0.09673677812460832,5,0.005054899957031012,108,12
recycled_ritz,4,adaptive,Burgers,62,,0.01775644580400087,0.07110291928182814,5,0.007570500019937754,100,12
recycled_ritz,4,adaptive,Burgers,64,,0.0450445566995908,0.06994578374212969,5,0.005674499901942909,106,12
recycled_ritz,4,adaptive,Burgers,65,,0.017435188375508934,0.10054054391634194,5,0.00684489996638149,112,12
recycled_ritz,4,adaptive,Burgers,66,,0.021746185471503053,0.08431587631193634,5,0.005443900008685887,106,12
recycled_ritz,4,adaptive,Burgers,67,,0.07848250575190226,0.04202628008946151,5,0.00549540005158633,102,12
recycled_ritz,4,adaptive,Burgers,68,,0.012291388851042294,0.20705105792545012,5,0.0043517000740394,104,12
recycled_ritz,4,adaptive,Burgers,69,,0.018972940962607775,0.05510791338425962,5,0.007327200029976666,100,12
recycled_ritz,8,fixed_0,Allen-Cahn,75,,0.0016478256462796122,0.24478447346058754,0,0.00266850006300956,54,2
recycled_ritz,8,fixed_0,Allen-Cahn,76,,0.0029112783478400343,0.1198920810829619,0,0.001355700078420341,58,2
recycled_ritz,8,fixed_0,Allen-Cahn,77,,0.009332942350835987,0.39049687523095344,0,0.001644299947656691,62,2
recycled_ritz,8,fixed_0,Allen-Cahn,78,,0.0014656584046046973,0.28167797695039015,0,0.0024219000479206443,60,2
recycled_ritz,8,fixed_0,Allen-Cahn,79,,0.002874415417360489,0.46672331054507077,0,0.0032428998965770006,60,2
recycled_ritz,8,fixed_0,Allen-Cahn,80,,0.0070305010990798274,0.36626326604464865,0,0.0028150000143796206,56,2
recycled_ritz,8,fixed_0,Allen-Cahn,82,,0.00922279983554665,0.15552413475285662,0,0.00242130015976727,64,2
recycled_ritz,8,fixed_0,Allen-Cahn,83,,0.01294269891373847,0.21819187736901235,0,0.0021491999505087733,56,2
recycled_ritz,8,fixed_0,Allen-Cahn,84,,0.0541163837140787,0.2785667026014691,0,0.002605099929496646,62,2
recycled_ritz,8,fixed_0,Burgers,55,,0.010072710497280481,0.0789616526557739,0,0.006375999888405204,98,2
recycled_ritz,8,fixed_0,Burgers,56,,0.03212017968931063,0.09228635643654069,0,0.0041513999458402395,94,2
recycled_ritz,8,fixed_0,Burgers,58,,0.010509167972881582,0.014205395893809295,0,0.0048717999598011374,106,2
recycled_ritz,8,fixed_0,Burgers,59,,0.0599441488213702,0.021715011005310245,0,0.00482849997933954,112,2
recycled_ritz,8,fixed_0,Burgers,60,,0.008626625357286847,0.09673677812460832,0,0.005067099933512509,108,2
recycled_ritz,8,fixed_0,Burgers,62,,0.019904348631842532,0.07110291928182814,0,0.007440099958330393,100,2
recycled_ritz,8,fixed_0,Burgers,64,,0.047850171755864784,0.06994578374212969,0,0.004831099999137223,106,2
recycled_ritz,8,fixed_0,Burgers,65,,0.018898221195743272,0.10054054391634194,0,0.0073099000146612525,112,2
recycled_ritz,8,fixed_0,Burgers,66,,0.022436324952560146,0.08431587631193634,0,0.004488499951548874,106,2
recycled_ritz,8,fixed_0,Burgers,67,,0.0820673815922296,0.04202628008946151,0,0.005371399922296405,102,2
recycled_ritz,8,fixed_0,Burgers,68,,0.01358726894184347,0.20705105792545012,0,0.004316300037316978,104,2
recycled_ritz,8,fixed_0,Burgers,69,,0.019567153664671055,0.05510791338425962,0,0.004619100014679134,100,2
recycled_ritz,8,fixed_1,Allen-Cahn,75,,0.001603338851837209,0.24478447346058754,1,0.0027760000666603446,54,4
recycled_ritz,8,fixed_1,Allen-Cahn,76,,0.0028620190585554664,0.1198920810829619,1,0.0014000000664964318,58,4
recycled_ritz,8,fixed_1,Allen-Cahn,77,,0.009188589295926006,0.39049687523095344,1,0.0017288000090047717,62,4
recycled_ritz,8,fixed_1,Allen-Cahn,78,,0.0013655515949260943,0.28167797695039015,1,0.0024980000453069806,60,4
recycled_ritz,8,fixed_1,Allen-Cahn,79,,0.0027834113195244338,0.46672331054507077,1,0.0033416999503970146,60,4
recycled_ritz,8,fixed_1,Allen-Cahn,80,,0.006696239104387233,0.36626326604464865,1,0.0029233000241219997,56,4
recycled_ritz,8,fixed_1,Allen-Cahn,82,,0.008454365443591268,0.15552413475285662,1,0.0024850001791492105,64,4
recycled_ritz,8,fixed_1,Allen-Cahn,83,,0.012496454974726751,0.21819187736901235,1,0.002236599917523563,56,4
recycled_ritz,8,fixed_1,Allen-Cahn,84,,0.05348780059654447,0.2785667026014691,1,0.002789999940432608,62,4
recycled_ritz,8,fixed_1,Burgers,55,,0.008703285382668518,0.0789616526557739,1,0.006492199958302081,98,4
recycled_ritz,8,fixed_1,Burgers,56,,0.031601597002552724,0.09228635643654069,1,0.0042363000102341175,94,4
recycled_ritz,8,fixed_1,Burgers,58,,0.01017051721987833,0.014205395893809295,1,0.0049211999867111444,106,4
recycled_ritz,8,fixed_1,Burgers,59,,0.05933886512904603,0.021715011005310245,1,0.00487750000320375,112,4
recycled_ritz,8,fixed_1,Burgers,60,,0.008291918856855653,0.09673677812460832,1,0.005111999926157296,108,4
recycled_ritz,8,fixed_1,Burgers,62,,0.019194007289039656,0.07110291928182814,1,0.007719999877735972,100,4
recycled_ritz,8,fixed_1,Burgers,64,,0.04673889601861027,0.06994578374212969,1,0.004950699978508055,106,4
recycled_ritz,8,fixed_1,Burgers,65,,0.018362147704701813,0.10054054391634194,1,0.007423100061714649,112,4
recycled_ritz,8,fixed_1,Burgers,66,,0.02227340021999546,0.08431587631193634,1,0.004537099972367287,106,4
recycled_ritz,8,fixed_1,Burgers,67,,0.08060715598330868,0.04202628008946151,1,0.005432999925687909,102,4
recycled_ritz,8,fixed_1,Burgers,68,,0.012975184081817649,0.20705105792545012,1,0.004365900065749884,104,4
recycled_ritz,8,fixed_1,Burgers,69,,0.019288978413203997,0.05510791338425962,1,0.004731499939225614,100,4
recycled_ritz,8,fixed_3,Allen-Cahn,75,,0.0014251453344409255,0.24478447346058754,3,0.0029670000076293945,54,8
recycled_ritz,8,fixed_3,Allen-Cahn,76,,0.0027340523860101616,0.1198920810829619,3,0.0014779000775888562,58,8
recycled_ritz,8,fixed_3,Allen-Cahn,77,,0.008867780858545593,0.39049687523095344,3,0.0018757999641820788,62,8
recycled_ritz,8,fixed_3,Allen-Cahn,78,,0.00131276923358098,0.28167797695039015,3,0.002630300121381879,60,8
recycled_ritz,8,fixed_3,Allen-Cahn,79,,0.002671831919207391,0.46672331054507077,3,0.003528099972754717,60,8
recycled_ritz,8,fixed_3,Allen-Cahn,80,,0.0063235356352849175,0.36626326604464865,3,0.0031171999871730804,56,8
recycled_ritz,8,fixed_3,Allen-Cahn,82,,0.007923239647085488,0.15552413475285662,3,0.002578300191089511,64,8
recycled_ritz,8,fixed_3,Allen-Cahn,83,,0.011286684822632719,0.21819187736901235,3,0.002353499992750585,56,8
recycled_ritz,8,fixed_3,Allen-Cahn,84,,0.05203707760435464,0.2785667026014691,3,0.002948199980892241,62,8
recycled_ritz,8,fixed_3,Burgers,55,,0.007062677088069783,0.0789616526557739,3,0.0066964998841285706,98,8
recycled_ritz,8,fixed_3,Burgers,56,,0.030563854889465097,0.09228635643654069,3,0.004372800001874566,94,8
recycled_ritz,8,fixed_3,Burgers,58,,0.009754209174956016,0.014205395893809295,3,0.005002299905754626,106,8
recycled_ritz,8,fixed_3,Burgers,59,,0.057870083928914746,0.021715011005310245,3,0.004956900025717914,112,8
recycled_ritz,8,fixed_3,Burgers,60,,0.007715221204979079,0.09673677812460832,3,0.005306300008669496,108,8
recycled_ritz,8,fixed_3,Burgers,62,,0.017772030845501233,0.07110291928182814,3,0.00797389994841069,100,8
recycled_ritz,8,fixed_3,Burgers,64,,0.04482803368320443,0.06994578374212969,3,0.005166899994947016,106,8
recycled_ritz,8,fixed_3,Burgers,65,,0.017781201272304047,0.10054054391634194,3,0.007630900014191866,112,8
recycled_ritz,8,fixed_3,Burgers,66,,0.02180695585590172,0.08431587631193634,3,0.004630599985830486,106,8
recycled_ritz,8,fixed_3,Burgers,67,,0.07890260275148815,0.04202628008946151,3,0.005533299990929663,102,8
recycled_ritz,8,fixed_3,Burgers,68,,0.011765658200295093,0.20705105792545012,3,0.004449600004591048,104,8
recycled_ritz,8,fixed_3,Burgers,69,,0.018866832005051886,0.05510791338425962,3,0.0049079000018537045,100,8
recycled_ritz,8,fixed_5,Allen-Cahn,75,,0.001148986380794209,0.24478447346058754,5,0.003153200028464198,54,12
recycled_ritz,8,fixed_5,Allen-Cahn,76,,0.002231439972443518,0.1198920810829619,5,0.00155440007802099,58,12
recycled_ritz,8,fixed_5,Allen-Cahn,77,,0.008494788636628467,0.39049687523095344,5,0.0020358000183477998,62,12
recycled_ritz,8,fixed_5,Allen-Cahn,78,,0.0011245311336911248,0.28167797695039015,5,0.002781400107778609,60,12
recycled_ritz,8,fixed_5,Allen-Cahn,79,,0.0024337108762214673,0.46672331054507077,5,0.0037015998968854547,60,12
recycled_ritz,8,fixed_5,Allen-Cahn,80,,0.004621811300425388,0.36626326604464865,5,0.0033077000407502055,56,12
recycled_ritz,8,fixed_5,Allen-Cahn,82,,0.006450907288646667,0.15552413475285662,5,0.0026742001064121723,64,12
recycled_ritz,8,fixed_5,Allen-Cahn,83,,0.005907271644938166,0.21819187736901235,5,0.0024332000175490975,56,12
recycled_ritz,8,fixed_5,Allen-Cahn,84,,0.050664255941609664,0.2785667026014691,5,0.0031393999233841896,62,12
recycled_ritz,8,fixed_5,Burgers,55,,0.006391324437302031,0.0789616526557739,5,0.006902399938553572,98,12
recycled_ritz,8,fixed_5,Burgers,56,,0.02930844659355064,0.09228635643654069,5,0.004510099999606609,94,12
recycled_ritz,8,fixed_5,Burgers,58,,0.009269717916417758,0.014205395893809295,5,0.00508179992903024,106,12
recycled_ritz,8,fixed_5,Burgers,59,,0.05539734323117221,0.021715011005310245,5,0.005034400033764541,112,12
recycled_ritz,8,fixed_5,Burgers,60,,0.006886966500174973,0.09673677812460832,5,0.005496199941262603,108,12
recycled_ritz,8,fixed_5,Burgers,62,,0.015542635744462404,0.07110291928182814,5,0.008187399944290519,100,12
recycled_ritz,8,fixed_5,Burgers,64,,0.043494966763226034,0.06994578374212969,5,0.005385100026614964,106,12
recycled_ritz,8,fixed_5,Burgers,65,,0.016625292036063777,0.10054054391634194,5,0.007824799977242947,112,12
recycled_ritz,8,fixed_5,Burgers,66,,0.020979026680033236,0.08431587631193634,5,0.004708699882030487,106,12
recycled_ritz,8,fixed_5,Burgers,67,,0.07815663875813576,0.04202628008946151,5,0.005709600052796304,102,12
recycled_ritz,8,fixed_5,Burgers,68,,0.010885362307990974,0.20705105792545012,5,0.004528100020252168,104,12
recycled_ritz,8,fixed_5,Burgers,69,,0.018177555441926205,0.05510791338425962,5,0.005091500002890825,100,12
recycled_ritz,8,adaptive,Allen-Cahn,75,,0.001148986380794209,0.24478447346058754,5,0.003153200028464198,54,12
recycled_ritz,8,adaptive,Allen-Cahn,76,,0.002231439972443518,0.1198920810829619,5,0.00155440007802099,58,12
recycled_ritz,8,adaptive,Allen-Cahn,77,,0.008494788636628467,0.39049687523095344,5,0.0020358000183477998,62,12
recycled_ritz,8,adaptive,Allen-Cahn,78,,0.0011245311336911248,0.28167797695039015,5,0.002781400107778609,60,12
recycled_ritz,8,adaptive,Allen-Cahn,79,,0.0024337108762214673,0.46672331054507077,5,0.0037015998968854547,60,12
recycled_ritz,8,adaptive,Allen-Cahn,80,,0.004621811300425388,0.36626326604464865,5,0.0033077000407502055,56,12
recycled_ritz,8,adaptive,Allen-Cahn,82,,0.006450907288646667,0.15552413475285662,5,0.0026742001064121723,64,12
recycled_ritz,8,adaptive,Allen-Cahn,83,,0.005907271644938166,0.21819187736901235,5,0.0024332000175490975,56,12
recycled_ritz,8,adaptive,Allen-Cahn,84,,0.050664255941609664,0.2785667026014691,5,0.0031393999233841896,62,12
recycled_ritz,8,adaptive,Burgers,55,,0.006391324437302031,0.0789616526557739,5,0.006902399938553572,98,12
recycled_ritz,8,adaptive,Burgers,56,,0.02930844659355064,0.09228635643654069,5,0.004510099999606609,94,12
recycled_ritz,8,adaptive,Burgers,58,,0.009269717916417758,0.014205395893809295,5,0.00508179992903024,106,12
recycled_ritz,8,adaptive,Burgers,59,,0.05539734323117221,0.021715011005310245,5,0.005034400033764541,112,12
recycled_ritz,8,adaptive,Burgers,60,,0.006886966500174973,0.09673677812460832,5,0.005496199941262603,108,12
recycled_ritz,8,adaptive,Burgers,62,,0.015542635744462404,0.07110291928182814,5,0.008187399944290519,100,12
recycled_ritz,8,adaptive,Burgers,64,,0.043494966763226034,0.06994578374212969,5,0.005385100026614964,106,12
recycled_ritz,8,adaptive,Burgers,65,,0.016625292036063777,0.10054054391634194,5,0.007824799977242947,112,12
recycled_ritz,8,adaptive,Burgers,66,,0.020979026680033236,0.08431587631193634,5,0.004708699882030487,106,12
recycled_ritz,8,adaptive,Burgers,67,,0.07815663875813576,0.04202628008946151,5,0.005709600052796304,102,12
recycled_ritz,8,adaptive,Burgers,68,,0.010885362307990974,0.20705105792545012,5,0.004528100020252168,104,12
recycled_ritz,8,adaptive,Burgers,69,,0.018177555441926205,0.05510791338425962,5,0.005091500002890825,100,12
recycled_ritz,16,fixed_0,Allen-Cahn,75,,0.0016478256462796122,0.24478447346058754,0,0.0022501000203192234,54,2
recycled_ritz,16,fixed_0,Allen-Cahn,76,,0.0029112783478400343,0.1198920810829619,0,0.0018188999965786934,58,2
recycled_ritz,16,fixed_0,Allen-Cahn,77,,0.009332942350835987,0.39049687523095344,0,0.0024688999401405454,62,2
recycled_ritz,16,fixed_0,Allen-Cahn,78,,0.0014656584046046973,0.28167797695039015,0,0.002304399968124926,60,2
recycled_ritz,16,fixed_0,Allen-Cahn,79,,0.002874415417360489,0.46672331054507077,0,0.00238840002566576,60,2
recycled_ritz,16,fixed_0,Allen-Cahn,80,,0.0070305010990798274,0.36626326604464865,0,0.0027026000898331404,56,2
recycled_ritz,16,fixed_0,Allen-Cahn,82,,0.00922279983554665,0.15552413475285662,0,0.0014268000377342105,64,2
recycled_ritz,16,fixed_0,Allen-Cahn,83,,0.01294269891373847,0.21819187736901235,0,0.0013510999269783497,56,2
recycled_ritz,16,fixed_0,Allen-Cahn,84,,0.0541163837140787,0.2785667026014691,0,0.0017142000142484903,62,2
recycled_ritz,16,fixed_0,Burgers,55,,0.010072710497280481,0.0789616526557739,0,0.006190599990077317,98,2
recycled_ritz,16,fixed_0,Burgers,56,,0.03212017968931063,0.09228635643654069,0,0.004696000018157065,94,2
recycled_ritz,16,fixed_0,Burgers,58,,0.010509167972881582,0.014205395893809295,0,0.005359299946576357,106,2
recycled_ritz,16,fixed_0,Burgers,59,,0.0599441488213702,0.021715011005310245,0,0.005243499996140599,112,2
recycled_ritz,16,fixed_0,Burgers,60,,0.008626625357286847,0.09673677812460832,0,0.004408400040119886,108,2
recycled_ritz,16,fixed_0,Burgers,62,,0.019904348631842532,0.07110291928182814,0,0.006943099899217486,100,2
recycled_ritz,16,fixed_0,Burgers,64,,0.047850171755864784,0.06994578374212969,0,0.004647299996577203,106,2
recycled_ritz,16,fixed_0,Burgers,65,,0.018898221195743272,0.10054054391634194,0,0.007066000020131469,112,2
recycled_ritz,16,fixed_0,Burgers,66,,0.022436324952560146,0.08431587631193634,0,0.0032955999486148357,106,2
recycled_ritz,16,fixed_0,Burgers,67,,0.0820673815922296,0.04202628008946151,0,0.006195700028911233,102,2
recycled_ritz,16,fixed_0,Burgers,68,,0.01358726894184347,0.20705105792545012,0,0.004967699991539121,104,2
recycled_ritz,16,fixed_0,Burgers,69,,0.019567153664671055,0.05510791338425962,0,0.005095299915410578,100,2
recycled_ritz,16,fixed_1,Allen-Cahn,75,,0.001160728344450193,0.24478447346058754,1,0.002452300046570599,54,4
recycled_ritz,16,fixed_1,Allen-Cahn,76,,0.0016620964307605297,0.1198920810829619,1,0.0018646999960765243,58,4
recycled_ritz,16,fixed_1,Allen-Cahn,77,,0.00816285884731971,0.39049687523095344,1,0.002591499942354858,62,4
recycled_ritz,16,fixed_1,Allen-Cahn,78,,0.0010692756271605203,0.28167797695039015,1,0.0023786999518051744,60,4
recycled_ritz,16,fixed_1,Allen-Cahn,79,,0.002426279831559176,0.46672331054507077,1,0.0024497000267729163,60,4
recycled_ritz,16,fixed_1,Allen-Cahn,80,,0.003679348303670709,0.36626326604464865,1,0.0028065000660717487,56,4
recycled_ritz,16,fixed_1,Allen-Cahn,82,,0.006501794620618244,0.15552413475285662,1,0.0014717000303789973,64,4
recycled_ritz,16,fixed_1,Allen-Cahn,83,,0.005924894409083884,0.21819187736901235,1,0.001427799928933382,56,4
recycled_ritz,16,fixed_1,Allen-Cahn,84,,0.0495383764495938,0.2785667026014691,1,0.0017618000274524093,62,4
recycled_ritz,16,fixed_1,Burgers,55,,0.008318230734624591,0.0789616526557739,1,0.006297899992205203,98,4
recycled_ritz,16,fixed_1,Burgers,56,,0.030209681787692566,0.09228635643654069,1,0.004779700073413551,94,4
recycled_ritz,16,fixed_1,Burgers,58,,0.009613638105598685,0.014205395893809295,1,0.005447400035336614,106,4
recycled_ritz,16,fixed_1,Burgers,59,,0.05646270103361752,0.021715011005310245,1,0.00532919995021075,112,4
recycled_ritz,16,fixed_1,Burgers,60,,0.0077668945428921035,0.09673677812460832,1,0.004499300033785403,108,4
recycled_ritz,16,fixed_1,Burgers,62,,0.01617181006055078,0.07110291928182814,1,0.007056499947793782,100,4
recycled_ritz,16,fixed_1,Burgers,64,,0.04509595277532372,0.06994578374212969,1,0.004740600008517504,106,4
recycled_ritz,16,fixed_1,Burgers,65,,0.01681827677078793,0.10054054391634194,1,0.007172600016929209,112,4
recycled_ritz,16,fixed_1,Burgers,66,,0.02120707728317236,0.08431587631193634,1,0.003386500058695674,106,4
recycled_ritz,16,fixed_1,Burgers,67,,0.07931919513226653,0.04202628008946151,1,0.006313599995337427,102,4
recycled_ritz,16,fixed_1,Burgers,68,,0.011635620770792434,0.20705105792545012,1,0.005017300019972026,104,4
recycled_ritz,16,fixed_1,Burgers,69,,0.018748437368176323,0.05510791338425962,1,0.005197799997404218,100,4
recycled_ritz,16,fixed_3,Allen-Cahn,75,,0.0004616695712972545,0.24478447346058754,3,0.002782299998216331,54,8
recycled_ritz,16,fixed_3,Allen-Cahn,76,,0.0009729485117701624,0.1198920810829619,3,0.0019379000877961516,58,8
recycled_ritz,16,fixed_3,Allen-Cahn,77,,0.0035448115586297624,0.39049687523095344,3,0.002746499958448112,62,8
recycled_ritz,16,fixed_3,Allen-Cahn,78,,0.0007567787701069203,0.28167797695039015,3,0.0025052999844774604,60,8
recycled_ritz,16,fixed_3,Allen-Cahn,79,,0.0014852525973994856,0.46672331054507077,3,0.002547999960370362,60,8
recycled_ritz,16,fixed_3,Allen-Cahn,80,,0.001884108276556928,0.36626326604464865,3,0.0030863999854773283,56,8
recycled_ritz,16,fixed_3,Allen-Cahn,82,,0.004967703624983415,0.15552413475285662,3,0.001547300023958087,64,8
recycled_ritz,16,fixed_3,Allen-Cahn,83,,0.0038189425787801164,0.21819187736901235,3,0.001566199935041368,56,8
recycled_ritz,16,fixed_3,Allen-Cahn,84,,0.04114036561289818,0.2785667026014691,3,0.001838600030168891,62,8
recycled_ritz,16,fixed_3,Burgers,55,,0.007219946676439154,0.0789616526557739,3,0.006477199960500002,98,8
recycled_ritz,16,fixed_3,Burgers,56,,0.028814691998226307,0.09228635643654069,3,0.004940300015732646,94,8
recycled_ritz,16,fixed_3,Burgers,58,,0.009047750346670873,0.014205395893809295,3,0.0056287000188604,106,8
recycled_ritz,16,fixed_3,Burgers,59,,0.05222884930251925,0.021715011005310245,3,0.0054836999624967575,112,8
recycled_ritz,16,fixed_3,Burgers,60,,0.005977010482978493,0.09673677812460832,3,0.0046703999396413565,108,8
recycled_ritz,16,fixed_3,Burgers,62,,0.013713748792101604,0.07110291928182814,3,0.0072456999914720654,100,8
recycled_ritz,16,fixed_3,Burgers,64,,0.04117206587146527,0.06994578374212969,3,0.0048816999187693,106,8
recycled_ritz,16,fixed_3,Burgers,65,,0.014950746885687663,0.10054054391634194,3,0.0074230000609532,112,8
recycled_ritz,16,fixed_3,Burgers,66,,0.01984654915226391,0.08431587631193634,3,0.003545299987308681,106,8
recycled_ritz,16,fixed_3,Burgers,67,,0.07443281672601944,0.04202628008946151,3,0.0065237000817433,102,8
recycled_ritz,16,fixed_3,Burgers,68,,0.010121892561603755,0.20705105792545012,3,0.005099199945107102,104,8
recycled_ritz,16,fixed_3,Burgers,69,,0.017591892818242243,0.05510791338425962,3,0.005380899994634092,100,8
recycled_ritz,16,fixed_5,Allen-Cahn,75,,0.00024347961595707352,0.24478447346058754,5,0.0030992000829428434,54,12
recycled_ritz,16,fixed_5,Allen-Cahn,76,,0.0005976644464512618,0.1198920810829619,5,0.002009800053201616,58,12
recycled_ritz,16,fixed_5,Allen-Cahn,77,,0.001725874938482898,0.39049687523095344,5,0.0028983999509364367,62,12
recycled_ritz,16,fixed_5,Allen-Cahn,78,,0.0006847924160803915,0.28167797695039015,5,0.0027617999585345387,60,12
recycled_ritz,16,fixed_5,Allen-Cahn,79,,0.0006826538307401751,0.46672331054507077,5,0.002644499996677041,60,12
recycled_ritz,16,fixed_5,Allen-Cahn,80,,0.00018879118553417177,0.36626326604464865,5,0.0034836999839171767,56,12
recycled_ritz,16,fixed_5,Allen-Cahn,82,,0.0029642941525132725,0.15552413475285662,5,0.0016214000061154366,64,12
recycled_ritz,16,fixed_5,Allen-Cahn,83,,0.001748904046226734,0.21819187736901235,5,0.0017177999252453446,56,12
recycled_ritz,16,fixed_5,Allen-Cahn,84,,0.034296637289883,0.2785667026014691,5,0.0019128000130876899,62,12
recycled_ritz,16,fixed_5,Burgers,55,,0.006153986658761418,0.0789616526557739,5,0.0066562999272719026,98,12
recycled_ritz,16,fixed_5,Burgers,56,,0.027171561914019628,0.09228635643654069,5,0.005095599917694926,94,12
recycled_ritz,16,fixed_5,Burgers,58,,0.008484763621968653,0.014205395893809295,5,0.005804099957458675,106,12
recycled_ritz,16,fixed_5,Burgers,59,,0.0491262346260941,0.021715011005310245,5,0.005627799895592034,112,12
recycled_ritz,16,fixed_5,Burgers,60,,0.0054410867658868855,0.09673677812460832,5,0.0048232999397441745,108,12
recycled_ritz,16,fixed_5,Burgers,62,,0.012463167852584866,0.07110291928182814,5,0.007436199928633869,100,12
recycled_ritz,16,fixed_5,Burgers,64,,0.03822089834893584,0.06994578374212969,5,0.005017499905079603,106,12
recycled_ritz,16,fixed_5,Burgers,65,,0.013677440918383958,0.10054054391634194,5,0.007556700031273067,112,12
recycled_ritz,16,fixed_5,Burgers,66,,0.018756562126138753,0.08431587631193634,5,0.0037040000315755606,106,12
recycled_ritz,16,fixed_5,Burgers,67,,0.07257403447934652,0.04202628008946151,5,0.006731100031174719,102,12
recycled_ritz,16,fixed_5,Burgers,68,,0.009285167549759272,0.20705105792545012,5,0.005181999993510544,104,12
recycled_ritz,16,fixed_5,Burgers,69,,0.01622305770332579,0.05510791338425962,5,0.005561299971304834,100,12
recycled_ritz,16,adaptive,Allen-Cahn,75,,0.0003332268410549594,0.24478447346058754,4,0.002940800040960312,54,10
recycled_ritz,16,adaptive,Allen-Cahn,76,,0.0005976644464512618,0.1198920810829619,5,0.002009800053201616,58,12
recycled_ritz,16,adaptive,Allen-Cahn,77,,0.001725874938482898,0.39049687523095344,5,0.0028983999509364367,62,12
recycled_ritz,16,adaptive,Allen-Cahn,78,,0.0006847924160803915,0.28167797695039015,5,0.0027617999585345387,60,12
recycled_ritz,16,adaptive,Allen-Cahn,79,,0.0006826538307401751,0.46672331054507077,5,0.002644499996677041,60,12
recycled_ritz,16,adaptive,Allen-Cahn,80,,0.00018879118553417177,0.36626326604464865,5,0.0034836999839171767,56,12
recycled_ritz,16,adaptive,Allen-Cahn,82,,0.0029642941525132725,0.15552413475285662,5,0.0016214000061154366,64,12
recycled_ritz,16,adaptive,Allen-Cahn,83,,0.001748904046226734,0.21819187736901235,5,0.0017177999252453446,56,12
recycled_ritz,16,adaptive,Allen-Cahn,84,,0.034296637289883,0.2785667026014691,5,0.0019128000130876899,62,12
recycled_ritz,16,adaptive,Burgers,55,,0.006153986658761418,0.0789616526557739,5,0.0066562999272719026,98,12
recycled_ritz,16,adaptive,Burgers,56,,0.027171561914019628,0.09228635643654069,5,0.005095599917694926,94,12
recycled_ritz,16,adaptive,Burgers,58,,0.008484763621968653,0.014205395893809295,5,0.005804099957458675,106,12
recycled_ritz,16,adaptive,Burgers,59,,0.0491262346260941,0.021715011005310245,5,0.005627799895592034,112,12
recycled_ritz,16,adaptive,Burgers,60,,0.0054410867658868855,0.09673677812460832,5,0.0048232999397441745,108,12
recycled_ritz,16,adaptive,Burgers,62,,0.012463167852584866,0.07110291928182814,5,0.007436199928633869,100,12
recycled_ritz,16,adaptive,Burgers,64,,0.03822089834893584,0.06994578374212969,5,0.005017499905079603,106,12
recycled_ritz,16,adaptive,Burgers,65,,0.013677440918383958,0.10054054391634194,5,0.007556700031273067,112,12
recycled_ritz,16,adaptive,Burgers,66,,0.018756562126138753,0.08431587631193634,5,0.0037040000315755606,106,12
recycled_ritz,16,adaptive,Burgers,67,,0.07257403447934652,0.04202628008946151,5,0.006731100031174719,102,12
recycled_ritz,16,adaptive,Burgers,68,,0.009285167549759272,0.20705105792545012,5,0.005181999993510544,104,12
recycled_ritz,16,adaptive,Burgers,69,,0.01622305770332579,0.05510791338425962,5,0.005561299971304834,100,12
recycled_ritz,24,fixed_0,Allen-Cahn,75,,0.0016478256462796122,0.24478447346058754,0,0.0026727999793365598,54,2
recycled_ritz,24,fixed_0,Allen-Cahn,76,,0.0029112783478400343,0.1198920810829619,0,0.002464100020006299,58,2
recycled_ritz,24,fixed_0,Allen-Cahn,77,,0.009332942350835987,0.39049687523095344,0,0.002424399950541556,62,2
recycled_ritz,24,fixed_0,Allen-Cahn,78,,0.0014656584046046973,0.28167797695039015,0,0.00268480007071048,60,2
recycled_ritz,24,fixed_0,Allen-Cahn,79,,0.002874415417360489,0.46672331054507077,0,0.00354819989297539,60,2
recycled_ritz,24,fixed_0,Allen-Cahn,80,,0.0070305010990798274,0.36626326604464865,0,0.001762300031259656,56,2
recycled_ritz,24,fixed_0,Allen-Cahn,82,,0.00922279983554665,0.15552413475285662,0,0.0015452000079676509,64,2
recycled_ritz,24,fixed_0,Allen-Cahn,83,,0.01294269891373847,0.21819187736901235,0,0.0013132999883964658,56,2
recycled_ritz,24,fixed_0,Allen-Cahn,84,,0.0541163837140787,0.2785667026014691,0,0.0019028999377042055,62,2
recycled_ritz,24,fixed_0,Burgers,55,,0.010072710497280481,0.0789616526557739,0,0.005601700046099722,98,2
recycled_ritz,24,fixed_0,Burgers,56,,0.03212017968931063,0.09228635643654069,0,0.004644900094717741,94,2
recycled_ritz,24,fixed_0,Burgers,58,,0.010509167972881582,0.014205395893809295,0,0.004895400023087859,106,2
recycled_ritz,24,fixed_0,Burgers,59,,0.0599441488213702,0.021715011005310245,0,0.005815300042741001,112,2
recycled_ritz,24,fixed_0,Burgers,60,,0.008626625357286847,0.09673677812460832,0,0.005024700076319277,108,2
recycled_ritz,24,fixed_0,Burgers,62,,0.019904348631842532,0.07110291928182814,0,0.006485299905762076,100,2
recycled_ritz,24,fixed_0,Burgers,64,,0.047850171755864784,0.06994578374212969,0,0.005808799993246794,106,2
recycled_ritz,24,fixed_0,Burgers,65,,0.018898221195743272,0.10054054391634194,0,0.009043600060977042,112,2
recycled_ritz,24,fixed_0,Burgers,66,,0.022436324952560146,0.08431587631193634,0,0.004991799942217767,106,2
recycled_ritz,24,fixed_0,Burgers,67,,0.0820673815922296,0.04202628008946151,0,0.006455100025050342,102,2
recycled_ritz,24,fixed_0,Burgers,68,,0.01358726894184347,0.20705105792545012,0,0.004255899926647544,104,2
recycled_ritz,24,fixed_0,Burgers,69,,0.019567153664671055,0.05510791338425962,0,0.006631299969740212,100,2
recycled_ritz,24,fixed_1,Allen-Cahn,75,,7.641027003295064e-05,0.24478447346058754,1,0.002773500047624111,54,4
recycled_ritz,24,fixed_1,Allen-Cahn,76,,0.000357139020091864,0.1198920810829619,1,0.002521499991416931,58,4
recycled_ritz,24,fixed_1,Allen-Cahn,77,,0.006176207271980089,0.39049687523095344,1,0.002502199960872531,62,4
recycled_ritz,24,fixed_1,Allen-Cahn,78,,0.0007102532071475572,0.28167797695039015,1,0.0027824999997392297,60,4
recycled_ritz,24,fixed_1,Allen-Cahn,79,,0.0012180994086009704,0.46672331054507077,1,0.003635199973359704,60,4
recycled_ritz,24,fixed_1,Allen-Cahn,80,,0.00029322944483080413,0.36626326604464865,1,0.0018609999679028988,56,4
recycled_ritz,24,fixed_1,Allen-Cahn,82,,0.002787755128070645,0.15552413475285662,1,0.0015917000127956271,64,4
recycled_ritz,24,fixed_1,Allen-Cahn,83,,0.0013974329237194365,0.21819187736901235,1,0.001359199988655746,56,4
recycled_ritz,24,fixed_1,Allen-Cahn,84,,0.03681778747544388,0.2785667026014691,1,0.0019564999965950847,62,4
recycled_ritz,24,fixed_1,Burgers,55,,0.008831852906766085,0.0789616526557739,1,0.00566580006852746,98,4
recycled_ritz,24,fixed_1,Burgers,56,,0.0308410608894775,0.09228635643654069,1,0.004727700026705861,94,4
recycled_ritz,24,fixed_1,Burgers,58,,0.0097212336749065,0.014205395893809295,1,0.00500350003130734,106,4
recycled_ritz,24,fixed_1,Burgers,59,,0.05402142198643158,0.021715011005310245,1,0.005905200028792024,112,4
recycled_ritz,24,fixed_1,Burgers,60,,0.006546092388222351,0.09673677812460832,1,0.00521079997997731,108,4
recycled_ritz,24,fixed_1,Burgers,62,,0.016425518709176898,0.07110291928182814,1,0.0066009999718517065,100,4
recycled_ritz,24,fixed_1,Burgers,64,,0.04240413452376701,0.06994578374212969,1,0.005899099982343614,106,4
recycled_ritz,24,fixed_1,Burgers,65,,0.015634629097073968,0.10054054391634194,1,0.009167799958959222,112,4
recycled_ritz,24,fixed_1,Burgers,66,,0.02064364324269724,0.08431587631193634,1,0.005072299973107874,106,4
recycled_ritz,24,fixed_1,Burgers,67,,0.07590325085798878,0.04202628008946151,1,0.006571000092662871,102,4
recycled_ritz,24,fixed_1,Burgers,68,,0.012122376692963946,0.20705105792545012,1,0.004310699994675815,104,4
recycled_ritz,24,fixed_1,Burgers,69,,0.018113004841955292,0.05510791338425962,1,0.006701599922962487,100,4
recycled_ritz,24,fixed_3,Allen-Cahn,75,,6.796335308030088e-08,0.24478447346058754,3,0.00295290001668036,54,8
recycled_ritz,24,fixed_3,Allen-Cahn,76,,1.7178020794198362e-06,0.1198920810829619,3,0.0026024000253528357,58,8
recycled_ritz,24,fixed_3,Allen-Cahn,77,,0.0008179491942390502,0.39049687523095344,3,0.002639099955558777,62,8
recycled_ritz,24,fixed_3,Allen-Cahn,78,,2.5427446128614312e-05,0.28167797695039015,3,0.002934400108642876,60,8
recycled_ritz,24,fixed_3,Allen-Cahn,79,,1.2432826346125946e-05,0.46672331054507077,3,0.003771499963477254,60,8
recycled_ritz,24,fixed_3,Allen-Cahn,80,,2.2396626436793273e-07,0.36626326604464865,3,0.0020433999598026276,56,8
recycled_ritz,24,fixed_3,Allen-Cahn,82,,0.0004648917763048194,0.15552413475285662,3,0.0016699000261723995,64,8
recycled_ritz,24,fixed_3,Allen-Cahn,83,,5.147233704466582e-06,0.21819187736901235,3,0.0014391000149771571,56,8
recycled_ritz,24,fixed_3,Allen-Cahn,84,,0.016954980803263974,0.2785667026014691,3,0.0020384000381454825,62,8
recycled_ritz,24,fixed_3,Burgers,55,,0.007650949980198898,0.0789616526557739,3,0.005769600044004619,98,8
recycled_ritz,24,fixed_3,Burgers,56,,0.02346819910311918,0.09228635643654069,3,0.004888499970547855,94,8
recycled_ritz,24,fixed_3,Burgers,58,,0.007923751385915901,0.014205395893809295,3,0.005189300049096346,106,8
recycled_ritz,24,fixed_3,Burgers,59,,0.04734864622273935,0.021715011005310245,3,0.006062400061637163,112,8
recycled_ritz,24,fixed_3,Burgers,60,,0.005468328933142843,0.09673677812460832,3,0.005302299978211522,108,8
recycled_ritz,24,fixed_3,Burgers,62,,0.014064602008172153,0.07110291928182814,3,0.006817099987529218,100,8
recycled_ritz,24,fixed_3,Burgers,64,,0.03674781724527129,0.06994578374212969,3,0.006080600083805621,106,8
recycled_ritz,24,fixed_3,Burgers,65,,0.01441926881775074,0.10054054391634194,3,0.009385399986058474,112,8
recycled_ritz,24,fixed_3,Burgers,66,,0.018311607902950004,0.08431587631193634,3,0.00520919996779412,106,8
recycled_ritz,24,fixed_3,Burgers,67,,0.06976790989752607,0.04202628008946151,3,0.006778200040571392,102,8
recycled_ritz,24,fixed_3,Burgers,68,,0.009092477456483136,0.20705105792545012,3,0.00444019993301481,104,8
recycled_ritz,24,fixed_3,Burgers,69,,0.01471404312969,0.05510791338425962,3,0.0068150999723002315,100,8
recycled_ritz,24,fixed_5,Allen-Cahn,75,,2.358230310974601e-12,0.24478447346058754,5,0.003128000069409609,54,12
recycled_ritz,24,fixed_5,Allen-Cahn,76,,1.971642087006924e-09,0.1198920810829619,5,0.0026817999314516783,58,12
recycled_ritz,24,fixed_5,Allen-Cahn,77,,4.431216047327887e-05,0.39049687523095344,5,0.0027747000567615032,62,12
recycled_ritz,24,fixed_5,Allen-Cahn,78,,2.832754713283888e-09,0.28167797695039015,5,0.0030850000912323594,60,12
recycled_ritz,24,fixed_5,Allen-Cahn,79,,8.39312879967403e-08,0.46672331054507077,5,0.0039097999688237906,60,12
recycled_ritz,24,fixed_5,Allen-Cahn,80,,2.466781062568998e-10,0.36626326604464865,5,0.0022556999465450644,56,12
recycled_ritz,24,fixed_5,Allen-Cahn,82,,2.6404618046847275e-05,0.15552413475285662,5,0.0017558999825268984,64,12
recycled_ritz,24,fixed_5,Allen-Cahn,83,,4.4266157099216325e-08,0.21819187736901235,5,0.0015233999583870173,56,12
recycled_ritz,24,fixed_5,Allen-Cahn,84,,0.0007121816771269046,0.2785667026014691,5,0.0021199999609962106,62,12
recycled_ritz,24,fixed_5,Burgers,55,,0.005714208156091741,0.0789616526557739,5,0.005872000008821487,98,12
recycled_ritz,24,fixed_5,Burgers,56,,0.019706333324865898,0.09228635643654069,5,0.0049902000464499,94,12
recycled_ritz,24,fixed_5,Burgers,58,,0.006798869692140447,0.014205395893809295,5,0.005373000050894916,106,12
recycled_ritz,24,fixed_5,Burgers,59,,0.04382483075832643,0.021715011005310245,5,0.006216900073923171,112,12
recycled_ritz,24,fixed_5,Burgers,60,,0.004115829203025413,0.09673677812460832,5,0.00538119999691844,108,12
recycled_ritz,24,fixed_5,Burgers,62,,0.010194029600300006,0.07110291928182814,5,0.007045899983495474,100,12
recycled_ritz,24,fixed_5,Burgers,64,,0.026518690536327535,0.06994578374212969,5,0.006237800000235438,106,12
recycled_ritz,24,fixed_5,Burgers,65,,0.012800124332963514,0.10054054391634194,5,0.009591700043529272,112,12
recycled_ritz,24,fixed_5,Burgers,66,,0.015899241026158,0.08431587631193634,5,0.005360999959520996,106,12
recycled_ritz,24,fixed_5,Burgers,67,,0.056112881541866375,0.04202628008946151,5,0.0070047000190243125,102,12
recycled_ritz,24,fixed_5,Burgers,68,,0.007532862003119602,0.20705105792545012,5,0.004601299879141152,104,12
recycled_ritz,24,fixed_5,Burgers,69,,0.009070433145840748,0.05510791338425962,5,0.006917099934071302,100,12
recycled_ritz,24,adaptive,Allen-Cahn,75,,7.641027003295064e-05,0.24478447346058754,1,0.002773500047624111,54,4
recycled_ritz,24,adaptive,Allen-Cahn,76,,0.000357139020091864,0.1198920810829619,1,0.002521499991416931,58,4
recycled_ritz,24,adaptive,Allen-Cahn,77,,0.00018305147503319913,0.39049687523095344,4,0.0027064000023528934,62,10
recycled_ritz,24,adaptive,Allen-Cahn,78,,2.5427446128614312e-05,0.28167797695039015,3,0.002934400108642876,60,8
recycled_ritz,24,adaptive,Allen-Cahn,79,,0.00011882824499438762,0.46672331054507077,2,0.003706699935719371,60,6
recycled_ritz,24,adaptive,Allen-Cahn,80,,0.00029322944483080413,0.36626326604464865,1,0.0018609999679028988,56,4
recycled_ritz,24,adaptive,Allen-Cahn,82,,0.00019526610979310816,0.15552413475285662,4,0.001717100036330521,64,10
recycled_ritz,24,adaptive,Allen-Cahn,83,,8.595494305756457e-05,0.21819187736901235,2,0.0013983999378979206,56,6
recycled_ritz,24,adaptive,Allen-Cahn,84,,0.0007121816771269046,0.2785667026014691,5,0.0021199999609962106,62,12
recycled_ritz,24,adaptive,Burgers,55,,0.005714208156091741,0.0789616526557739,5,0.005872000008821487,98,12
recycled_ritz,24,adaptive,Burgers,56,,0.019706333324865898,0.09228635643654069,5,0.0049902000464499,94,12
recycled_ritz,24,adaptive,Burgers,58,,0.006798869692140447,0.014205395893809295,5,0.005373000050894916,106,12
recycled_ritz,24,adaptive,Burgers,59,,0.04382483075832643,0.021715011005310245,5,0.006216900073923171,112,12
recycled_ritz,24,adaptive,Burgers,60,,0.004115829203025413,0.09673677812460832,5,0.00538119999691844,108,12
recycled_ritz,24,adaptive,Burgers,62,,0.010194029600300006,0.07110291928182814,5,0.007045899983495474,100,12
recycled_ritz,24,adaptive,Burgers,64,,0.026518690536327535,0.06994578374212969,5,0.006237800000235438,106,12
recycled_ritz,24,adaptive,Burgers,65,,0.012800124332963514,0.10054054391634194,5,0.009591700043529272,112,12
recycled_ritz,24,adaptive,Burgers,66,,0.015899241026158,0.08431587631193634,5,0.005360999959520996,106,12
recycled_ritz,24,adaptive,Burgers,67,,0.056112881541866375,0.04202628008946151,5,0.0070047000190243125,102,12
recycled_ritz,24,adaptive,Burgers,68,,0.007532862003119602,0.20705105792545012,5,0.004601299879141152,104,12
recycled_ritz,24,adaptive,Burgers,69,,0.009070433145840748,0.05510791338425962,5,0.006917099934071302,100,12
hybrid_defect,8,fixed_0,Allen-Cahn,75,,0.0016478256462796122,0.24478447346058754,0,0.002794700092636049,55,3
hybrid_defect,8,fixed_0,Allen-Cahn,76,,0.0029112783478400343,0.1198920810829619,0,0.0027178999735042453,59,3
hybrid_defect,8,fixed_0,Allen-Cahn,77,,0.009332942350835987,0.39049687523095344,0,0.0017334000440314412,63,3
hybrid_defect,8,fixed_0,Allen-Cahn,78,,0.0014656584046046973,0.28167797695039015,0,0.0021971999667584896,61,3
hybrid_defect,8,fixed_0,Allen-Cahn,79,,0.002874415417360489,0.46672331054507077,0,0.002841099980287254,61,3
hybrid_defect,8,fixed_0,Allen-Cahn,80,,0.0070305010990798274,0.36626326604464865,0,0.0033877999521791935,57,3
hybrid_defect,8,fixed_0,Allen-Cahn,82,,0.00922279983554665,0.15552413475285662,0,0.0018045000033453107,65,3
hybrid_defect,8,fixed_0,Allen-Cahn,83,,0.01294269891373847,0.21819187736901235,0,0.002218600013293326,57,3
hybrid_defect,8,fixed_0,Allen-Cahn,84,,0.0541163837140787,0.2785667026014691,0,0.0024558001896366477,63,3
hybrid_defect,8,fixed_0,Burgers,55,,0.010072710497280481,0.0789616526557739,0,0.006366599933244288,99,3
hybrid_defect,8,fixed_0,Burgers,56,,0.03212017968931063,0.09228635643654069,0,0.003449499956332147,95,3
hybrid_defect,8,fixed_0,Burgers,58,,0.010509167972881582,0.014205395893809295,0,0.006328099989332259,107,3
hybrid_defect,8,fixed_0,Burgers,59,,0.0599441488213702,0.021715011005310245,0,0.005482599954120815,113,3
hybrid_defect,8,fixed_0,Burgers,60,,0.008626625357286847,0.09673677812460832,0,0.005796800018288195,109,3
hybrid_defect,8,fixed_0,Burgers,62,,0.019904348631842532,0.07110291928182814,0,0.005548600107431412,101,3
hybrid_defect,8,fixed_0,Burgers,64,,0.047850171755864784,0.06994578374212969,0,0.005450099939480424,107,3
hybrid_defect,8,fixed_0,Burgers,65,,0.018898221195743272,0.10054054391634194,0,0.0065228999592363834,113,3
hybrid_defect,8,fixed_0,Burgers,66,,0.022436324952560146,0.08431587631193634,0,0.004341199994087219,107,3
hybrid_defect,8,fixed_0,Burgers,67,,0.0820673815922296,0.04202628008946151,0,0.006082000094465911,103,3
hybrid_defect,8,fixed_0,Burgers,68,,0.01358726894184347,0.20705105792545012,0,0.004450600012205541,105,3
hybrid_defect,8,fixed_0,Burgers,69,,0.019567153664671055,0.05510791338425962,0,0.006230500061064959,101,3
hybrid_defect,8,fixed_1,Allen-Cahn,75,,0.0014394114965869972,0.24478447346058754,1,0.002894800156354904,55,5
hybrid_defect,8,fixed_1,Allen-Cahn,76,,0.0028271715489736286,0.1198920810829619,1,0.002803899929858744,59,5
hybrid_defect,8,fixed_1,Allen-Cahn,77,,0.009043850030616304,0.39049687523095344,1,0.0018844000296667218,63,5
hybrid_defect,8,fixed_1,Allen-Cahn,78,,0.0012158814983979523,0.28167797695039015,1,0.002280700020492077,61,5
hybrid_defect,8,fixed_1,Allen-Cahn,79,,0.0024376292504852412,0.46672331054507077,1,0.0029087000293657184,61,5
hybrid_defect,8,fixed_1,Allen-Cahn,80,,0.006462881839834634,0.36626326604464865,1,0.0034484999487176538,57,5
hybrid_defect,8,fixed_1,Allen-Cahn,82,,0.008207615386479343,0.15552413475285662,1,0.0018930999794974923,65,5
hybrid_defect,8,fixed_1,Allen-Cahn,83,,0.012673807860697162,0.21819187736901235,1,0.002305199974216521,57,5
hybrid_defect,8,fixed_1,Allen-Cahn,84,,0.053638709928722,0.2785667026014691,1,0.0025293001672253013,63,5
hybrid_defect,8,fixed_1,Burgers,55,,0.008363689748688168,0.0789616526557739,1,0.006480599986389279,99,5
hybrid_defect,8,fixed_1,Burgers,56,,0.03152709422173924,0.09228635643654069,1,0.003497699974104762,95,5
hybrid_defect,8,fixed_1,Burgers,58,,0.010163130397233723,0.014205395893809295,1,0.006427799933589995,107,5
hybrid_defect,8,fixed_1,Burgers,59,,0.057977507796188835,0.021715011005310245,1,0.00557250005658716,113,5
hybrid_defect,8,fixed_1,Burgers,60,,0.007098955157655276,0.09673677812460832,1,0.005916399997659028,109,5
hybrid_defect,8,fixed_1,Burgers,62,,0.01870461698090963,0.07110291928182814,1,0.005643300130032003,101,5
hybrid_defect,8,fixed_1,Burgers,64,,0.04667508602989995,0.06994578374212969,1,0.005537899909541011,107,5
hybrid_defect,8,fixed_1,Burgers,65,,0.017898059465203207,0.10054054391634194,1,0.00658409995958209,113,5
hybrid_defect,8,fixed_1,Burgers,66,,0.021883044502494585,0.08431587631193634,1,0.004424800048582256,107,5
hybrid_defect,8,fixed_1,Burgers,67,,0.08112872785237536,0.04202628008946151,1,0.0061446999898180366,103,5
hybrid_defect,8,fixed_1,Burgers,68,,0.012430268926472204,0.20705105792545012,1,0.0045010000467300415,105,5
hybrid_defect,8,fixed_1,Burgers,69,,0.01918484634738439,0.05510791338425962,1,0.00630880007520318,101,5
hybrid_defect,8,fixed_3,Allen-Cahn,75,,0.0013875336721657417,0.24478447346058754,3,0.0030706000979989767,55,9
hybrid_defect,8,fixed_3,Allen-Cahn,76,,0.002792731486196069,0.1198920810829619,3,0.0029721999308094382,59,9
hybrid_defect,8,fixed_3,Allen-Cahn,77,,0.008929959185111557,0.39049687523095344,3,0.0020215000258758664,63,9
hybrid_defect,8,fixed_3,Allen-Cahn,78,,0.0011799158824404117,0.28167797695039015,3,0.002432200009934604,61,9
hybrid_defect,8,fixed_3,Allen-Cahn,79,,0.002389390760352973,0.46672331054507077,3,0.003079300164245069,61,9
hybrid_defect,8,fixed_3,Allen-Cahn,80,,0.006203044889280099,0.36626326604464865,3,0.0035596999805420637,57,9
hybrid_defect,8,fixed_3,Allen-Cahn,82,,0.007893459559588511,0.15552413475285662,3,0.002055899938568473,65,9
hybrid_defect,8,fixed_3,Allen-Cahn,83,,0.012509569469673049,0.21819187736901235,3,0.0024624000070616603,57,9
hybrid_defect,8,fixed_3,Allen-Cahn,84,,0.052905251745179085,0.2785667026014691,3,0.00265520007815212,63,9
hybrid_defect,8,fixed_3,Burgers,55,,0.007115888651472191,0.0789616526557739,3,0.006639299914240837,99,9
hybrid_defect,8,fixed_3,Burgers,56,,0.031006794752988395,0.09228635643654069,3,0.0035764999920502305,95,9
hybrid_defect,8,fixed_3,Burgers,58,,0.00984951741977072,0.014205395893809295,3,0.0066142999567091465,107,9
hybrid_defect,8,fixed_3,Burgers,59,,0.057353588382360036,0.021715011005310245,3,0.005728799966163933,113,9
hybrid_defect,8,fixed_3,Burgers,60,,0.006659046283853606,0.09673677812460832,3,0.006132500013336539,109,9
hybrid_defect,8,fixed_3,Burgers,62,,0.01794219962128141,0.07110291928182814,3,0.005810200120322406,101,9
hybrid_defect,8,fixed_3,Burgers,64,,0.045059715488515006,0.06994578374212969,3,0.005704500013962388,107,9
hybrid_defect,8,fixed_3,Burgers,65,,0.01755990828496986,0.10054054391634194,3,0.006687300046905875,113,9
hybrid_defect,8,fixed_3,Burgers,66,,0.021757783167476598,0.08431587631193634,3,0.004581199958920479,107,9
hybrid_defect,8,fixed_3,Burgers,67,,0.08041472180482029,0.04202628008946151,3,0.006247400073334575,103,9
hybrid_defect,8,fixed_3,Burgers,68,,0.012000678159074478,0.20705105792545012,3,0.00457980006467551,105,9
hybrid_defect,8,fixed_3,Burgers,69,,0.01909733819010215,0.05510791338425962,3,0.006447200081311166,101,9
hybrid_defect,8,fixed_5,Allen-Cahn,75,,0.0013694924186079022,0.24478447346058754,5,0.0032702001044526696,55,13
hybrid_defect,8,fixed_5,Allen-Cahn,76,,0.0027614778997304985,0.1198920810829619,5,0.0031244999263435602,59,13
hybrid_defect,8,fixed_5,Allen-Cahn,77,,0.008861898661270561,0.39049687523095344,5,0.00214969995431602,63,13
hybrid_defect,8,fixed_5,Allen-Cahn,78,,0.0011726222335471514,0.28167797695039015,5,0.00258239998947829,61,13
hybrid_defect,8,fixed_5,Allen-Cahn,79,,0.002374762360285956,0.46672331054507077,5,0.003527000080794096,61,13
hybrid_defect,8,fixed_5,Allen-Cahn,80,,0.005870826780510846,0.36626326604464865,5,0.003742599976249039,57,13
hybrid_defect,8,fixed_5,Allen-Cahn,82,,0.007543933494558776,0.15552413475285662,5,0.002213299972936511,65,13
hybrid_defect,8,fixed_5,Allen-Cahn,83,,0.012495379244271042,0.21819187736901235,5,0.0026156000094488263,57,13
hybrid_defect,8,fixed_5,Allen-Cahn,84,,0.052648811314693296,0.2785667026014691,5,0.002780900103971362,63,13
hybrid_defect,8,fixed_5,Burgers,55,,0.006704017061371143,0.0789616526557739,5,0.006886799936182797,99,13
hybrid_defect,8,fixed_5,Burgers,56,,0.03086546349263845,0.09228635643654069,5,0.0036530999932438135,95,13
hybrid_defect,8,fixed_5,Burgers,58,,0.009512970105315613,0.014205395893809295,5,0.006789300008676946,107,13
hybrid_defect,8,fixed_5,Burgers,59,,0.05664538101505424,0.021715011005310245,5,0.005882999976165593,113,13
hybrid_defect,8,fixed_5,Burgers,60,,0.006104877392311743,0.09673677812460832,5,0.006306399940513074,109,13
hybrid_defect,8,fixed_5,Burgers,62,,0.01760698665599571,0.07110291928182814,5,0.005980500136502087,101,13
hybrid_defect,8,fixed_5,Burgers,64,,0.04421614292142281,0.06994578374212969,5,0.005861299927346408,107,13
hybrid_defect,8,fixed_5,Burgers,65,,0.0173509477324315,0.10054054391634194,5,0.0069818999618291855,113,13
hybrid_defect,8,fixed_5,Burgers,66,,0.02169782221877855,0.08431587631193634,5,0.004721199977211654,107,13
hybrid_defect,8,fixed_5,Burgers,67,,0.08037119102597677,0.04202628008946151,5,0.006347500020638108,103,13
hybrid_defect,8,fixed_5,Burgers,68,,0.011849595131430721,0.20705105792545012,5,0.004660199978388846,105,13
hybrid_defect,8,fixed_5,Burgers,69,,0.019090450740497637,0.05510791338425962,5,0.006578100030310452,101,13
hybrid_defect,8,adaptive,Allen-Cahn,75,,0.0016478256462796122,0.24478447346058754,0,0.002794700092636049,55,3
hybrid_defect,8,adaptive,Allen-Cahn,76,,0.0029112783478400343,0.1198920810829619,0,0.0027178999735042453,59,3
hybrid_defect,8,adaptive,Allen-Cahn,77,,0.009332942350835987,0.39049687523095344,0,0.0017334000440314412,63,3
hybrid_defect,8,adaptive,Allen-Cahn,78,,0.0014656584046046973,0.28167797695039015,0,0.0021971999667584896,61,3
hybrid_defect,8,adaptive,Allen-Cahn,79,,0.002874415417360489,0.46672331054507077,0,0.002841099980287254,61,3
hybrid_defect,8,adaptive,Allen-Cahn,80,,0.0070305010990798274,0.36626326604464865,0,0.0033877999521791935,57,3
hybrid_defect,8,adaptive,Allen-Cahn,82,,0.007543933494558776,0.15552413475285662,5,0.002213299972936511,65,13
hybrid_defect,8,adaptive,Allen-Cahn,83,,0.01294269891373847,0.21819187736901235,0,0.002218600013293326,57,3
hybrid_defect,8,adaptive,Allen-Cahn,84,,0.0541163837140787,0.2785667026014691,0,0.0024558001896366477,63,3
hybrid_defect,8,adaptive,Burgers,55,,0.006704017061371143,0.0789616526557739,5,0.006886799936182797,99,13
hybrid_defect,8,adaptive,Burgers,56,,0.03212017968931063,0.09228635643654069,0,0.003449499956332147,95,3
hybrid_defect,8,adaptive,Burgers,58,,0.010509167972881582,0.014205395893809295,0,0.006328099989332259,107,3
hybrid_defect,8,adaptive,Burgers,59,,0.05664538101505424,0.021715011005310245,5,0.005882999976165593,113,13
hybrid_defect,8,adaptive,Burgers,60,,0.006104877392311743,0.09673677812460832,5,0.006306399940513074,109,13
hybrid_defect,8,adaptive,Burgers,62,,0.01760698665599571,0.07110291928182814,5,0.005980500136502087,101,13
hybrid_defect,8,adaptive,Burgers,64,,0.04421614292142281,0.06994578374212969,5,0.005861299927346408,107,13
hybrid_defect,8,adaptive,Burgers,65,,0.018898221195743272,0.10054054391634194,0,0.0065228999592363834,113,3
hybrid_defect,8,adaptive,Burgers,66,,0.022436324952560146,0.08431587631193634,0,0.004341199994087219,107,3
hybrid_defect,8,adaptive,Burgers,67,,0.0820673815922296,0.04202628008946151,0,0.006082000094465911,103,3
hybrid_defect,8,adaptive,Burgers,68,,0.011849595131430721,0.20705105792545012,5,0.004660199978388846,105,13
hybrid_defect,8,adaptive,Burgers,69,,0.019567153664671055,0.05510791338425962,0,0.006230500061064959,101,3
hybrid_defect,16,fixed_0,Allen-Cahn,75,,0.0016478256462796122,0.24478447346058754,0,0.002883200068026781,55,3
hybrid_defect,16,fixed_0,Allen-Cahn,76,,0.0029112783478400343,0.1198920810829619,0,0.0013325999025255442,59,3
hybrid_defect,16,fixed_0,Allen-Cahn,77,,0.009332942350835987,0.39049687523095344,0,0.0026860999641939998,63,3
hybrid_defect,16,fixed_0,Allen-Cahn,78,,0.0014656584046046973,0.28167797695039015,0,0.002628499991260469,61,3
hybrid_defect,16,fixed_0,Allen-Cahn,79,,0.002874415417360489,0.46672331054507077,0,0.0022809000220149755,61,3
hybrid_defect,16,fixed_0,Allen-Cahn,80,,0.0070305010990798274,0.36626326604464865,0,0.0017825000686571002,57,3
hybrid_defect,16,fixed_0,Allen-Cahn,82,,0.00922279983554665,0.15552413475285662,0,0.0029974000062793493,65,3
hybrid_defect,16,fixed_0,Allen-Cahn,83,,0.01294269891373847,0.21819187736901235,0,0.0013258999679237604,57,3
hybrid_defect,16,fixed_0,Allen-Cahn,84,,0.0541163837140787,0.2785667026014691,0,0.001531899906694889,63,3
hybrid_defect,16,fixed_0,Burgers,55,,0.010072710497280481,0.0789616526557739,0,0.0062046999810263515,99,3
hybrid_defect,16,fixed_0,Burgers,56,,0.03212017968931063,0.09228635643654069,0,0.004346500034444034,95,3
hybrid_defect,16,fixed_0,Burgers,58,,0.010509167972881582,0.014205395893809295,0,0.006384700071066618,107,3
hybrid_defect,16,fixed_0,Burgers,59,,0.0599441488213702,0.021715011005310245,0,0.004235000000335276,113,3
hybrid_defect,16,fixed_0,Burgers,60,,0.008626625357286847,0.09673677812460832,0,0.006331400130875409,109,3
hybrid_defect,16,fixed_0,Burgers,62,,0.019904348631842532,0.07110291928182814,0,0.004676099983043969,101,3
hybrid_defect,16,fixed_0,Burgers,64,,0.047850171755864784,0.06994578374212969,0,0.005930999992415309,107,3
hybrid_defect,16,fixed_0,Burgers,65,,0.018898221195743272,0.10054054391634194,0,0.005251500057056546,113,3
hybrid_defect,16,fixed_0,Burgers,66,,0.022436324952560146,0.08431587631193634,0,0.005193999968469143,107,3
hybrid_defect,16,fixed_0,Burgers,67,,0.0820673815922296,0.04202628008946151,0,0.004661799990572035,103,3
hybrid_defect,16,fixed_0,Burgers,68,,0.01358726894184347,0.20705105792545012,0,0.004584899987094104,105,3
hybrid_defect,16,fixed_0,Burgers,69,,0.019567153664671055,0.05510791338425962,0,0.004997599986381829,101,3
hybrid_defect,16,fixed_1,Allen-Cahn,75,,0.0008766933062469087,0.24478447346058754,1,0.002993199974298477,55,5
hybrid_defect,16,fixed_1,Allen-Cahn,76,,0.00221761863991327,0.1198920810829619,1,0.0013764998875558376,59,5
hybrid_defect,16,fixed_1,Allen-Cahn,77,,0.00790057253278412,0.39049687523095344,1,0.002764299977570772,63,5
hybrid_defect,16,fixed_1,Allen-Cahn,78,,0.0006796887893353147,0.28167797695039015,1,0.0027118000434711576,61,5
hybrid_defect,16,fixed_1,Allen-Cahn,79,,0.0021234581259488967,0.46672331054507077,1,0.002368599991314113,61,5
hybrid_defect,16,fixed_1,Allen-Cahn,80,,0.00415069115188293,0.36626326604464865,1,0.0018780999816954136,57,5
hybrid_defect,16,fixed_1,Allen-Cahn,82,,0.005225400839595873,0.15552413475285662,1,0.0031444000778719783,65,5
hybrid_defect,16,fixed_1,Allen-Cahn,83,,0.005579580100791538,0.21819187736901235,1,0.0014374000020325184,57,5
hybrid_defect,16,fixed_1,Allen-Cahn,84,,0.050268425657792194,0.2785667026014691,1,0.0016313999658450484,63,5
hybrid_defect,16,fixed_1,Burgers,55,,0.006496811731155031,0.0789616526557739,1,0.0063171000219881535,99,5
hybrid_defect,16,fixed_1,Burgers,56,,0.029470729225396397,0.09228635643654069,1,0.004425799939781427,95,5
hybrid_defect,16,fixed_1,Burgers,58,,0.009062829010896311,0.014205395893809295,1,0.0065058000618591905,107,5
hybrid_defect,16,fixed_1,Burgers,59,,0.05481583287344025,0.021715011005310245,1,0.004295699996873736,113,5
hybrid_defect,16,fixed_1,Burgers,60,,0.006212735704775844,0.09673677812460832,1,0.006421000114642084,109,5
hybrid_defect,16,fixed_1,Burgers,62,,0.0152054066022476,0.07110291928182814,1,0.004762899945490062,101,5
hybrid_defect,16,fixed_1,Burgers,64,,0.044656021821194505,0.06994578374212969,1,0.006025300011970103,107,5
hybrid_defect,16,fixed_1,Burgers,65,,0.016728309535702524,0.10054054391634194,1,0.0053007000824436545,113,5
hybrid_defect,16,fixed_1,Burgers,66,,0.020918034495816796,0.08431587631193634,1,0.00527729990426451,107,5
hybrid_defect,16,fixed_1,Burgers,67,,0.07804300968338325,0.04202628008946151,1,0.004723499994724989,103,5
hybrid_defect,16,fixed_1,Burgers,68,,0.01066280417300342,0.20705105792545012,1,0.0046623998787254095,105,5
hybrid_defect,16,fixed_1,Burgers,69,,0.018298201853849817,0.05510791338425962,1,0.005076700006611645,101,5
hybrid_defect,16,fixed_3,Allen-Cahn,75,,0.0005030588262335737,0.24478447346058754,3,0.0032076999777927995,55,9
hybrid_defect,16,fixed_3,Allen-Cahn,76,,0.001302693434851403,0.1198920810829619,3,0.001455299905501306,59,9
hybrid_defect,16,fixed_3,Allen-Cahn,77,,0.006273343689476302,0.39049687523095344,3,0.0028689999599009752,63,9
hybrid_defect,16,fixed_3,Allen-Cahn,78,,0.0004895887276536046,0.28167797695039015,3,0.002863900037482381,61,9
hybrid_defect,16,fixed_3,Allen-Cahn,79,,0.0018998539167978214,0.46672331054507077,3,0.0024714000755921006,61,9
hybrid_defect,16,fixed_3,Allen-Cahn,80,,0.001959643464357154,0.36626326604464865,3,0.0020466999849304557,57,9
hybrid_defect,16,fixed_3,Allen-Cahn,82,,0.004416267678244765,0.15552413475285662,3,0.003376099979504943,65,9
hybrid_defect,16,fixed_3,Allen-Cahn,83,,0.003249993347787117,0.21819187736901235,3,0.0016126999398693442,57,9
hybrid_defect,16,fixed_3,Allen-Cahn,84,,0.04618961018517649,0.2785667026014691,3,0.0017088999738916755,63,9
hybrid_defect,16,fixed_3,Burgers,55,,0.0055129389390208144,0.0789616526557739,3,0.006518100039102137,99,9
hybrid_defect,16,fixed_3,Burgers,56,,0.028280353545322042,0.09228635643654069,3,0.004563099937513471,95,9
hybrid_defect,16,fixed_3,Burgers,58,,0.008752540974887719,0.014205395893809295,3,0.006676500081084669,107,9
hybrid_defect,16,fixed_3,Burgers,59,,0.05294583859017799,0.021715011005310245,3,0.004376099910587072,113,9
hybrid_defect,16,fixed_3,Burgers,60,,0.005594638537035624,0.09673677812460832,3,0.006579100154340267,109,9
hybrid_defect,16,fixed_3,Burgers,62,,0.013016911292172487,0.07110291928182814,3,0.004919599974527955,101,9
hybrid_defect,16,fixed_3,Burgers,64,,0.0418920745118022,0.06994578374212969,3,0.006189399980939925,107,9
hybrid_defect,16,fixed_3,Burgers,65,,0.015589279685174387,0.10054054391634194,3,0.005381499999202788,113,9
hybrid_defect,16,fixed_3,Burgers,66,,0.019926005892581138,0.08431587631193634,3,0.005417199921794236,107,9
hybrid_defect,16,fixed_3,Burgers,67,,0.07492173541643948,0.04202628008946151,3,0.0048269999679178,103,9
hybrid_defect,16,fixed_3,Burgers,68,,0.00959650135194275,0.20705105792545012,3,0.004805399919860065,105,9
hybrid_defect,16,fixed_3,Burgers,69,,0.01768420905484912,0.05510791338425962,3,0.005280300043523312,101,9
hybrid_defect,16,fixed_5,Allen-Cahn,75,,0.0003947373833482439,0.24478447346058754,5,0.0034018000587821007,55,13
hybrid_defect,16,fixed_5,Allen-Cahn,76,,0.0010126569477135392,0.1198920810829619,5,0.001531299902126193,59,13
hybrid_defect,16,fixed_5,Allen-Cahn,77,,0.005847222934075126,0.39049687523095344,5,0.0029541999101638794,63,13
hybrid_defect,16,fixed_5,Allen-Cahn,78,,0.00043778497141499736,0.28167797695039015,5,0.003014700021594763,61,13
hybrid_defect,16,fixed_5,Allen-Cahn,79,,0.0018153887005227622,0.46672331054507077,5,0.002567299990914762,61,13
hybrid_defect,16,fixed_5,Allen-Cahn,80,,0.0009553795803129317,0.36626326604464865,5,0.0022205000277608633,57,13
hybrid_defect,16,fixed_5,Allen-Cahn,82,,0.0033253081374531074,0.15552413475285662,5,0.0035325000062584877,65,13
hybrid_defect,16,fixed_5,Allen-Cahn,83,,0.0012523605394761399,0.21819187736901235,5,0.0017807999392971396,57,13
hybrid_defect,16,fixed_5,Allen-Cahn,84,,0.044119109483606186,0.2785667026014691,5,0.0018109000520780683,63,13
hybrid_defect,16,fixed_5,Burgers,55,,0.0049423879942893595,0.0789616526557739,5,0.006719000055454671,99,13
hybrid_defect,16,fixed_5,Burgers,56,,0.02777645445688865,0.09228635643654069,5,0.004698800039477646,95,13
hybrid_defect,16,fixed_5,Burgers,58,,0.008380185738449229,0.014205395893809295,5,0.006822300027124584,107,13
hybrid_defect,16,fixed_5,Burgers,59,,0.051566251906186494,0.021715011005310245,5,0.004454299923963845,113,13
hybrid_defect,16,fixed_5,Burgers,60,,0.005441209557540874,0.09673677812460832,5,0.006787400110624731,109,13
hybrid_defect,16,fixed_5,Burgers,62,,0.012340126722435011,0.07110291928182814,5,0.005073699983768165,101,13
hybrid_defect,16,fixed_5,Burgers,64,,0.04001560891917608,0.06994578374212969,5,0.006346500013023615,107,13
hybrid_defect,16,fixed_5,Burgers,65,,0.015436960267099733,0.10054054391634194,5,0.005462300032377243,113,13
hybrid_defect,16,fixed_5,Burgers,66,,0.019643266015290654,0.08431587631193634,5,0.005559499957598746,107,13
hybrid_defect,16,fixed_5,Burgers,67,,0.07428836139116464,0.04202628008946151,5,0.005023799953050911,103,13
hybrid_defect,16,fixed_5,Burgers,68,,0.009144576392654572,0.20705105792545012,5,0.004941799910739064,105,13
hybrid_defect,16,fixed_5,Burgers,69,,0.01744995882942259,0.05510791338425962,5,0.005484800087288022,101,13
hybrid_defect,16,adaptive,Allen-Cahn,75,,0.0016478256462796122,0.24478447346058754,0,0.002883200068026781,55,3
hybrid_defect,16,adaptive,Allen-Cahn,76,,0.0029112783478400343,0.1198920810829619,0,0.0013325999025255442,59,3
hybrid_defect,16,adaptive,Allen-Cahn,77,,0.005847222934075126,0.39049687523095344,5,0.0029541999101638794,63,13
hybrid_defect,16,adaptive,Allen-Cahn,78,,0.0014656584046046973,0.28167797695039015,0,0.002628499991260469,61,3
hybrid_defect,16,adaptive,Allen-Cahn,79,,0.002874415417360489,0.46672331054507077,0,0.0022809000220149755,61,3
hybrid_defect,16,adaptive,Allen-Cahn,80,,0.0009553795803129317,0.36626326604464865,5,0.0022205000277608633,57,13
hybrid_defect,16,adaptive,Allen-Cahn,82,,0.0033253081374531074,0.15552413475285662,5,0.0035325000062584877,65,13
hybrid_defect,16,adaptive,Allen-Cahn,83,,0.0012523605394761399,0.21819187736901235,5,0.0017807999392971396,57,13
hybrid_defect,16,adaptive,Allen-Cahn,84,,0.044119109483606186,0.2785667026014691,5,0.0018109000520780683,63,13
hybrid_defect,16,adaptive,Burgers,55,,0.0049423879942893595,0.0789616526557739,5,0.006719000055454671,99,13
hybrid_defect,16,adaptive,Burgers,56,,0.02777645445688865,0.09228635643654069,5,0.004698800039477646,95,13
hybrid_defect,16,adaptive,Burgers,58,,0.008380185738449229,0.014205395893809295,5,0.006822300027124584,107,13
hybrid_defect,16,adaptive,Burgers,59,,0.051566251906186494,0.021715011005310245,5,0.004454299923963845,113,13
hybrid_defect,16,adaptive,Burgers,60,,0.005441209557540874,0.09673677812460832,5,0.006787400110624731,109,13
hybrid_defect,16,adaptive,Burgers,62,,0.012340126722435011,0.07110291928182814,5,0.005073699983768165,101,13
hybrid_defect,16,adaptive,Burgers,64,,0.04001560891917608,0.06994578374212969,5,0.006346500013023615,107,13
hybrid_defect,16,adaptive,Burgers,65,,0.015436960267099733,0.10054054391634194,5,0.005462300032377243,113,13
hybrid_defect,16,adaptive,Burgers,66,,0.019643266015290654,0.08431587631193634,5,0.005559499957598746,107,13
hybrid_defect,16,adaptive,Burgers,67,,0.07428836139116464,0.04202628008946151,5,0.005023799953050911,103,13
hybrid_defect,16,adaptive,Burgers,68,,0.009144576392654572,0.20705105792545012,5,0.004941799910739064,105,13
hybrid_defect,16,adaptive,Burgers,69,,0.01744995882942259,0.05510791338425962,5,0.005484800087288022,101,13
hybrid_defect,24,fixed_0,Allen-Cahn,75,,0.0016478256462796122,0.24478447346058754,0,0.002854099962860346,55,3
hybrid_defect,24,fixed_0,Allen-Cahn,76,,0.0029112783478400343,0.1198920810829619,0,0.002467900048941374,59,3
hybrid_defect,24,fixed_0,Allen-Cahn,77,,0.009332942350835987,0.39049687523095344,0,0.002712800051085651,63,3
hybrid_defect,24,fixed_0,Allen-Cahn,78,,0.0014656584046046973,0.28167797695039015,0,0.0021129000233486295,61,3
hybrid_defect,24,fixed_0,Allen-Cahn,79,,0.002874415417360489,0.46672331054507077,0,0.002466500038281083,61,3
hybrid_defect,24,fixed_0,Allen-Cahn,80,,0.0070305010990798274,0.36626326604464865,0,0.0029884999385103583,57,3
hybrid_defect,24,fixed_0,Allen-Cahn,82,,0.00922279983554665,0.15552413475285662,0,0.002701799967326224,65,3
hybrid_defect,24,fixed_0,Allen-Cahn,83,,0.01294269891373847,0.21819187736901235,0,0.0012493999674916267,57,3
hybrid_defect,24,fixed_0,Allen-Cahn,84,,0.0541163837140787,0.2785667026014691,0,0.0036598999286070466,63,3
hybrid_defect,24,fixed_0,Burgers,55,,0.010072710497280481,0.0789616526557739,0,0.006299099884927273,99,3
hybrid_defect,24,fixed_0,Burgers,56,,0.03212017968931063,0.09228635643654069,0,0.004443499958142638,95,3
hybrid_defect,24,fixed_0,Burgers,58,,0.010509167972881582,0.014205395893809295,0,0.006207500002346933,107,3
hybrid_defect,24,fixed_0,Burgers,59,,0.0599441488213702,0.021715011005310245,0,0.005393399973399937,113,3
hybrid_defect,24,fixed_0,Burgers,60,,0.008626625357286847,0.09673677812460832,0,0.004026900045573711,109,3
hybrid_defect,24,fixed_0,Burgers,62,,0.019904348631842532,0.07110291928182814,0,0.005101399961858988,101,3
hybrid_defect,24,fixed_0,Burgers,64,,0.047850171755864784,0.06994578374212969,0,0.005622299970127642,107,3
hybrid_defect,24,fixed_0,Burgers,65,,0.018898221195743272,0.10054054391634194,0,0.005453200079500675,113,3
hybrid_defect,24,fixed_0,Burgers,66,,0.022436324952560146,0.08431587631193634,0,0.005688000004738569,107,3
hybrid_defect,24,fixed_0,Burgers,67,,0.0820673815922296,0.04202628008946151,0,0.006871900055557489,103,3
hybrid_defect,24,fixed_0,Burgers,68,,0.01358726894184347,0.20705105792545012,0,0.005018500029109418,105,3
hybrid_defect,24,fixed_0,Burgers,69,,0.019567153664671055,0.05510791338425962,0,0.004238600027747452,101,3
hybrid_defect,24,fixed_1,Allen-Cahn,75,,7.404892456005538e-05,0.24478447346058754,1,0.0029594999505206943,55,5
hybrid_defect,24,fixed_1,Allen-Cahn,76,,0.00018722442861320094,0.1198920810829619,1,0.0025535000022500753,59,5
hybrid_defect,24,fixed_1,Allen-Cahn,77,,0.0013998807340004629,0.39049687523095344,1,0.002798300003632903,63,5
hybrid_defect,24,fixed_1,Allen-Cahn,78,,0.00031244752333596754,0.28167797695039015,1,0.002181099960580468,61,5
hybrid_defect,24,fixed_1,Allen-Cahn,79,,0.00026235871233398186,0.46672331054507077,1,0.0025773000670596957,61,5
hybrid_defect,24,fixed_1,Allen-Cahn,80,,0.00017704178787115773,0.36626326604464865,1,0.003096099942922592,57,5
hybrid_defect,24,fixed_1,Allen-Cahn,82,,0.0015144928797483932,0.15552413475285662,1,0.0027869000332430005,65,5
hybrid_defect,24,fixed_1,Allen-Cahn,83,,0.0012754645622422755,0.21819187736901235,1,0.0012930999509990215,57,5
hybrid_defect,24,fixed_1,Allen-Cahn,84,,0.03548963155766734,0.2785667026014691,1,0.0037737999809905887,63,5
hybrid_defect,24,fixed_1,Burgers,55,,0.004445450032638972,0.0789616526557739,1,0.006361899897456169,99,5
hybrid_defect,24,fixed_1,Burgers,56,,0.027235536224348055,0.09228635643654069,1,0.004492899985052645,95,5
hybrid_defect,24,fixed_1,Burgers,58,,0.008487284492970301,0.014205395893809295,1,0.006324800080619752,107,5
hybrid_defect,24,fixed_1,Burgers,59,,0.0511985867316965,0.021715011005310245,1,0.005462300032377243,113,5
hybrid_defect,24,fixed_1,Burgers,60,,0.00401026741919747,0.09673677812460832,1,0.00407600007019937,109,5
hybrid_defect,24,fixed_1,Burgers,62,,0.011719810689345135,0.07110291928182814,1,0.005171099910512567,101,5
hybrid_defect,24,fixed_1,Burgers,64,,0.03919913621712099,0.06994578374212969,1,0.005674099898897111,107,5
hybrid_defect,24,fixed_1,Burgers,65,,0.013675754791326997,0.10054054391634194,1,0.005538200028240681,113,5
hybrid_defect,24,fixed_1,Burgers,66,,0.01953241781863216,0.08431587631193634,1,0.005778799997642636,107,5
hybrid_defect,24,fixed_1,Burgers,67,,0.072338399556242,0.04202628008946151,1,0.006985899992287159,103,5
hybrid_defect,24,fixed_1,Burgers,68,,0.008515254062614646,0.20705105792545012,1,0.00507020007353276,105,5
hybrid_defect,24,fixed_1,Burgers,69,,0.01722440786160241,0.05510791338425962,1,0.004300600034184754,101,5
hybrid_defect,24,fixed_3,Allen-Cahn,75,,1.0240853820826013e-07,0.24478447346058754,3,0.00318250001873821,55,9
hybrid_defect,24,fixed_3,Allen-Cahn,76,,5.243723601091963e-06,0.1198920810829619,3,0.0027068000053986907,59,9
hybrid_defect,24,fixed_3,Allen-Cahn,77,,0.0005438954719254177,0.39049687523095344,3,0.002953900024294853,63,9
hybrid_defect,24,fixed_3,Allen-Cahn,78,,0.00017934864370737654,0.28167797695039015,3,0.0022751999786123633,61,9
hybrid_defect,24,fixed_3,Allen-Cahn,79,,1.1381768349749749e-05,0.46672331054507077,3,0.0027775000780820847,61,9
hybrid_defect,24,fixed_3,Allen-Cahn,80,,5.467526913642745e-07,0.36626326604464865,3,0.0032917000353336334,57,9
hybrid_defect,24,fixed_3,Allen-Cahn,82,,0.0004170199375921703,0.15552413475285662,3,0.002940600039437413,65,9
hybrid_defect,24,fixed_3,Allen-Cahn,83,,3.177548319797297e-05,0.21819187736901235,3,0.0013695999514311552,57,9
hybrid_defect,24,fixed_3,Allen-Cahn,84,,0.018027245212293683,0.2785667026014691,3,0.004093799972906709,63,9
hybrid_defect,24,fixed_3,Burgers,55,,0.0038462237303797902,0.0789616526557739,3,0.006466599996201694,99,9
hybrid_defect,24,fixed_3,Burgers,56,,0.025858292529235265,0.09228635643654069,3,0.00457230000756681,95,9
hybrid_defect,24,fixed_3,Burgers,58,,0.00793442001995788,0.014205395893809295,3,0.006530100014060736,107,9
hybrid_defect,24,fixed_3,Burgers,59,,0.046969214355743194,0.021715011005310245,3,0.005718100001104176,113,9
hybrid_defect,24,fixed_3,Burgers,60,,0.003323857571689744,0.09673677812460832,3,0.004157199990004301,109,9
hybrid_defect,24,fixed_3,Burgers,62,,0.009717844436809613,0.07110291928182814,3,0.00529199989978224,101,9
hybrid_defect,24,fixed_3,Burgers,64,,0.03520819444534301,0.06994578374212969,3,0.005797199904918671,107,9
hybrid_defect,24,fixed_3,Burgers,65,,0.012227162672725257,0.10054054391634194,3,0.005685199983417988,113,9
hybrid_defect,24,fixed_3,Burgers,66,,0.017661154613822495,0.08431587631193634,3,0.005939200054854155,107,9
hybrid_defect,24,fixed_3,Burgers,67,,0.0685200063413255,0.04202628008946151,3,0.007189300027675927,103,9
hybrid_defect,24,fixed_3,Burgers,68,,0.0074300046940349715,0.20705105792545012,3,0.005182799999602139,105,9
hybrid_defect,24,fixed_3,Burgers,69,,0.015616249569056943,0.05510791338425962,3,0.004403500002808869,101,9
hybrid_defect,24,fixed_5,Allen-Cahn,75,,1.870498877596419e-11,0.24478447346058754,5,0.0033703999361023307,55,13
hybrid_defect,24,fixed_5,Allen-Cahn,76,,5.762767100124453e-09,0.1198920810829619,5,0.0028580999933183193,59,13
hybrid_defect,24,fixed_5,Allen-Cahn,77,,4.94526059424039e-05,0.39049687523095344,5,0.0031213000183925033,63,13
hybrid_defect,24,fixed_5,Allen-Cahn,78,,1.0125265338066953e-05,0.28167797695039015,5,0.0023777999449521303,61,13
hybrid_defect,24,fixed_5,Allen-Cahn,79,,9.912553077496952e-09,0.46672331054507077,5,0.0029721000464633107,61,13
hybrid_defect,24,fixed_5,Allen-Cahn,80,,4.4298446230368396e-10,0.36626326604464865,5,0.003484999993816018,57,13
hybrid_defect,24,fixed_5,Allen-Cahn,82,,1.3429053047775577e-05,0.15552413475285662,5,0.003090800018981099,65,13
hybrid_defect,24,fixed_5,Allen-Cahn,83,,1.4034466184778158e-07,0.21819187736901235,5,0.001446699956431985,57,13
hybrid_defect,24,fixed_5,Allen-Cahn,84,,0.01043844033379667,0.2785667026014691,5,0.004406000021845102,63,13
hybrid_defect,24,fixed_5,Burgers,55,,0.003628429080824362,0.0789616526557739,5,0.006569699966348708,99,13
hybrid_defect,24,fixed_5,Burgers,56,,0.02574200496987884,0.09228635643654069,5,0.004651399911381304,95,13
hybrid_defect,24,fixed_5,Burgers,58,,0.0077780833206360775,0.014205395893809295,5,0.006811400060541928,107,13
hybrid_defect,24,fixed_5,Burgers,59,,0.046087599355373564,0.021715011005310245,5,0.005963099887594581,113,13
hybrid_defect,24,fixed_5,Burgers,60,,0.002599960639419142,0.09673677812460832,5,0.004239800036884844,109,13
hybrid_defect,24,fixed_5,Burgers,62,,0.00828954377971976,0.07110291928182814,5,0.0053820000030100346,101,13
hybrid_defect,24,fixed_5,Burgers,64,,0.03291733891515812,0.06994578374212969,5,0.005891700042411685,107,13
hybrid_defect,24,fixed_5,Burgers,65,,0.011515870992870932,0.10054054391634194,5,0.005834400071762502,113,13
hybrid_defect,24,fixed_5,Burgers,66,,0.01663744938541261,0.08431587631193634,5,0.006096100085414946,107,13
hybrid_defect,24,fixed_5,Burgers,67,,0.0631622275590197,0.04202628008946151,5,0.007389900041744113,103,13
hybrid_defect,24,fixed_5,Burgers,68,,0.007220794063126716,0.20705105792545012,5,0.005313600064255297,105,13
hybrid_defect,24,fixed_5,Burgers,69,,0.014887487410101789,0.05510791338425962,5,0.004506400087848306,101,13
hybrid_defect,24,adaptive,Allen-Cahn,75,,7.404892456005538e-05,0.24478447346058754,1,0.0029594999505206943,55,5
hybrid_defect,24,adaptive,Allen-Cahn,76,,0.00018722442861320094,0.1198920810829619,1,0.0025535000022500753,59,5
hybrid_defect,24,adaptive,Allen-Cahn,77,,0.0007360193873084749,0.39049687523095344,2,0.002877200022339821,63,7
hybrid_defect,24,adaptive,Allen-Cahn,78,,0.00031244752333596754,0.28167797695039015,1,0.002181099960580468,61,5
hybrid_defect,24,adaptive,Allen-Cahn,79,,0.00026235871233398186,0.46672331054507077,1,0.0025773000670596957,61,5
hybrid_defect,24,adaptive,Allen-Cahn,80,,0.00017704178787115773,0.36626326604464865,1,0.003096099942922592,57,5
hybrid_defect,24,adaptive,Allen-Cahn,82,,0.0004170199375921703,0.15552413475285662,3,0.002940600039437413,65,9
hybrid_defect,24,adaptive,Allen-Cahn,83,,0.00032232972106996025,0.21819187736901235,2,0.00133200001437217,57,7
hybrid_defect,24,adaptive,Allen-Cahn,84,,0.01043844033379667,0.2785667026014691,5,0.004406000021845102,63,13
hybrid_defect,24,adaptive,Burgers,55,,0.003628429080824362,0.0789616526557739,5,0.006569699966348708,99,13
hybrid_defect,24,adaptive,Burgers,56,,0.02574200496987884,0.09228635643654069,5,0.004651399911381304,95,13
hybrid_defect,24,adaptive,Burgers,58,,0.0077780833206360775,0.014205395893809295,5,0.006811400060541928,107,13
hybrid_defect,24,adaptive,Burgers,59,,0.046087599355373564,0.021715011005310245,5,0.005963099887594581,113,13
hybrid_defect,24,adaptive,Burgers,60,,0.002599960639419142,0.09673677812460832,5,0.004239800036884844,109,13
hybrid_defect,24,adaptive,Burgers,62,,0.00828954377971976,0.07110291928182814,5,0.0053820000030100346,101,13
hybrid_defect,24,adaptive,Burgers,64,,0.03291733891515812,0.06994578374212969,5,0.005891700042411685,107,13
hybrid_defect,24,adaptive,Burgers,65,,0.011515870992870932,0.10054054391634194,5,0.005834400071762502,113,13
hybrid_defect,24,adaptive,Burgers,66,,0.01663744938541261,0.08431587631193634,5,0.006096100085414946,107,13
hybrid_defect,24,adaptive,Burgers,67,,0.0631622275590197,0.04202628008946151,5,0.007389900041744113,103,13
hybrid_defect,24,adaptive,Burgers,68,,0.007220794063126716,0.20705105792545012,5,0.005313600064255297,105,13
hybrid_defect,24,adaptive,Burgers,69,,0.014887487410101789,0.05510791338425962,5,0.004506400087848306,101,13
exact_gn,-1,fixed_0,Allen-Cahn,75,,0.0016478256462796122,0.24478447346058754,0,0.0026905001141130924,54,2
exact_gn,-1,fixed_0,Allen-Cahn,76,,0.0029112783478400343,0.1198920810829619,0,0.0015044999308884144,58,2
exact_gn,-1,fixed_0,Allen-Cahn,77,,0.009332942350835987,0.39049687523095344,0,0.00219140003900975,62,2
exact_gn,-1,fixed_0,Allen-Cahn,78,,0.0014656584046046973,0.28167797695039015,0,0.002152599976398051,60,2
exact_gn,-1,fixed_0,Allen-Cahn,79,,0.002874415417360489,0.46672331054507077,0,0.0023191000800579786,60,2
exact_gn,-1,fixed_0,Allen-Cahn,80,,0.0070305010990798274,0.36626326604464865,0,0.004200700088404119,56,2
exact_gn,-1,fixed_0,Allen-Cahn,82,,0.00922279983554665,0.15552413475285662,0,0.002444799989461899,64,2
exact_gn,-1,fixed_0,Allen-Cahn,83,,0.01294269891373847,0.21819187736901235,0,0.0021797000663354993,56,2
exact_gn,-1,fixed_0,Allen-Cahn,84,,0.0541163837140787,0.2785667026014691,0,0.0022906000958755612,62,2
exact_gn,-1,fixed_0,Burgers,55,,0.010072710497280481,0.0789616526557739,0,0.005808399990200996,98,2
exact_gn,-1,fixed_0,Burgers,56,,0.03212017968931063,0.09228635643654069,0,0.00450699997600168,94,2
exact_gn,-1,fixed_0,Burgers,58,,0.010509167972881582,0.014205395893809295,0,0.007920500007458031,106,2
exact_gn,-1,fixed_0,Burgers,59,,0.0599441488213702,0.021715011005310245,0,0.005471699987538159,112,2
exact_gn,-1,fixed_0,Burgers,60,,0.008626625357286847,0.09673677812460832,0,0.00491889996919781,108,2
exact_gn,-1,fixed_0,Burgers,62,,0.019904348631842532,0.07110291928182814,0,0.0030635000439360738,100,2
exact_gn,-1,fixed_0,Burgers,64,,0.047850171755864784,0.06994578374212969,0,0.0033087999327108264,106,2
exact_gn,-1,fixed_0,Burgers,65,,0.018898221195743272,0.10054054391634194,0,0.00499889999628067,112,2
exact_gn,-1,fixed_0,Burgers,66,,0.022436324952560146,0.08431587631193634,0,0.0028331000357866287,106,2
exact_gn,-1,fixed_0,Burgers,67,,0.0820673815922296,0.04202628008946151,0,0.005269899964332581,102,2
exact_gn,-1,fixed_0,Burgers,68,,0.01358726894184347,0.20705105792545012,0,0.004914499935694039,104,2
exact_gn,-1,fixed_0,Burgers,69,,0.019567153664671055,0.05510791338425962,0,0.006315300008282065,100,2
exact_gn,-1,fixed_1,Allen-Cahn,75,,6.2986393318904e-05,0.24478447346058754,1,0.002852400066331029,54,4
exact_gn,-1,fixed_1,Allen-Cahn,76,,5.87951112162306e-05,0.1198920810829619,1,0.001578299910761416,58,4
exact_gn,-1,fixed_1,Allen-Cahn,77,,0.0009530383594849757,0.39049687523095344,1,0.002316199941560626,62,4
exact_gn,-1,fixed_1,Allen-Cahn,78,,2.071399708831631e-05,0.28167797695039015,1,0.0022808999055996537,60,4
exact_gn,-1,fixed_1,Allen-Cahn,79,,0.0001209571640241286,0.46672331054507077,1,0.002414100104942918,60,4
exact_gn,-1,fixed_1,Allen-Cahn,80,,0.0001508016789259676,0.36626326604464865,1,0.004297600127756596,56,4
exact_gn,-1,fixed_1,Allen-Cahn,82,,0.0011015904208046988,0.15552413475285662,1,0.002577700070105493,64,4
exact_gn,-1,fixed_1,Allen-Cahn,83,,0.0012075792412662052,0.21819187736901235,1,0.0023146000457927585,56,4
exact_gn,-1,fixed_1,Allen-Cahn,84,,0.02184090990068095,0.2785667026014691,1,0.002421200042590499,62,4
exact_gn,-1,fixed_1,Burgers,55,,0.00045798059935025717,0.0789616526557739,1,0.006187999970279634,98,4
exact_gn,-1,fixed_1,Burgers,56,,0.004430780293794766,0.09228635643654069,1,0.004758100025355816,94,4
exact_gn,-1,fixed_1,Burgers,58,,0.00030093861299152847,0.014205395893809295,1,0.0080850999802351,106,4
exact_gn,-1,fixed_1,Burgers,59,,0.01695965452507942,0.021715011005310245,1,0.005703100003302097,112,4
exact_gn,-1,fixed_1,Burgers,60,,8.526466242011986e-05,0.09673677812460832,1,0.005134899984113872,108,4
exact_gn,-1,fixed_1,Burgers,62,,0.0003688871001924126,0.07110291928182814,1,0.0031883000629022717,100,4
exact_gn,-1,fixed_1,Burgers,64,,0.005203823775420763,0.06994578374212969,1,0.0034580000210553408,106,4
exact_gn,-1,fixed_1,Burgers,65,,0.0011284788458488023,0.10054054391634194,1,0.005279400036670268,112,4
exact_gn,-1,fixed_1,Burgers,66,,0.0008588328729675633,0.08431587631193634,1,0.003023900091648102,106,4
exact_gn,-1,fixed_1,Burgers,67,,0.017077898535161777,0.04202628008946151,1,0.005436399951577187,102,4
exact_gn,-1,fixed_1,Burgers,68,,0.00016544570469282507,0.20705105792545012,1,0.005122300004586577,104,4
exact_gn,-1,fixed_1,Burgers,69,,0.0014382333137979441,0.05510791338425962,1,0.006622199900448322,100,4
exact_gn,-1,fixed_3,Allen-Cahn,75,,2.470052364575382e-08,0.24478447346058754,3,0.003150800126604736,54,8
exact_gn,-1,fixed_3,Allen-Cahn,76,,6.148528034843849e-08,0.1198920810829619,3,0.0017081999685615301,58,8
exact_gn,-1,fixed_3,Allen-Cahn,77,,5.585019041239674e-07,0.39049687523095344,3,0.002543899929150939,62,8
exact_gn,-1,fixed_3,Allen-Cahn,78,,5.351690541262126e-09,0.28167797695039015,3,0.0025065999943763018,60,8
exact_gn,-1,fixed_3,Allen-Cahn,79,,1.4559289667271333e-08,0.46672331054507077,3,0.0025799000868573785,60,8
exact_gn,-1,fixed_3,Allen-Cahn,80,,7.147272622780237e-08,0.36626326604464865,3,0.004527300130575895,56,8
exact_gn,-1,fixed_3,Allen-Cahn,82,,7.428286150955497e-06,0.15552413475285662,3,0.00284169998485595,64,8
exact_gn,-1,fixed_3,Allen-Cahn,83,,7.859253598963365e-07,0.21819187736901235,3,0.002580300089903176,56,8
exact_gn,-1,fixed_3,Allen-Cahn,84,,7.677371298867597e-05,0.2785667026014691,3,0.0026786000235006213,62,8
exact_gn,-1,fixed_3,Burgers,55,,1.0072749388300736e-07,0.0789616526557739,3,0.006795699940994382,98,8
exact_gn,-1,fixed_3,Burgers,56,,2.838602984606889e-05,0.09228635643654069,3,0.005239199963398278,94,8
exact_gn,-1,fixed_3,Burgers,58,,4.94438284086857e-07,0.014205395893809295,3,0.008405499975197017,106,8
exact_gn,-1,fixed_3,Burgers,59,,0.0005863117032256977,0.021715011005310245,3,0.00608640001155436,112,8
exact_gn,-1,fixed_3,Burgers,60,,4.1350834834062237e-08,0.09673677812460832,3,0.005660600028932095,108,8
exact_gn,-1,fixed_3,Burgers,62,,1.1666020824305317e-06,0.07110291928182814,3,0.003473500022664666,100,8
exact_gn,-1,fixed_3,Burgers,64,,3.600144340538329e-05,0.06994578374212969,3,0.0038216999964788556,106,8
exact_gn,-1,fixed_3,Burgers,65,,2.452532112585946e-06,0.10054054391634194,3,0.005688200006261468,112,8
exact_gn,-1,fixed_3,Burgers,66,,5.490845049179897e-07,0.08431587631193634,3,0.0034506000811234117,106,8
exact_gn,-1,fixed_3,Burgers,67,,0.00014545080064968523,0.04202628008946151,3,0.005752300028689206,102,8
exact_gn,-1,fixed_3,Burgers,68,,2.5805491177886547e-08,0.20705105792545012,3,0.00536940002348274,104,8
exact_gn,-1,fixed_3,Burgers,69,,4.6715453406858365e-06,0.05510791338425962,3,0.0072752999840304255,100,8
exact_gn,-1,adaptive,Allen-Cahn,75,,6.2986393318904e-05,0.24478447346058754,1,0.002852400066331029,54,4
exact_gn,-1,adaptive,Allen-Cahn,76,,5.87951112162306e-05,0.1198920810829619,1,0.001578299910761416,58,4
exact_gn,-1,adaptive,Allen-Cahn,77,,3.334441815323136e-05,0.39049687523095344,2,0.0024290999863296747,62,6
exact_gn,-1,adaptive,Allen-Cahn,78,,2.071399708831631e-05,0.28167797695039015,1,0.0022808999055996537,60,4
exact_gn,-1,adaptive,Allen-Cahn,79,,0.0001209571640241286,0.46672331054507077,1,0.002414100104942918,60,4
exact_gn,-1,adaptive,Allen-Cahn,80,,0.0001508016789259676,0.36626326604464865,1,0.004297600127756596,56,4
exact_gn,-1,adaptive,Allen-Cahn,82,,0.0011015904208046988,0.15552413475285662,1,0.002577700070105493,64,4
exact_gn,-1,adaptive,Allen-Cahn,83,,5.399471370348315e-05,0.21819187736901235,2,0.002440800075419247,56,6
exact_gn,-1,adaptive,Allen-Cahn,84,,7.677371298867597e-05,0.2785667026014691,3,0.0026786000235006213,62,8
exact_gn,-1,adaptive,Burgers,55,,0.00045798059935025717,0.0789616526557739,1,0.006187999970279634,98,4
exact_gn,-1,adaptive,Burgers,56,,0.0003137971051112749,0.09228635643654069,2,0.004995699971914291,94,6
exact_gn,-1,adaptive,Burgers,58,,0.00030093861299152847,0.014205395893809295,1,0.0080850999802351,106,4
exact_gn,-1,adaptive,Burgers,59,,0.0005863117032256977,0.021715011005310245,3,0.00608640001155436,112,8
exact_gn,-1,adaptive,Burgers,60,,8.526466242011986e-05,0.09673677812460832,1,0.005134899984113872,108,4
exact_gn,-1,adaptive,Burgers,62,,0.0003688871001924126,0.07110291928182814,1,0.0031883000629022717,100,4
exact_gn,-1,adaptive,Burgers,64,,0.0004385977041604437,0.06994578374212969,2,0.003663100069388747,106,6
exact_gn,-1,adaptive,Burgers,65,,4.979191727548776e-05,0.10054054391634194,2,0.005516599980182946,112,6
exact_gn,-1,adaptive,Burgers,66,,0.0008588328729675633,0.08431587631193634,1,0.003023900091648102,106,4
exact_gn,-1,adaptive,Burgers,67,,0.00014545080064968523,0.04202628008946151,3,0.005752300028689206,102,8
exact_gn,-1,adaptive,Burgers,68,,0.00016544570469282507,0.20705105792545012,1,0.005122300004586577,104,4
exact_gn,-1,adaptive,Burgers,69,,9.898954224190587e-05,0.05510791338425962,2,0.006911500007845461,100,6
